-- begin_signature
-- MainActivity
-- end_signature
WIDTH=8;
DEPTH=6400;

ADDRESS_RADIX=UNS;
DATA_RADIX=BIN;

CONTENT BEGIN
	6399 :	11111111;
	6398 :	11111111;
	6397 :	11111111;
	6396 :	11111111;
	6395 :	11111111;
	6394 :	11111111;
	6393 :	11111111;
	6392 :	11111111;
	6391 :	11111111;
	6390 :	11111111;
	6389 :	11111111;
	6388 :	11111111;
	6387 :	11111111;
	6386 :	11111111;
	6385 :	11111111;
	6384 :	11111111;
	6383 :	11111111;
	6382 :	11111111;
	6381 :	11111111;
	6380 :	11111111;
	6379 :	11111111;
	6378 :	11111111;
	6377 :	11111111;
	6376 :	11111111;
	6375 :	11111111;
	6374 :	11111111;
	6373 :	11111111;
	6372 :	11111111;
	6371 :	11111111;
	6370 :	11111111;
	6369 :	11111111;
	6368 :	11111111;
	6367 :	11111111;
	6366 :	11111111;
	6365 :	11111111;
	6364 :	11111111;
	6363 :	11111111;
	6362 :	11111111;
	6361 :	11111111;
	6360 :	11111111;
	6359 :	11111111;
	6358 :	11111111;
	6357 :	11111111;
	6356 :	11111111;
	6355 :	11111111;
	6354 :	11111111;
	6353 :	11111111;
	6352 :	11111111;
	6351 :	11111111;
	6350 :	11111111;
	6349 :	11111111;
	6348 :	11111111;
	6347 :	11111111;
	6346 :	11111111;
	6345 :	11111111;
	6344 :	11111111;
	6343 :	11111111;
	6342 :	11111111;
	6341 :	11111111;
	6340 :	11111111;
	6339 :	11111111;
	6338 :	11111111;
	6337 :	11111111;
	6336 :	11111111;
	6335 :	11111111;
	6334 :	11111111;
	6333 :	11111111;
	6332 :	11111111;
	6331 :	11111111;
	6330 :	11111111;
	6329 :	11111111;
	6328 :	11111111;
	6327 :	11111111;
	6326 :	11111111;
	6325 :	11111111;
	6324 :	11111111;
	6323 :	11111111;
	6322 :	11111111;
	6321 :	11111111;
	6320 :	11111111;
	6319 :	11111111;
	6318 :	11111111;
	6317 :	11111111;
	6316 :	11111111;
	6315 :	11111111;
	6314 :	11111111;
	6313 :	11111111;
	6312 :	11111111;
	6311 :	11111111;
	6310 :	11111111;
	6309 :	11111111;
	6308 :	11111111;
	6307 :	11111111;
	6306 :	11111111;
	6305 :	11111111;
	6304 :	11111111;
	6303 :	11111111;
	6302 :	11111111;
	6301 :	11111111;
	6300 :	11111111;
	6299 :	11111111;
	6298 :	11111111;
	6297 :	11111111;
	6296 :	11111111;
	6295 :	11111111;
	6294 :	11111111;
	6293 :	11111111;
	6292 :	11111111;
	6291 :	11111111;
	6290 :	11111111;
	6289 :	11111111;
	6288 :	11111111;
	6287 :	11111111;
	6286 :	11111111;
	6285 :	11111111;
	6284 :	11111111;
	6283 :	11111111;
	6282 :	11111111;
	6281 :	11111111;
	6280 :	11111111;
	6279 :	11111111;
	6278 :	11111111;
	6277 :	11111111;
	6276 :	11111111;
	6275 :	11111111;
	6274 :	11111111;
	6273 :	11111111;
	6272 :	11111111;
	6271 :	11111111;
	6270 :	11111111;
	6269 :	11111111;
	6268 :	11111111;
	6267 :	11111111;
	6266 :	11111111;
	6265 :	11111111;
	6264 :	11111111;
	6263 :	11111111;
	6262 :	11111111;
	6261 :	11111111;
	6260 :	11111111;
	6259 :	11111111;
	6258 :	11111111;
	6257 :	11111111;
	6256 :	11111111;
	6255 :	11111111;
	6254 :	11111111;
	6253 :	11111111;
	6252 :	11111111;
	6251 :	11111111;
	6250 :	11111111;
	6249 :	11111111;
	6248 :	11111111;
	6247 :	11111111;
	6246 :	11111111;
	6245 :	11111111;
	6244 :	11111111;
	6243 :	11111111;
	6242 :	11111111;
	6241 :	11111111;
	6240 :	11111111;
	6239 :	11111111;
	6238 :	11111111;
	6237 :	11111111;
	6236 :	11111111;
	6235 :	11111111;
	6234 :	11111111;
	6233 :	11111111;
	6232 :	11111111;
	6231 :	11111111;
	6230 :	11110110;
	6229 :	11110110;
	6228 :	11110110;
	6227 :	11111111;
	6226 :	11111111;
	6225 :	11111111;
	6224 :	11111111;
	6223 :	11111111;
	6222 :	11111111;
	6221 :	11111111;
	6220 :	11111111;
	6219 :	11111111;
	6218 :	11111111;
	6217 :	11111111;
	6216 :	11111111;
	6215 :	11111111;
	6214 :	11111111;
	6213 :	11111111;
	6212 :	11111111;
	6211 :	11111111;
	6210 :	11111111;
	6209 :	11111111;
	6208 :	11111111;
	6207 :	11111111;
	6206 :	11111111;
	6205 :	11111111;
	6204 :	11111111;
	6203 :	11111111;
	6202 :	11111111;
	6201 :	11111111;
	6200 :	11111111;
	6199 :	11111111;
	6198 :	11111111;
	6197 :	11111111;
	6196 :	11111111;
	6195 :	11111111;
	6194 :	11111111;
	6193 :	11111111;
	6192 :	11111111;
	6191 :	11111111;
	6190 :	11111111;
	6189 :	11111111;
	6188 :	11111111;
	6187 :	11111111;
	6186 :	11111111;
	6185 :	11111111;
	6184 :	11111111;
	6183 :	11111111;
	6182 :	11111111;
	6181 :	11111111;
	6180 :	11111111;
	6179 :	11111111;
	6178 :	11111111;
	6177 :	11111111;
	6176 :	11111111;
	6175 :	11111111;
	6174 :	11111111;
	6173 :	11111111;
	6172 :	11111111;
	6171 :	11111111;
	6170 :	11111111;
	6169 :	11111111;
	6168 :	11111111;
	6167 :	11111111;
	6166 :	11111111;
	6165 :	11111111;
	6164 :	11111111;
	6163 :	11111111;
	6162 :	11111111;
	6161 :	11111111;
	6160 :	11111111;
	6159 :	11111111;
	6158 :	11111111;
	6157 :	11111111;
	6156 :	11111111;
	6155 :	11111111;
	6154 :	11111111;
	6153 :	11111111;
	6152 :	11111111;
	6151 :	11111111;
	6150 :	11110110;
	6149 :	01010010;
	6148 :	10011011;
	6147 :	10100100;
	6146 :	10101101;
	6145 :	11110110;
	6144 :	11111111;
	6143 :	11111111;
	6142 :	11111111;
	6141 :	11111111;
	6140 :	11111111;
	6139 :	11111111;
	6138 :	11111111;
	6137 :	11111111;
	6136 :	11111111;
	6135 :	11111111;
	6134 :	11111111;
	6133 :	11111111;
	6132 :	11111111;
	6131 :	11111111;
	6130 :	11111111;
	6129 :	11111111;
	6128 :	11111111;
	6127 :	11111111;
	6126 :	11111111;
	6125 :	11111111;
	6124 :	11111111;
	6123 :	11111111;
	6122 :	11111111;
	6121 :	11111111;
	6120 :	11111111;
	6119 :	11111111;
	6118 :	11111111;
	6117 :	11111111;
	6116 :	11111111;
	6115 :	11111111;
	6114 :	11111111;
	6113 :	11111111;
	6112 :	11111111;
	6111 :	11111111;
	6110 :	11111111;
	6109 :	11111111;
	6108 :	11111111;
	6107 :	11111111;
	6106 :	11111111;
	6105 :	11111111;
	6104 :	11111111;
	6103 :	11111111;
	6102 :	11111111;
	6101 :	11111111;
	6100 :	11111111;
	6099 :	11111111;
	6098 :	11111111;
	6097 :	11111111;
	6096 :	11111111;
	6095 :	11111111;
	6094 :	11111111;
	6093 :	11111111;
	6092 :	11111111;
	6091 :	11111111;
	6090 :	11111111;
	6089 :	11111111;
	6088 :	11111111;
	6087 :	11111111;
	6086 :	11111111;
	6085 :	11111111;
	6084 :	11111111;
	6083 :	11111111;
	6082 :	11111111;
	6081 :	11111111;
	6080 :	11111111;
	6079 :	11111111;
	6078 :	11111111;
	6077 :	11111111;
	6076 :	11111111;
	6075 :	11111111;
	6074 :	11111111;
	6073 :	11111111;
	6072 :	11111111;
	6071 :	11111111;
	6070 :	11111111;
	6069 :	10101101;
	6068 :	00000000;
	6067 :	00000000;
	6066 :	01010010;
	6065 :	10011011;
	6064 :	10100100;
	6063 :	10101101;
	6062 :	11110110;
	6061 :	11111111;
	6060 :	11111111;
	6059 :	11111111;
	6058 :	11111111;
	6057 :	11111111;
	6056 :	11111111;
	6055 :	11111111;
	6054 :	11111111;
	6053 :	11111111;
	6052 :	11111111;
	6051 :	11111111;
	6050 :	11111111;
	6049 :	11111111;
	6048 :	11111111;
	6047 :	11111111;
	6046 :	11111111;
	6045 :	11111111;
	6044 :	11111111;
	6043 :	11111111;
	6042 :	11111111;
	6041 :	11111111;
	6040 :	11111111;
	6039 :	11111111;
	6038 :	11111111;
	6037 :	11111111;
	6036 :	11111111;
	6035 :	11111111;
	6034 :	11111111;
	6033 :	11111111;
	6032 :	11111111;
	6031 :	11111111;
	6030 :	11111111;
	6029 :	11111111;
	6028 :	11111111;
	6027 :	11111111;
	6026 :	11111111;
	6025 :	11111111;
	6024 :	11111111;
	6023 :	11111111;
	6022 :	11111111;
	6021 :	11111111;
	6020 :	11111111;
	6019 :	11111111;
	6018 :	11111111;
	6017 :	11111111;
	6016 :	11111111;
	6015 :	11111111;
	6014 :	11111111;
	6013 :	11111111;
	6012 :	11111111;
	6011 :	11111111;
	6010 :	11111111;
	6009 :	11111111;
	6008 :	11111111;
	6007 :	11111111;
	6006 :	11111111;
	6005 :	11111111;
	6004 :	11111111;
	6003 :	11111111;
	6002 :	11111111;
	6001 :	11111111;
	6000 :	11111111;
	5999 :	11111111;
	5998 :	11111111;
	5997 :	11111111;
	5996 :	11111111;
	5995 :	11111111;
	5994 :	11111111;
	5993 :	11111111;
	5992 :	11111111;
	5991 :	11111111;
	5990 :	11111111;
	5989 :	11110110;
	5988 :	01010010;
	5987 :	01001001;
	5986 :	01010010;
	5985 :	01010010;
	5984 :	01011011;
	5983 :	10100100;
	5982 :	10100100;
	5981 :	10101101;
	5980 :	11111111;
	5979 :	11111111;
	5978 :	11111111;
	5977 :	11111111;
	5976 :	11111111;
	5975 :	11111111;
	5974 :	11111111;
	5973 :	11111111;
	5972 :	11111111;
	5971 :	11111111;
	5970 :	11111111;
	5969 :	11111111;
	5968 :	11111111;
	5967 :	11111111;
	5966 :	11111111;
	5965 :	11111111;
	5964 :	11111111;
	5963 :	11111111;
	5962 :	11111111;
	5961 :	11111111;
	5960 :	11111111;
	5959 :	11111111;
	5958 :	11111111;
	5957 :	11111111;
	5956 :	11111111;
	5955 :	11111111;
	5954 :	11111111;
	5953 :	11111111;
	5952 :	11111111;
	5951 :	11111111;
	5950 :	11111111;
	5949 :	11111111;
	5948 :	11111111;
	5947 :	11111111;
	5946 :	11111111;
	5945 :	11111111;
	5944 :	11111111;
	5943 :	11111111;
	5942 :	11111111;
	5941 :	11111111;
	5940 :	11111111;
	5939 :	11111111;
	5938 :	11111111;
	5937 :	11111111;
	5936 :	11111111;
	5935 :	11111111;
	5934 :	11111111;
	5933 :	11111111;
	5932 :	11111111;
	5931 :	11111111;
	5930 :	11111111;
	5929 :	11111111;
	5928 :	11111111;
	5927 :	11111111;
	5926 :	11111111;
	5925 :	11111111;
	5924 :	11111111;
	5923 :	11111111;
	5922 :	11111111;
	5921 :	11111111;
	5920 :	11111111;
	5919 :	11111111;
	5918 :	11111111;
	5917 :	11111111;
	5916 :	11111111;
	5915 :	11111111;
	5914 :	11111111;
	5913 :	11111111;
	5912 :	11111111;
	5911 :	11111111;
	5910 :	11111111;
	5909 :	11111111;
	5908 :	10100100;
	5907 :	01010010;
	5906 :	01010010;
	5905 :	01011011;
	5904 :	01011011;
	5903 :	10011011;
	5902 :	10100100;
	5901 :	01011011;
	5900 :	10101101;
	5899 :	11111111;
	5898 :	11111111;
	5897 :	11111111;
	5896 :	11111111;
	5895 :	11111111;
	5894 :	11111111;
	5893 :	11111111;
	5892 :	11111111;
	5891 :	11111111;
	5890 :	11111111;
	5889 :	11111111;
	5888 :	11111111;
	5887 :	11111111;
	5886 :	11111111;
	5885 :	11111111;
	5884 :	11111111;
	5883 :	11111111;
	5882 :	11111111;
	5881 :	11111111;
	5880 :	11111111;
	5879 :	11111111;
	5878 :	11111111;
	5877 :	11111111;
	5876 :	11111111;
	5875 :	11111111;
	5874 :	11111111;
	5873 :	11111111;
	5872 :	11111111;
	5871 :	11111111;
	5870 :	11111111;
	5869 :	11111111;
	5868 :	11111111;
	5867 :	11111111;
	5866 :	11111111;
	5865 :	11111111;
	5864 :	11111111;
	5863 :	11111111;
	5862 :	11111111;
	5861 :	11111111;
	5860 :	11111111;
	5859 :	11111111;
	5858 :	11111111;
	5857 :	11111111;
	5856 :	11111111;
	5855 :	11111111;
	5854 :	11111111;
	5853 :	11111111;
	5852 :	11111111;
	5851 :	11111111;
	5850 :	11111111;
	5849 :	11111111;
	5848 :	11111111;
	5847 :	11111111;
	5846 :	11111111;
	5845 :	11111111;
	5844 :	11111111;
	5843 :	11111111;
	5842 :	11111111;
	5841 :	11111111;
	5840 :	11111111;
	5839 :	11111111;
	5838 :	11111111;
	5837 :	11111111;
	5836 :	11111111;
	5835 :	11111111;
	5834 :	11111111;
	5833 :	11111111;
	5832 :	11111111;
	5831 :	11111111;
	5830 :	11111111;
	5829 :	11111111;
	5828 :	11110110;
	5827 :	10011011;
	5826 :	01011011;
	5825 :	10011011;
	5824 :	10011011;
	5823 :	10011011;
	5822 :	10011011;
	5821 :	10100100;
	5820 :	10100100;
	5819 :	10110110;
	5818 :	11111111;
	5817 :	11111111;
	5816 :	11111111;
	5815 :	11111111;
	5814 :	11111111;
	5813 :	11111111;
	5812 :	11111111;
	5811 :	11111111;
	5810 :	11111111;
	5809 :	11111111;
	5808 :	11111111;
	5807 :	11111111;
	5806 :	11111111;
	5805 :	11111111;
	5804 :	11111111;
	5803 :	11111111;
	5802 :	11111111;
	5801 :	11111111;
	5800 :	11111111;
	5799 :	11111111;
	5798 :	11111111;
	5797 :	11111111;
	5796 :	11111111;
	5795 :	11111111;
	5794 :	11111111;
	5793 :	11111111;
	5792 :	11111111;
	5791 :	11111111;
	5790 :	11111111;
	5789 :	11111111;
	5788 :	11111111;
	5787 :	11111111;
	5786 :	11111111;
	5785 :	11111111;
	5784 :	11111111;
	5783 :	11111111;
	5782 :	11111111;
	5781 :	11111111;
	5780 :	11111111;
	5779 :	11111111;
	5778 :	11111111;
	5777 :	11111111;
	5776 :	11111111;
	5775 :	11111111;
	5774 :	11111111;
	5773 :	11111111;
	5772 :	11111111;
	5771 :	11111111;
	5770 :	11111111;
	5769 :	11111111;
	5768 :	11111111;
	5767 :	11111111;
	5766 :	11111111;
	5765 :	11111111;
	5764 :	11111111;
	5763 :	11111111;
	5762 :	11111111;
	5761 :	11111111;
	5760 :	11111111;
	5759 :	11111111;
	5758 :	11111111;
	5757 :	11111111;
	5756 :	11111111;
	5755 :	11111111;
	5754 :	11111111;
	5753 :	11111111;
	5752 :	11111111;
	5751 :	11111111;
	5750 :	11111111;
	5749 :	11111111;
	5748 :	11111111;
	5747 :	10100100;
	5746 :	10011011;
	5745 :	10100100;
	5744 :	10100100;
	5743 :	10100100;
	5742 :	10101101;
	5741 :	11110110;
	5740 :	10101101;
	5739 :	10101101;
	5738 :	11111111;
	5737 :	11111111;
	5736 :	11111111;
	5735 :	11111111;
	5734 :	11111111;
	5733 :	11111111;
	5732 :	11111111;
	5731 :	11111111;
	5730 :	11111111;
	5729 :	11111111;
	5728 :	11111111;
	5727 :	11111111;
	5726 :	11111111;
	5725 :	11111111;
	5724 :	11111111;
	5723 :	11111111;
	5722 :	11111111;
	5721 :	11111111;
	5720 :	11111111;
	5719 :	11111111;
	5718 :	11111111;
	5717 :	11111111;
	5716 :	11111111;
	5715 :	11111111;
	5714 :	11111111;
	5713 :	11111111;
	5712 :	11111111;
	5711 :	11111111;
	5710 :	11111111;
	5709 :	11111111;
	5708 :	11111111;
	5707 :	11111111;
	5706 :	11111111;
	5705 :	11111111;
	5704 :	11111111;
	5703 :	11111111;
	5702 :	11111111;
	5701 :	11111111;
	5700 :	11111111;
	5699 :	11111111;
	5698 :	11111111;
	5697 :	11111111;
	5696 :	11111111;
	5695 :	11111111;
	5694 :	11111111;
	5693 :	11111111;
	5692 :	11111111;
	5691 :	11111111;
	5690 :	11111111;
	5689 :	11111111;
	5688 :	11111111;
	5687 :	11111111;
	5686 :	11111111;
	5685 :	11111111;
	5684 :	11111111;
	5683 :	11111111;
	5682 :	11111111;
	5681 :	11111111;
	5680 :	11111111;
	5679 :	11111111;
	5678 :	11111111;
	5677 :	11111111;
	5676 :	11111111;
	5675 :	11111111;
	5674 :	11111111;
	5673 :	11111111;
	5672 :	11111111;
	5671 :	11111111;
	5670 :	11111111;
	5669 :	11111111;
	5668 :	11111111;
	5667 :	10101101;
	5666 :	10100100;
	5665 :	10100100;
	5664 :	10100100;
	5663 :	10100100;
	5662 :	11110110;
	5661 :	11110110;
	5660 :	11110110;
	5659 :	10101101;
	5658 :	11111111;
	5657 :	11111111;
	5656 :	11111111;
	5655 :	11111111;
	5654 :	11111111;
	5653 :	11111111;
	5652 :	11111111;
	5651 :	11111111;
	5650 :	11111111;
	5649 :	11111111;
	5648 :	11111111;
	5647 :	11111111;
	5646 :	11111111;
	5645 :	11111111;
	5644 :	11111111;
	5643 :	11111111;
	5642 :	11111111;
	5641 :	11111111;
	5640 :	11111111;
	5639 :	11111111;
	5638 :	11111111;
	5637 :	11111111;
	5636 :	11111111;
	5635 :	11111111;
	5634 :	11111111;
	5633 :	11111111;
	5632 :	11111111;
	5631 :	11111111;
	5630 :	11111111;
	5629 :	11111111;
	5628 :	11111111;
	5627 :	11111111;
	5626 :	11111111;
	5625 :	11111111;
	5624 :	11111111;
	5623 :	11111111;
	5622 :	11111111;
	5621 :	11111111;
	5620 :	11111111;
	5619 :	11111111;
	5618 :	11111111;
	5617 :	11111111;
	5616 :	11111111;
	5615 :	11111111;
	5614 :	11111111;
	5613 :	11111111;
	5612 :	11111111;
	5611 :	11111111;
	5610 :	11111111;
	5609 :	11111111;
	5608 :	11111111;
	5607 :	11111111;
	5606 :	11111111;
	5605 :	11111111;
	5604 :	11111111;
	5603 :	11111111;
	5602 :	11111111;
	5601 :	11111111;
	5600 :	11111111;
	5599 :	11111111;
	5598 :	11111111;
	5597 :	11111111;
	5596 :	11111111;
	5595 :	11111111;
	5594 :	11111111;
	5593 :	11111111;
	5592 :	11111111;
	5591 :	11111111;
	5590 :	11111111;
	5589 :	11111111;
	5588 :	11111111;
	5587 :	11110110;
	5586 :	10100100;
	5585 :	10100100;
	5584 :	10100100;
	5583 :	10100100;
	5582 :	10101101;
	5581 :	11110110;
	5580 :	10101101;
	5579 :	10101101;
	5578 :	11111111;
	5577 :	11111111;
	5576 :	11111111;
	5575 :	11111111;
	5574 :	11111111;
	5573 :	11111111;
	5572 :	11111111;
	5571 :	11111111;
	5570 :	11111111;
	5569 :	11111111;
	5568 :	11111111;
	5567 :	11111111;
	5566 :	11111111;
	5565 :	11111111;
	5564 :	11111111;
	5563 :	11111111;
	5562 :	11111111;
	5561 :	11111111;
	5560 :	11111111;
	5559 :	11111111;
	5558 :	11111111;
	5557 :	11111111;
	5556 :	11111111;
	5555 :	11111111;
	5554 :	11111111;
	5553 :	11111111;
	5552 :	11111111;
	5551 :	11111111;
	5550 :	11111111;
	5549 :	11111111;
	5548 :	11111111;
	5547 :	11111111;
	5546 :	11111111;
	5545 :	11111111;
	5544 :	11111111;
	5543 :	11111111;
	5542 :	11111111;
	5541 :	11111111;
	5540 :	11111111;
	5539 :	11111111;
	5538 :	11111111;
	5537 :	11111111;
	5536 :	11111111;
	5535 :	11111111;
	5534 :	11111111;
	5533 :	11111111;
	5532 :	11111111;
	5531 :	11111111;
	5530 :	11111111;
	5529 :	11111111;
	5528 :	11111111;
	5527 :	11111111;
	5526 :	11111111;
	5525 :	11111111;
	5524 :	11111111;
	5523 :	11111111;
	5522 :	11111111;
	5521 :	11111111;
	5520 :	11111111;
	5519 :	11111111;
	5518 :	11111111;
	5517 :	11111111;
	5516 :	11111111;
	5515 :	11111111;
	5514 :	11111111;
	5513 :	11111111;
	5512 :	11111111;
	5511 :	11111111;
	5510 :	11111111;
	5509 :	11111111;
	5508 :	11111111;
	5507 :	11111111;
	5506 :	11110110;
	5505 :	10100100;
	5504 :	10100100;
	5503 :	10101101;
	5502 :	10101101;
	5501 :	10101101;
	5500 :	10100100;
	5499 :	10101101;
	5498 :	11111111;
	5497 :	11111111;
	5496 :	11111111;
	5495 :	11111111;
	5494 :	11111111;
	5493 :	11111111;
	5492 :	11111111;
	5491 :	11111111;
	5490 :	11111111;
	5489 :	11111111;
	5488 :	11111111;
	5487 :	11111111;
	5486 :	11111111;
	5485 :	11111111;
	5484 :	11111111;
	5483 :	11111111;
	5482 :	11111111;
	5481 :	11111111;
	5480 :	11111111;
	5479 :	11111111;
	5478 :	11111111;
	5477 :	11111111;
	5476 :	11111111;
	5475 :	11111111;
	5474 :	11111111;
	5473 :	11111111;
	5472 :	11111111;
	5471 :	11111111;
	5470 :	11111111;
	5469 :	11111111;
	5468 :	11111111;
	5467 :	11111111;
	5466 :	11111111;
	5465 :	11111111;
	5464 :	11111111;
	5463 :	11111111;
	5462 :	11111111;
	5461 :	11111111;
	5460 :	11111111;
	5459 :	11111111;
	5458 :	11111111;
	5457 :	11111111;
	5456 :	11111111;
	5455 :	11111111;
	5454 :	11111111;
	5453 :	11111111;
	5452 :	11111111;
	5451 :	11111111;
	5450 :	11111111;
	5449 :	11111111;
	5448 :	11111111;
	5447 :	11111111;
	5446 :	11111111;
	5445 :	11111111;
	5444 :	11111111;
	5443 :	11111111;
	5442 :	11111111;
	5441 :	11111111;
	5440 :	11111111;
	5439 :	11111111;
	5438 :	11111111;
	5437 :	11111111;
	5436 :	11111111;
	5435 :	11111111;
	5434 :	11111111;
	5433 :	11111111;
	5432 :	11111111;
	5431 :	11111111;
	5430 :	11111111;
	5429 :	11111111;
	5428 :	11111111;
	5427 :	11111111;
	5426 :	11111111;
	5425 :	11110110;
	5424 :	10101101;
	5423 :	10100100;
	5422 :	10100100;
	5421 :	10100100;
	5420 :	10101101;
	5419 :	11110110;
	5418 :	11111111;
	5417 :	11111111;
	5416 :	11111111;
	5415 :	11111111;
	5414 :	11111111;
	5413 :	11111111;
	5412 :	11111111;
	5411 :	11111111;
	5410 :	11111111;
	5409 :	11111111;
	5408 :	11111111;
	5407 :	11111111;
	5406 :	11111111;
	5405 :	11111111;
	5404 :	11111111;
	5403 :	11111111;
	5402 :	11111111;
	5401 :	11111111;
	5400 :	11111111;
	5399 :	11111111;
	5398 :	11111111;
	5397 :	11111111;
	5396 :	11111111;
	5395 :	11111111;
	5394 :	11111111;
	5393 :	11111111;
	5392 :	11111111;
	5391 :	11111111;
	5390 :	11111111;
	5389 :	11111111;
	5388 :	11111111;
	5387 :	11111111;
	5386 :	11111111;
	5385 :	11111111;
	5384 :	11111111;
	5383 :	11111111;
	5382 :	11111111;
	5381 :	11111111;
	5380 :	11111111;
	5379 :	11111111;
	5378 :	11111111;
	5377 :	11111111;
	5376 :	11111111;
	5375 :	11111111;
	5374 :	11111111;
	5373 :	11111111;
	5372 :	11111111;
	5371 :	11111111;
	5370 :	11111111;
	5369 :	11111111;
	5368 :	11111111;
	5367 :	11111111;
	5366 :	11111111;
	5365 :	11111111;
	5364 :	11111111;
	5363 :	11111111;
	5362 :	11111111;
	5361 :	11111111;
	5360 :	11111111;
	5359 :	11111111;
	5358 :	11111111;
	5357 :	11111111;
	5356 :	11111111;
	5355 :	11111111;
	5354 :	11111111;
	5353 :	11111111;
	5352 :	11111111;
	5351 :	11111111;
	5350 :	11111111;
	5349 :	11111111;
	5348 :	11111111;
	5347 :	11111111;
	5346 :	11111111;
	5345 :	11111111;
	5344 :	11110110;
	5343 :	11110110;
	5342 :	10101101;
	5341 :	10110110;
	5340 :	11111111;
	5339 :	11110110;
	5338 :	11110110;
	5337 :	11111111;
	5336 :	11111111;
	5335 :	11111111;
	5334 :	11111111;
	5333 :	11111111;
	5332 :	11111111;
	5331 :	11111111;
	5330 :	11111111;
	5329 :	11111111;
	5328 :	11111111;
	5327 :	11111111;
	5326 :	11111111;
	5325 :	11111111;
	5324 :	11111111;
	5323 :	11111111;
	5322 :	11111111;
	5321 :	11111111;
	5320 :	11111111;
	5319 :	11111111;
	5318 :	11111111;
	5317 :	11111111;
	5316 :	11111111;
	5315 :	11111111;
	5314 :	11111111;
	5313 :	11111111;
	5312 :	11111111;
	5311 :	11111111;
	5310 :	11111111;
	5309 :	11111111;
	5308 :	11111111;
	5307 :	11111111;
	5306 :	11111111;
	5305 :	11111111;
	5304 :	11111111;
	5303 :	11111111;
	5302 :	11111111;
	5301 :	11111111;
	5300 :	11111111;
	5299 :	11111111;
	5298 :	11111111;
	5297 :	11111111;
	5296 :	11111111;
	5295 :	11111111;
	5294 :	11111111;
	5293 :	11111111;
	5292 :	11111111;
	5291 :	11111111;
	5290 :	11111111;
	5289 :	11111111;
	5288 :	11111111;
	5287 :	11111111;
	5286 :	11111111;
	5285 :	11111111;
	5284 :	11111111;
	5283 :	11111111;
	5282 :	11111111;
	5281 :	11111111;
	5280 :	11111111;
	5279 :	11111111;
	5278 :	11111111;
	5277 :	11111111;
	5276 :	11111111;
	5275 :	11111111;
	5274 :	11111111;
	5273 :	11111111;
	5272 :	11111111;
	5271 :	11111111;
	5270 :	11111111;
	5269 :	11111111;
	5268 :	11111111;
	5267 :	11111111;
	5266 :	11111111;
	5265 :	11111111;
	5264 :	11111111;
	5263 :	11111111;
	5262 :	11110110;
	5261 :	11110110;
	5260 :	11111111;
	5259 :	11111111;
	5258 :	10110110;
	5257 :	11111111;
	5256 :	11111111;
	5255 :	11111111;
	5254 :	11111111;
	5253 :	11111111;
	5252 :	11111111;
	5251 :	11111111;
	5250 :	11111111;
	5249 :	11111111;
	5248 :	11111111;
	5247 :	11111111;
	5246 :	11111111;
	5245 :	11111111;
	5244 :	11111111;
	5243 :	11111111;
	5242 :	11111111;
	5241 :	11111111;
	5240 :	11111111;
	5239 :	11111111;
	5238 :	11111111;
	5237 :	11111111;
	5236 :	11111111;
	5235 :	11111111;
	5234 :	11111111;
	5233 :	11111111;
	5232 :	11111111;
	5231 :	11111111;
	5230 :	11111111;
	5229 :	11111111;
	5228 :	11111111;
	5227 :	11111111;
	5226 :	11111111;
	5225 :	11111111;
	5224 :	11111111;
	5223 :	11111111;
	5222 :	11111111;
	5221 :	11111111;
	5220 :	11111111;
	5219 :	11111111;
	5218 :	11111111;
	5217 :	11111111;
	5216 :	11111111;
	5215 :	11111111;
	5214 :	11111111;
	5213 :	11111111;
	5212 :	11111111;
	5211 :	11111111;
	5210 :	11111111;
	5209 :	11111111;
	5208 :	11111111;
	5207 :	11111111;
	5206 :	11111111;
	5205 :	11111111;
	5204 :	11111111;
	5203 :	11111111;
	5202 :	11111111;
	5201 :	11111111;
	5200 :	11111111;
	5199 :	11111111;
	5198 :	11111111;
	5197 :	11111111;
	5196 :	11111111;
	5195 :	11111111;
	5194 :	11111111;
	5193 :	11111111;
	5192 :	11111111;
	5191 :	11111111;
	5190 :	11111111;
	5189 :	11111111;
	5188 :	11111111;
	5187 :	11111111;
	5186 :	11111111;
	5185 :	11111111;
	5184 :	11111111;
	5183 :	11111111;
	5182 :	11110110;
	5181 :	10101101;
	5180 :	11110110;
	5179 :	11111111;
	5178 :	11110110;
	5177 :	11110110;
	5176 :	11111111;
	5175 :	11111111;
	5174 :	11111111;
	5173 :	11111111;
	5172 :	11111111;
	5171 :	11111111;
	5170 :	11111111;
	5169 :	11111111;
	5168 :	11111111;
	5167 :	11111111;
	5166 :	11111111;
	5165 :	11111111;
	5164 :	11111111;
	5163 :	11111111;
	5162 :	11111111;
	5161 :	11111111;
	5160 :	11111111;
	5159 :	11111111;
	5158 :	11111111;
	5157 :	11111111;
	5156 :	11111111;
	5155 :	11110110;
	5154 :	11110110;
	5153 :	11110110;
	5152 :	10101101;
	5151 :	10101101;
	5150 :	10101101;
	5149 :	10101101;
	5148 :	10101101;
	5147 :	10101100;
	5146 :	10101101;
	5145 :	10101101;
	5144 :	10101101;
	5143 :	10101101;
	5142 :	10101101;
	5141 :	10101101;
	5140 :	11110110;
	5139 :	11110110;
	5138 :	11110110;
	5137 :	11111111;
	5136 :	11111111;
	5135 :	11111111;
	5134 :	11111111;
	5133 :	11111111;
	5132 :	11111111;
	5131 :	11111111;
	5130 :	11111111;
	5129 :	11111111;
	5128 :	11111111;
	5127 :	11111111;
	5126 :	11111111;
	5125 :	11111111;
	5124 :	11111111;
	5123 :	11111111;
	5122 :	11111111;
	5121 :	11111111;
	5120 :	11111111;
	5119 :	11111111;
	5118 :	11111111;
	5117 :	11111111;
	5116 :	11111111;
	5115 :	11111111;
	5114 :	11111111;
	5113 :	11111111;
	5112 :	11111111;
	5111 :	11111111;
	5110 :	11111111;
	5109 :	11111111;
	5108 :	11111111;
	5107 :	11111111;
	5106 :	11111111;
	5105 :	11111111;
	5104 :	11111111;
	5103 :	11111111;
	5102 :	11111111;
	5101 :	10110110;
	5100 :	11110110;
	5099 :	11111111;
	5098 :	11111111;
	5097 :	11110110;
	5096 :	11110110;
	5095 :	11110110;
	5094 :	11110110;
	5093 :	11110110;
	5092 :	11110110;
	5091 :	11110110;
	5090 :	11110110;
	5089 :	11111111;
	5088 :	11111111;
	5087 :	11111111;
	5086 :	11111111;
	5085 :	11111111;
	5084 :	11111111;
	5083 :	11111111;
	5082 :	11111111;
	5081 :	11111111;
	5080 :	11110110;
	5079 :	11110101;
	5078 :	10101101;
	5077 :	10100100;
	5076 :	10011011;
	5075 :	10011011;
	5074 :	10011011;
	5073 :	10011011;
	5072 :	10011011;
	5071 :	10011011;
	5070 :	10011011;
	5069 :	10011011;
	5068 :	10011011;
	5067 :	10011011;
	5066 :	10011011;
	5065 :	10011011;
	5064 :	10011011;
	5063 :	10011011;
	5062 :	10011011;
	5061 :	10011011;
	5060 :	10011011;
	5059 :	10011011;
	5058 :	10011011;
	5057 :	10011011;
	5056 :	10011011;
	5055 :	10011011;
	5054 :	10101101;
	5053 :	11111111;
	5052 :	11111111;
	5051 :	11111111;
	5050 :	11111111;
	5049 :	11111111;
	5048 :	11111111;
	5047 :	11111111;
	5046 :	11111111;
	5045 :	11111111;
	5044 :	11111111;
	5043 :	11111111;
	5042 :	11111111;
	5041 :	11111111;
	5040 :	11111111;
	5039 :	11111111;
	5038 :	11111111;
	5037 :	11111111;
	5036 :	11111111;
	5035 :	11111111;
	5034 :	11111111;
	5033 :	11111111;
	5032 :	11111111;
	5031 :	11111111;
	5030 :	11111111;
	5029 :	11111111;
	5028 :	11111111;
	5027 :	11111111;
	5026 :	11111111;
	5025 :	11111111;
	5024 :	11111111;
	5023 :	11111111;
	5022 :	11111111;
	5021 :	11110110;
	5020 :	10101101;
	5019 :	11110110;
	5018 :	11111111;
	5017 :	11111111;
	5016 :	10101101;
	5015 :	11110110;
	5014 :	11110110;
	5013 :	11110110;
	5012 :	11110110;
	5011 :	11110110;
	5010 :	11110110;
	5009 :	11110110;
	5008 :	11111111;
	5007 :	11111111;
	5006 :	11111111;
	5005 :	11111111;
	5004 :	11110110;
	5003 :	11110110;
	5002 :	10101101;
	5001 :	10011011;
	5000 :	10011011;
	4999 :	10011011;
	4998 :	10100011;
	4997 :	10100011;
	4996 :	10100100;
	4995 :	10100100;
	4994 :	10100100;
	4993 :	10100100;
	4992 :	10100100;
	4991 :	10100100;
	4990 :	10100100;
	4989 :	10100100;
	4988 :	10100100;
	4987 :	10100100;
	4986 :	10100100;
	4985 :	10100100;
	4984 :	10100100;
	4983 :	10100100;
	4982 :	10100100;
	4981 :	10100100;
	4980 :	10100100;
	4979 :	10100100;
	4978 :	10100100;
	4977 :	10011011;
	4976 :	10011011;
	4975 :	10011011;
	4974 :	10100011;
	4973 :	11110110;
	4972 :	11111111;
	4971 :	11111111;
	4970 :	11111111;
	4969 :	11111111;
	4968 :	11111111;
	4967 :	11111111;
	4966 :	11111111;
	4965 :	11111111;
	4964 :	11111111;
	4963 :	11111111;
	4962 :	11111111;
	4961 :	11111111;
	4960 :	11111111;
	4959 :	11111111;
	4958 :	11111111;
	4957 :	11111111;
	4956 :	11111111;
	4955 :	11111111;
	4954 :	11111111;
	4953 :	11111111;
	4952 :	11111111;
	4951 :	11111111;
	4950 :	11111111;
	4949 :	11111111;
	4948 :	11111111;
	4947 :	11111111;
	4946 :	11111111;
	4945 :	11111111;
	4944 :	11111111;
	4943 :	11111111;
	4942 :	11111111;
	4941 :	11110110;
	4940 :	10101101;
	4939 :	11110110;
	4938 :	11110110;
	4937 :	11110110;
	4936 :	10101101;
	4935 :	10101101;
	4934 :	11110110;
	4933 :	11110110;
	4932 :	11110110;
	4931 :	11110110;
	4930 :	11110110;
	4929 :	11110110;
	4928 :	11110110;
	4927 :	11110110;
	4926 :	11110110;
	4925 :	10101101;
	4924 :	10011011;
	4923 :	10011011;
	4922 :	10100011;
	4921 :	10100100;
	4920 :	10100100;
	4919 :	10100100;
	4918 :	10100100;
	4917 :	10100100;
	4916 :	10100100;
	4915 :	10100101;
	4914 :	10100101;
	4913 :	10100101;
	4912 :	10100100;
	4911 :	10100100;
	4910 :	10100100;
	4909 :	10100100;
	4908 :	10100100;
	4907 :	10100100;
	4906 :	10100100;
	4905 :	10100100;
	4904 :	10100100;
	4903 :	10100100;
	4902 :	10100100;
	4901 :	10100100;
	4900 :	10100100;
	4899 :	10100100;
	4898 :	10100100;
	4897 :	10100100;
	4896 :	10011011;
	4895 :	10100100;
	4894 :	10101101;
	4893 :	11111111;
	4892 :	11111111;
	4891 :	11111111;
	4890 :	11111111;
	4889 :	11111111;
	4888 :	11111111;
	4887 :	11111111;
	4886 :	11111111;
	4885 :	11111111;
	4884 :	11111111;
	4883 :	11111111;
	4882 :	11111111;
	4881 :	11111111;
	4880 :	11111111;
	4879 :	11111111;
	4878 :	11111111;
	4877 :	11111111;
	4876 :	11111111;
	4875 :	11111111;
	4874 :	11111111;
	4873 :	11111111;
	4872 :	11111111;
	4871 :	11111111;
	4870 :	11111111;
	4869 :	11111111;
	4868 :	11111111;
	4867 :	11111111;
	4866 :	11111111;
	4865 :	11111111;
	4864 :	11111111;
	4863 :	11111111;
	4862 :	11111111;
	4861 :	11111111;
	4860 :	10110110;
	4859 :	10101101;
	4858 :	10101101;
	4857 :	10101110;
	4856 :	10101101;
	4855 :	01100101;
	4854 :	10110110;
	4853 :	11110110;
	4852 :	11110110;
	4851 :	11110110;
	4850 :	11110110;
	4849 :	11110110;
	4848 :	10101101;
	4847 :	10100100;
	4846 :	10011011;
	4845 :	10100011;
	4844 :	10100100;
	4843 :	10100100;
	4842 :	10100100;
	4841 :	10100100;
	4840 :	10100100;
	4839 :	10100100;
	4838 :	10100100;
	4837 :	10100100;
	4836 :	10100100;
	4835 :	10100100;
	4834 :	10100100;
	4833 :	10100100;
	4832 :	10100100;
	4831 :	10100100;
	4830 :	10100100;
	4829 :	10100100;
	4828 :	10100100;
	4827 :	10100100;
	4826 :	10100100;
	4825 :	10100100;
	4824 :	10100100;
	4823 :	10100100;
	4822 :	10100100;
	4821 :	10100100;
	4820 :	10100100;
	4819 :	10100100;
	4818 :	10011011;
	4817 :	10100100;
	4816 :	10101101;
	4815 :	11110110;
	4814 :	11111111;
	4813 :	11111111;
	4812 :	11111111;
	4811 :	11111111;
	4810 :	11111111;
	4809 :	11111111;
	4808 :	11111111;
	4807 :	11111111;
	4806 :	11111111;
	4805 :	11111111;
	4804 :	11111111;
	4803 :	11111111;
	4802 :	11111111;
	4801 :	11111111;
	4800 :	11111111;
	4799 :	11111111;
	4798 :	11111111;
	4797 :	11111111;
	4796 :	11111111;
	4795 :	11111111;
	4794 :	11111111;
	4793 :	11111111;
	4792 :	11111111;
	4791 :	11111111;
	4790 :	11111111;
	4789 :	11111111;
	4788 :	11111111;
	4787 :	11111111;
	4786 :	11111111;
	4785 :	11111111;
	4784 :	11111111;
	4783 :	11111111;
	4782 :	11111111;
	4781 :	11111111;
	4780 :	10110110;
	4779 :	10101101;
	4778 :	10101101;
	4777 :	01101110;
	4776 :	01101110;
	4775 :	01011101;
	4774 :	10100101;
	4773 :	11110110;
	4772 :	11110110;
	4771 :	11110110;
	4770 :	10101101;
	4769 :	10100100;
	4768 :	10011011;
	4767 :	10100100;
	4766 :	10100100;
	4765 :	10100100;
	4764 :	10100100;
	4763 :	10100100;
	4762 :	10100100;
	4761 :	10100100;
	4760 :	10100100;
	4759 :	10100100;
	4758 :	10100100;
	4757 :	10100100;
	4756 :	10100100;
	4755 :	10100100;
	4754 :	10100100;
	4753 :	10100100;
	4752 :	10100100;
	4751 :	10100100;
	4750 :	10100100;
	4749 :	10100100;
	4748 :	10100100;
	4747 :	10100100;
	4746 :	10100100;
	4745 :	10100100;
	4744 :	10100100;
	4743 :	10100100;
	4742 :	10100100;
	4741 :	10100100;
	4740 :	10100011;
	4739 :	10100100;
	4738 :	10101101;
	4737 :	11110110;
	4736 :	11111111;
	4735 :	11111111;
	4734 :	11111111;
	4733 :	11111111;
	4732 :	11111111;
	4731 :	11111111;
	4730 :	11111111;
	4729 :	11111111;
	4728 :	11111111;
	4727 :	11111111;
	4726 :	11111111;
	4725 :	11111111;
	4724 :	11111111;
	4723 :	11111111;
	4722 :	11111111;
	4721 :	11111111;
	4720 :	11111111;
	4719 :	11111111;
	4718 :	11111111;
	4717 :	11111111;
	4716 :	11111111;
	4715 :	11111111;
	4714 :	11111111;
	4713 :	11111111;
	4712 :	11111111;
	4711 :	11111111;
	4710 :	11111111;
	4709 :	11111111;
	4708 :	11111111;
	4707 :	11111111;
	4706 :	11111111;
	4705 :	11111111;
	4704 :	11111111;
	4703 :	11111111;
	4702 :	11111111;
	4701 :	11111111;
	4700 :	11110110;
	4699 :	01100101;
	4698 :	01100101;
	4697 :	01101110;
	4696 :	01101111;
	4695 :	01100110;
	4694 :	01100101;
	4693 :	10101101;
	4692 :	10101101;
	4691 :	10100100;
	4690 :	10011011;
	4689 :	10100100;
	4688 :	10100100;
	4687 :	10100100;
	4686 :	10100100;
	4685 :	10100100;
	4684 :	10100100;
	4683 :	10100100;
	4682 :	10100100;
	4681 :	10100100;
	4680 :	10100100;
	4679 :	10100100;
	4678 :	10100100;
	4677 :	10100100;
	4676 :	10100100;
	4675 :	10100100;
	4674 :	10100100;
	4673 :	10100100;
	4672 :	10100100;
	4671 :	10100100;
	4670 :	10100100;
	4669 :	10100100;
	4668 :	10100100;
	4667 :	10100100;
	4666 :	10100100;
	4665 :	10100100;
	4664 :	10100100;
	4663 :	10100101;
	4662 :	10100100;
	4661 :	10011011;
	4660 :	10100100;
	4659 :	11110110;
	4658 :	11111111;
	4657 :	11111111;
	4656 :	11111111;
	4655 :	11111111;
	4654 :	11111111;
	4653 :	11111111;
	4652 :	11111111;
	4651 :	11111111;
	4650 :	11111111;
	4649 :	11111111;
	4648 :	11111111;
	4647 :	11111111;
	4646 :	11111111;
	4645 :	11111111;
	4644 :	11111111;
	4643 :	11111111;
	4642 :	11111111;
	4641 :	11111111;
	4640 :	11111111;
	4639 :	11111111;
	4638 :	11111111;
	4637 :	11111111;
	4636 :	11111111;
	4635 :	11111111;
	4634 :	11111111;
	4633 :	11111111;
	4632 :	11111111;
	4631 :	11111111;
	4630 :	11111111;
	4629 :	11111111;
	4628 :	11111111;
	4627 :	11111111;
	4626 :	11111111;
	4625 :	11111111;
	4624 :	11111111;
	4623 :	11111111;
	4622 :	11111111;
	4621 :	11111111;
	4620 :	11110110;
	4619 :	10101101;
	4618 :	01100101;
	4617 :	01100110;
	4616 :	01101110;
	4615 :	01101110;
	4614 :	01100101;
	4613 :	01100100;
	4612 :	10100100;
	4611 :	10011011;
	4610 :	10100100;
	4609 :	10100100;
	4608 :	10100100;
	4607 :	10100100;
	4606 :	10100100;
	4605 :	10100100;
	4604 :	10100100;
	4603 :	10100100;
	4602 :	10100100;
	4601 :	10100100;
	4600 :	10100100;
	4599 :	10100100;
	4598 :	10100100;
	4597 :	10100100;
	4596 :	10100100;
	4595 :	10100100;
	4594 :	10100100;
	4593 :	10100100;
	4592 :	10100100;
	4591 :	10100100;
	4590 :	10100100;
	4589 :	10100100;
	4588 :	10100100;
	4587 :	10100100;
	4586 :	10100100;
	4585 :	10100100;
	4584 :	10101101;
	4583 :	10100100;
	4582 :	10011011;
	4581 :	10100100;
	4580 :	11110110;
	4579 :	11111111;
	4578 :	11111111;
	4577 :	11111111;
	4576 :	11111111;
	4575 :	11111111;
	4574 :	11111111;
	4573 :	11111111;
	4572 :	11111111;
	4571 :	11111111;
	4570 :	11111111;
	4569 :	11111111;
	4568 :	11111111;
	4567 :	11111111;
	4566 :	11111111;
	4565 :	11111111;
	4564 :	11111111;
	4563 :	11111111;
	4562 :	11111111;
	4561 :	11111111;
	4560 :	11111111;
	4559 :	11111111;
	4558 :	11111111;
	4557 :	11111111;
	4556 :	11111111;
	4555 :	11111111;
	4554 :	11111111;
	4553 :	11111111;
	4552 :	11111111;
	4551 :	11111111;
	4550 :	11111111;
	4549 :	11111111;
	4548 :	11111111;
	4547 :	11111111;
	4546 :	11111111;
	4545 :	11111111;
	4544 :	11111111;
	4543 :	11111111;
	4542 :	11111111;
	4541 :	11111111;
	4540 :	11110110;
	4539 :	10101110;
	4538 :	01100101;
	4537 :	01100101;
	4536 :	01101110;
	4535 :	01101111;
	4534 :	01100110;
	4533 :	01011100;
	4532 :	10100100;
	4531 :	10100100;
	4530 :	10100100;
	4529 :	10100100;
	4528 :	10100100;
	4527 :	10100100;
	4526 :	10100100;
	4525 :	10100100;
	4524 :	10100100;
	4523 :	10100100;
	4522 :	10100100;
	4521 :	10100100;
	4520 :	10100100;
	4519 :	10100100;
	4518 :	10100100;
	4517 :	10100100;
	4516 :	10100100;
	4515 :	10100100;
	4514 :	10100100;
	4513 :	10100100;
	4512 :	10100100;
	4511 :	10100100;
	4510 :	10100100;
	4509 :	10100100;
	4508 :	10100100;
	4507 :	10100100;
	4506 :	10100100;
	4505 :	10101101;
	4504 :	10100100;
	4503 :	10011011;
	4502 :	10100100;
	4501 :	11110110;
	4500 :	11111111;
	4499 :	11111111;
	4498 :	11111111;
	4497 :	11111111;
	4496 :	11111111;
	4495 :	11111111;
	4494 :	11111111;
	4493 :	11111111;
	4492 :	11111111;
	4491 :	11111111;
	4490 :	11111111;
	4489 :	11111111;
	4488 :	11111111;
	4487 :	11111111;
	4486 :	11111111;
	4485 :	11111111;
	4484 :	11111111;
	4483 :	11111111;
	4482 :	11111111;
	4481 :	11111111;
	4480 :	11111111;
	4479 :	11111111;
	4478 :	11111111;
	4477 :	11111111;
	4476 :	11111111;
	4475 :	11111111;
	4474 :	11111111;
	4473 :	11111111;
	4472 :	11111111;
	4471 :	11111111;
	4470 :	11111111;
	4469 :	11111111;
	4468 :	11111111;
	4467 :	11111111;
	4466 :	11111111;
	4465 :	11111111;
	4464 :	11111111;
	4463 :	11111111;
	4462 :	11111111;
	4461 :	11110110;
	4460 :	11110110;
	4459 :	11110110;
	4458 :	10100101;
	4457 :	01100101;
	4456 :	01100110;
	4455 :	01101110;
	4454 :	01101110;
	4453 :	01100101;
	4452 :	01100101;
	4451 :	10100100;
	4450 :	10100100;
	4449 :	10100100;
	4448 :	10100100;
	4447 :	10100100;
	4446 :	10100100;
	4445 :	10100100;
	4444 :	10100100;
	4443 :	10100100;
	4442 :	10100100;
	4441 :	10100100;
	4440 :	10100100;
	4439 :	10100100;
	4438 :	10100100;
	4437 :	10100100;
	4436 :	10100100;
	4435 :	10100100;
	4434 :	10100100;
	4433 :	10100100;
	4432 :	10100100;
	4431 :	10100100;
	4430 :	10100100;
	4429 :	10100100;
	4428 :	10100100;
	4427 :	10100100;
	4426 :	10101101;
	4425 :	10100101;
	4424 :	10011011;
	4423 :	10100100;
	4422 :	11110110;
	4421 :	11111111;
	4420 :	11111111;
	4419 :	11111111;
	4418 :	11111111;
	4417 :	11111111;
	4416 :	11111111;
	4415 :	11111111;
	4414 :	11111111;
	4413 :	11111111;
	4412 :	11111111;
	4411 :	11111111;
	4410 :	11111111;
	4409 :	11111111;
	4408 :	11111111;
	4407 :	11111111;
	4406 :	11111111;
	4405 :	11111111;
	4404 :	11111111;
	4403 :	11111111;
	4402 :	11111111;
	4401 :	11111111;
	4400 :	11111111;
	4399 :	11111111;
	4398 :	11111111;
	4397 :	11111111;
	4396 :	11111111;
	4395 :	11111111;
	4394 :	11111111;
	4393 :	11111111;
	4392 :	11111111;
	4391 :	11111111;
	4390 :	11111111;
	4389 :	11111111;
	4388 :	11111111;
	4387 :	11111111;
	4386 :	11111111;
	4385 :	11111111;
	4384 :	11111111;
	4383 :	11111111;
	4382 :	11111111;
	4381 :	11110110;
	4380 :	11110110;
	4379 :	11110110;
	4378 :	10101101;
	4377 :	01100101;
	4376 :	01100101;
	4375 :	01101110;
	4374 :	01101110;
	4373 :	01100110;
	4372 :	01100100;
	4371 :	10100100;
	4370 :	10100100;
	4369 :	10100100;
	4368 :	10100100;
	4367 :	10100100;
	4366 :	10100100;
	4365 :	10100100;
	4364 :	10100100;
	4363 :	10100100;
	4362 :	10100100;
	4361 :	10100100;
	4360 :	10100100;
	4359 :	10100100;
	4358 :	10100100;
	4357 :	10100100;
	4356 :	10100100;
	4355 :	10100100;
	4354 :	10100100;
	4353 :	10100100;
	4352 :	10100100;
	4351 :	10100100;
	4350 :	10100100;
	4349 :	10100100;
	4348 :	10100100;
	4347 :	10100101;
	4346 :	10101101;
	4345 :	10100100;
	4344 :	10011011;
	4343 :	11110110;
	4342 :	11111111;
	4341 :	11111111;
	4340 :	11111111;
	4339 :	11111111;
	4338 :	11111111;
	4337 :	11111111;
	4336 :	11111111;
	4335 :	11111111;
	4334 :	11111111;
	4333 :	11111111;
	4332 :	11111111;
	4331 :	11111111;
	4330 :	11111111;
	4329 :	11111111;
	4328 :	11111111;
	4327 :	11111111;
	4326 :	11111111;
	4325 :	11111111;
	4324 :	11111111;
	4323 :	11111111;
	4322 :	11111111;
	4321 :	11111111;
	4320 :	11111111;
	4319 :	11111111;
	4318 :	11111111;
	4317 :	11111111;
	4316 :	11111111;
	4315 :	11111111;
	4314 :	11111111;
	4313 :	11111111;
	4312 :	11111111;
	4311 :	11111111;
	4310 :	11111111;
	4309 :	11111111;
	4308 :	11111111;
	4307 :	11111111;
	4306 :	11111111;
	4305 :	11111111;
	4304 :	11111111;
	4303 :	11111111;
	4302 :	11111111;
	4301 :	11110110;
	4300 :	11110110;
	4299 :	11110110;
	4298 :	10110110;
	4297 :	01100101;
	4296 :	01100101;
	4295 :	01100110;
	4294 :	01101110;
	4293 :	01101110;
	4292 :	01100101;
	4291 :	01100100;
	4290 :	10100100;
	4289 :	10100100;
	4288 :	10100100;
	4287 :	10100100;
	4286 :	10100100;
	4285 :	10100100;
	4284 :	10100100;
	4283 :	10100100;
	4282 :	10100100;
	4281 :	10100100;
	4280 :	10100100;
	4279 :	10100100;
	4278 :	10100100;
	4277 :	10100100;
	4276 :	10100100;
	4275 :	10100100;
	4274 :	10100100;
	4273 :	10100100;
	4272 :	10100100;
	4271 :	10100100;
	4270 :	10100100;
	4269 :	10100100;
	4268 :	10100100;
	4267 :	10101101;
	4266 :	10100100;
	4265 :	10011011;
	4264 :	10101101;
	4263 :	11111111;
	4262 :	11111111;
	4261 :	11111111;
	4260 :	11111111;
	4259 :	11111111;
	4258 :	11111111;
	4257 :	11111111;
	4256 :	11111111;
	4255 :	11111111;
	4254 :	11111111;
	4253 :	11111111;
	4252 :	11111111;
	4251 :	11111111;
	4250 :	11111111;
	4249 :	11111111;
	4248 :	11111111;
	4247 :	11111111;
	4246 :	11111111;
	4245 :	11111111;
	4244 :	11111111;
	4243 :	11111111;
	4242 :	11111111;
	4241 :	11111111;
	4240 :	11111111;
	4239 :	11111111;
	4238 :	11111111;
	4237 :	11111111;
	4236 :	11111111;
	4235 :	11111111;
	4234 :	11111111;
	4233 :	11111111;
	4232 :	11111111;
	4231 :	11111111;
	4230 :	11111111;
	4229 :	11111111;
	4228 :	11111111;
	4227 :	11111111;
	4226 :	11111111;
	4225 :	11111111;
	4224 :	11111111;
	4223 :	11111111;
	4222 :	11110110;
	4221 :	11110110;
	4220 :	11110110;
	4219 :	11110110;
	4218 :	11110101;
	4217 :	10100100;
	4216 :	01011101;
	4215 :	01100101;
	4214 :	01101110;
	4213 :	01101110;
	4212 :	01100101;
	4211 :	01100100;
	4210 :	10100100;
	4209 :	10100100;
	4208 :	10100100;
	4207 :	10100100;
	4206 :	10100100;
	4205 :	10100100;
	4204 :	10100100;
	4203 :	10100100;
	4202 :	10100100;
	4201 :	10100100;
	4200 :	10100100;
	4199 :	10100100;
	4198 :	10100100;
	4197 :	10100100;
	4196 :	10100100;
	4195 :	10100100;
	4194 :	10100100;
	4193 :	10100100;
	4192 :	10100100;
	4191 :	10100100;
	4190 :	10100100;
	4189 :	10100100;
	4188 :	10101101;
	4187 :	10101101;
	4186 :	10100100;
	4185 :	10100100;
	4184 :	11111111;
	4183 :	11111111;
	4182 :	11111111;
	4181 :	11111111;
	4180 :	11111111;
	4179 :	11111111;
	4178 :	11111111;
	4177 :	11111111;
	4176 :	11111111;
	4175 :	11111111;
	4174 :	11111111;
	4173 :	11111111;
	4172 :	11111111;
	4171 :	11111111;
	4170 :	11111111;
	4169 :	11111111;
	4168 :	11111111;
	4167 :	11111111;
	4166 :	11111111;
	4165 :	11111111;
	4164 :	11111111;
	4163 :	11111111;
	4162 :	11111111;
	4161 :	11111111;
	4160 :	11111111;
	4159 :	11111111;
	4158 :	11111111;
	4157 :	11111111;
	4156 :	11111111;
	4155 :	11111111;
	4154 :	11111111;
	4153 :	11111111;
	4152 :	11111111;
	4151 :	11111111;
	4150 :	11111111;
	4149 :	11111111;
	4148 :	11111111;
	4147 :	11111111;
	4146 :	11111111;
	4145 :	11111111;
	4144 :	11111111;
	4143 :	11111111;
	4142 :	11110110;
	4141 :	11110110;
	4140 :	11110110;
	4139 :	11110110;
	4138 :	10101101;
	4137 :	10100011;
	4136 :	01100101;
	4135 :	01100101;
	4134 :	01100110;
	4133 :	01101110;
	4132 :	01100110;
	4131 :	01100101;
	4130 :	10100100;
	4129 :	10100100;
	4128 :	10100100;
	4127 :	10100100;
	4126 :	10100100;
	4125 :	10100100;
	4124 :	10100100;
	4123 :	10100100;
	4122 :	10100100;
	4121 :	10100100;
	4120 :	10100100;
	4119 :	10100100;
	4118 :	10100100;
	4117 :	10100100;
	4116 :	10100100;
	4115 :	10100100;
	4114 :	10100100;
	4113 :	10100100;
	4112 :	10100100;
	4111 :	10100100;
	4110 :	10100100;
	4109 :	10100101;
	4108 :	10101101;
	4107 :	10100100;
	4106 :	10011011;
	4105 :	11110110;
	4104 :	11111111;
	4103 :	11111111;
	4102 :	11111111;
	4101 :	11111111;
	4100 :	11111111;
	4099 :	11111111;
	4098 :	11111111;
	4097 :	11111111;
	4096 :	11111111;
	4095 :	11111111;
	4094 :	11111111;
	4093 :	11111111;
	4092 :	11111111;
	4091 :	11111111;
	4090 :	11111111;
	4089 :	11111111;
	4088 :	11111111;
	4087 :	11111111;
	4086 :	11111111;
	4085 :	11111111;
	4084 :	11111111;
	4083 :	11111111;
	4082 :	11111111;
	4081 :	11111111;
	4080 :	11111111;
	4079 :	11111111;
	4078 :	11111111;
	4077 :	11111111;
	4076 :	11111111;
	4075 :	11111111;
	4074 :	11111111;
	4073 :	11111111;
	4072 :	11111111;
	4071 :	11111111;
	4070 :	11111111;
	4069 :	11111111;
	4068 :	11111111;
	4067 :	11111111;
	4066 :	11111111;
	4065 :	11111111;
	4064 :	11111111;
	4063 :	11111111;
	4062 :	11110110;
	4061 :	11110110;
	4060 :	11110110;
	4059 :	10101101;
	4058 :	10100100;
	4057 :	10100011;
	4056 :	10100100;
	4055 :	01100101;
	4054 :	01100101;
	4053 :	01101110;
	4052 :	01101110;
	4051 :	01100101;
	4050 :	01011100;
	4049 :	10100100;
	4048 :	10100100;
	4047 :	10100100;
	4046 :	10100100;
	4045 :	10100100;
	4044 :	10100100;
	4043 :	10100100;
	4042 :	10100100;
	4041 :	10100100;
	4040 :	10100100;
	4039 :	10100100;
	4038 :	10100100;
	4037 :	10100100;
	4036 :	10100100;
	4035 :	10100100;
	4034 :	10100100;
	4033 :	10100100;
	4032 :	10100100;
	4031 :	10100100;
	4030 :	10100100;
	4029 :	10101101;
	4028 :	10101101;
	4027 :	10100100;
	4026 :	10100100;
	4025 :	11111111;
	4024 :	11111111;
	4023 :	11111111;
	4022 :	11111111;
	4021 :	11111111;
	4020 :	11111111;
	4019 :	11111111;
	4018 :	11111111;
	4017 :	11111111;
	4016 :	11111111;
	4015 :	11111111;
	4014 :	11111111;
	4013 :	11111111;
	4012 :	11111111;
	4011 :	11111111;
	4010 :	11111111;
	4009 :	11111111;
	4008 :	11111111;
	4007 :	11111111;
	4006 :	11111111;
	4005 :	11111111;
	4004 :	11111111;
	4003 :	11111111;
	4002 :	11111111;
	4001 :	11111111;
	4000 :	11111111;
	3999 :	11111111;
	3998 :	11111111;
	3997 :	11111111;
	3996 :	11111111;
	3995 :	11111111;
	3994 :	11111111;
	3993 :	11111111;
	3992 :	11111111;
	3991 :	11111111;
	3990 :	11111111;
	3989 :	11111111;
	3988 :	11111111;
	3987 :	11111111;
	3986 :	11111111;
	3985 :	11111111;
	3984 :	11111111;
	3983 :	11111111;
	3982 :	11110110;
	3981 :	11110110;
	3980 :	11110110;
	3979 :	10101101;
	3978 :	10011011;
	3977 :	10100100;
	3976 :	10100100;
	3975 :	01100100;
	3974 :	00100101;
	3973 :	01100110;
	3972 :	01101110;
	3971 :	01100101;
	3970 :	01011100;
	3969 :	01010010;
	3968 :	01010010;
	3967 :	10100100;
	3966 :	10100100;
	3965 :	10100100;
	3964 :	10100100;
	3963 :	10100100;
	3962 :	10100100;
	3961 :	10100100;
	3960 :	10100101;
	3959 :	10100101;
	3958 :	10100101;
	3957 :	10100101;
	3956 :	10100101;
	3955 :	10100101;
	3954 :	10100101;
	3953 :	10100100;
	3952 :	10100100;
	3951 :	10100100;
	3950 :	10100101;
	3949 :	10101101;
	3948 :	10100100;
	3947 :	10100011;
	3946 :	11110110;
	3945 :	11111111;
	3944 :	11111111;
	3943 :	11111111;
	3942 :	11111111;
	3941 :	11111111;
	3940 :	11111111;
	3939 :	11111111;
	3938 :	11111111;
	3937 :	11111111;
	3936 :	11111111;
	3935 :	11111111;
	3934 :	11111111;
	3933 :	11111111;
	3932 :	11111111;
	3931 :	11111111;
	3930 :	11111111;
	3929 :	11111111;
	3928 :	11111111;
	3927 :	11111111;
	3926 :	11111111;
	3925 :	11111111;
	3924 :	11111111;
	3923 :	11111111;
	3922 :	11111111;
	3921 :	11111111;
	3920 :	11111111;
	3919 :	11111111;
	3918 :	11111111;
	3917 :	11111111;
	3916 :	11111111;
	3915 :	11111111;
	3914 :	11111111;
	3913 :	11111111;
	3912 :	11111111;
	3911 :	11111111;
	3910 :	11111111;
	3909 :	11111111;
	3908 :	11111111;
	3907 :	11111111;
	3906 :	11111111;
	3905 :	11111111;
	3904 :	11111111;
	3903 :	11110110;
	3902 :	11110110;
	3901 :	11110110;
	3900 :	11110110;
	3899 :	10100100;
	3898 :	10100011;
	3897 :	10100100;
	3896 :	10100100;
	3895 :	10100100;
	3894 :	01100101;
	3893 :	01100101;
	3892 :	01101110;
	3891 :	01100110;
	3890 :	01100101;
	3889 :	00010010;
	3888 :	00000000;
	3887 :	01010010;
	3886 :	10100101;
	3885 :	10100100;
	3884 :	10100100;
	3883 :	10100100;
	3882 :	10100101;
	3881 :	10100101;
	3880 :	10100101;
	3879 :	10100101;
	3878 :	10100101;
	3877 :	10100101;
	3876 :	10100101;
	3875 :	10100101;
	3874 :	10100101;
	3873 :	10100101;
	3872 :	10100101;
	3871 :	10100100;
	3870 :	10101101;
	3869 :	10101101;
	3868 :	10100100;
	3867 :	10100100;
	3866 :	11110110;
	3865 :	11111111;
	3864 :	11111111;
	3863 :	11111111;
	3862 :	11111111;
	3861 :	11111111;
	3860 :	11111111;
	3859 :	11111111;
	3858 :	11111111;
	3857 :	11111111;
	3856 :	11111111;
	3855 :	11111111;
	3854 :	11111111;
	3853 :	11111111;
	3852 :	11111111;
	3851 :	11111111;
	3850 :	11111111;
	3849 :	11111111;
	3848 :	11111111;
	3847 :	11111111;
	3846 :	11111111;
	3845 :	11111111;
	3844 :	11111111;
	3843 :	11111111;
	3842 :	11111111;
	3841 :	11111111;
	3840 :	11111111;
	3839 :	11111111;
	3838 :	11111111;
	3837 :	11111111;
	3836 :	11111111;
	3835 :	11111111;
	3834 :	11111111;
	3833 :	11111111;
	3832 :	11111111;
	3831 :	11111111;
	3830 :	11111111;
	3829 :	11111111;
	3828 :	11111111;
	3827 :	11111111;
	3826 :	11111111;
	3825 :	11111111;
	3824 :	11111111;
	3823 :	11110110;
	3822 :	11110110;
	3821 :	11110110;
	3820 :	10101101;
	3819 :	10100100;
	3818 :	10100100;
	3817 :	10100100;
	3816 :	10100100;
	3815 :	10100100;
	3814 :	10100100;
	3813 :	01100101;
	3812 :	01100101;
	3811 :	01101110;
	3810 :	01100101;
	3809 :	00010011;
	3808 :	00000001;
	3807 :	00000000;
	3806 :	01011011;
	3805 :	10100101;
	3804 :	10100100;
	3803 :	10100101;
	3802 :	10100101;
	3801 :	10100101;
	3800 :	10100101;
	3799 :	10100101;
	3798 :	10100101;
	3797 :	10100101;
	3796 :	10100101;
	3795 :	10100101;
	3794 :	10100101;
	3793 :	10100101;
	3792 :	10100101;
	3791 :	10100101;
	3790 :	10101101;
	3789 :	10101101;
	3788 :	10100100;
	3787 :	10101101;
	3786 :	11111111;
	3785 :	11111111;
	3784 :	11111111;
	3783 :	11111111;
	3782 :	11111111;
	3781 :	11111111;
	3780 :	11111111;
	3779 :	11111111;
	3778 :	11111111;
	3777 :	11111111;
	3776 :	11111111;
	3775 :	11111111;
	3774 :	11111111;
	3773 :	11111111;
	3772 :	11111111;
	3771 :	11111111;
	3770 :	11111111;
	3769 :	11111111;
	3768 :	11111111;
	3767 :	11111111;
	3766 :	11111111;
	3765 :	11111111;
	3764 :	11111111;
	3763 :	11111111;
	3762 :	11111111;
	3761 :	11111111;
	3760 :	11111111;
	3759 :	11111111;
	3758 :	11111111;
	3757 :	11111111;
	3756 :	11111111;
	3755 :	11111111;
	3754 :	11111111;
	3753 :	11111111;
	3752 :	11111111;
	3751 :	11111111;
	3750 :	11111111;
	3749 :	11111111;
	3748 :	11111111;
	3747 :	11111111;
	3746 :	11111111;
	3745 :	11111111;
	3744 :	11111111;
	3743 :	11110110;
	3742 :	11110110;
	3741 :	11110110;
	3740 :	10101101;
	3739 :	10100011;
	3738 :	10100100;
	3737 :	10100100;
	3736 :	10100100;
	3735 :	10100100;
	3734 :	10100100;
	3733 :	01100100;
	3732 :	00100101;
	3731 :	01100110;
	3730 :	01100101;
	3729 :	00010011;
	3728 :	00000000;
	3727 :	01010010;
	3726 :	01010010;
	3725 :	10100100;
	3724 :	10100101;
	3723 :	10100101;
	3722 :	10100101;
	3721 :	10100101;
	3720 :	10100101;
	3719 :	10100101;
	3718 :	10100101;
	3717 :	10100101;
	3716 :	10100101;
	3715 :	10100101;
	3714 :	10100101;
	3713 :	10100101;
	3712 :	10100101;
	3711 :	10100101;
	3710 :	10101101;
	3709 :	10100101;
	3708 :	10100100;
	3707 :	11110110;
	3706 :	11111111;
	3705 :	11111111;
	3704 :	11111111;
	3703 :	11111111;
	3702 :	11111111;
	3701 :	11111111;
	3700 :	11111111;
	3699 :	11111111;
	3698 :	11111111;
	3697 :	11111111;
	3696 :	11111111;
	3695 :	11111111;
	3694 :	11111111;
	3693 :	11111111;
	3692 :	11111111;
	3691 :	11111111;
	3690 :	11111111;
	3689 :	11111111;
	3688 :	11111111;
	3687 :	11111111;
	3686 :	11111111;
	3685 :	11111111;
	3684 :	11111111;
	3683 :	11111111;
	3682 :	11111111;
	3681 :	11111111;
	3680 :	11111111;
	3679 :	11111111;
	3678 :	11111111;
	3677 :	11111111;
	3676 :	11111111;
	3675 :	11111111;
	3674 :	11111111;
	3673 :	11111111;
	3672 :	11111111;
	3671 :	11111111;
	3670 :	11111111;
	3669 :	11111111;
	3668 :	11111111;
	3667 :	11111111;
	3666 :	11111111;
	3665 :	11111111;
	3664 :	11111111;
	3663 :	11110110;
	3662 :	11110110;
	3661 :	11110110;
	3660 :	10101101;
	3659 :	10011011;
	3658 :	10100100;
	3657 :	10100100;
	3656 :	10100100;
	3655 :	10100100;
	3654 :	10100100;
	3653 :	10100100;
	3652 :	01100101;
	3651 :	01100101;
	3650 :	01100101;
	3649 :	00001010;
	3648 :	01010010;
	3647 :	10100101;
	3646 :	01011011;
	3645 :	10100100;
	3644 :	10101101;
	3643 :	10100101;
	3642 :	10100101;
	3641 :	10100101;
	3640 :	10100101;
	3639 :	10101101;
	3638 :	10101101;
	3637 :	10101101;
	3636 :	10101101;
	3635 :	10101101;
	3634 :	10101101;
	3633 :	10101101;
	3632 :	10100101;
	3631 :	10101101;
	3630 :	10101101;
	3629 :	10100100;
	3628 :	10100100;
	3627 :	11110110;
	3626 :	11111111;
	3625 :	11111111;
	3624 :	11111111;
	3623 :	11111111;
	3622 :	11111111;
	3621 :	11111111;
	3620 :	11111111;
	3619 :	11111111;
	3618 :	11111111;
	3617 :	11111111;
	3616 :	11111111;
	3615 :	11111111;
	3614 :	11111111;
	3613 :	11111111;
	3612 :	11111111;
	3611 :	11111111;
	3610 :	11111111;
	3609 :	11111111;
	3608 :	11111111;
	3607 :	11111111;
	3606 :	11111111;
	3605 :	11111111;
	3604 :	11111111;
	3603 :	11111111;
	3602 :	11111111;
	3601 :	11111111;
	3600 :	11111111;
	3599 :	11111111;
	3598 :	11111111;
	3597 :	11111111;
	3596 :	11111111;
	3595 :	11111111;
	3594 :	11111111;
	3593 :	11111111;
	3592 :	11111111;
	3591 :	11111111;
	3590 :	11111111;
	3589 :	11111111;
	3588 :	11111111;
	3587 :	11111111;
	3586 :	11111111;
	3585 :	11111111;
	3584 :	11111111;
	3583 :	11110110;
	3582 :	11110110;
	3581 :	11110110;
	3580 :	10100100;
	3579 :	10100100;
	3578 :	10100100;
	3577 :	10100100;
	3576 :	10100100;
	3575 :	10100100;
	3574 :	10100100;
	3573 :	10100100;
	3572 :	10100100;
	3571 :	01011100;
	3570 :	00010011;
	3569 :	00001001;
	3568 :	10100100;
	3567 :	10100101;
	3566 :	10100100;
	3565 :	10100100;
	3564 :	10100101;
	3563 :	10100101;
	3562 :	10100101;
	3561 :	10101101;
	3560 :	10101101;
	3559 :	10101101;
	3558 :	10101101;
	3557 :	10110110;
	3556 :	11110110;
	3555 :	10110110;
	3554 :	10101101;
	3553 :	10101101;
	3552 :	10101101;
	3551 :	10101101;
	3550 :	10101101;
	3549 :	10100100;
	3548 :	10101100;
	3547 :	11111111;
	3546 :	11111111;
	3545 :	11111111;
	3544 :	11111111;
	3543 :	11111111;
	3542 :	11111111;
	3541 :	11111111;
	3540 :	11111111;
	3539 :	11111111;
	3538 :	11111111;
	3537 :	11111111;
	3536 :	11111111;
	3535 :	11111111;
	3534 :	11111111;
	3533 :	11111111;
	3532 :	11111111;
	3531 :	11111111;
	3530 :	11111111;
	3529 :	11111111;
	3528 :	11111111;
	3527 :	11111111;
	3526 :	11111111;
	3525 :	11111111;
	3524 :	11111111;
	3523 :	11111111;
	3522 :	11111111;
	3521 :	11111111;
	3520 :	11111111;
	3519 :	11111111;
	3518 :	11111111;
	3517 :	11111111;
	3516 :	11111111;
	3515 :	11111111;
	3514 :	11111111;
	3513 :	11111111;
	3512 :	11111111;
	3511 :	11111111;
	3510 :	11111111;
	3509 :	11111111;
	3508 :	11111111;
	3507 :	11111111;
	3506 :	11111111;
	3505 :	11111111;
	3504 :	11111111;
	3503 :	11110110;
	3502 :	11110110;
	3501 :	11110110;
	3500 :	10100100;
	3499 :	10100100;
	3498 :	10100100;
	3497 :	10100100;
	3496 :	10100100;
	3495 :	10100100;
	3494 :	10100100;
	3493 :	10100100;
	3492 :	10011100;
	3491 :	01001010;
	3490 :	00000000;
	3489 :	01011011;
	3488 :	10100100;
	3487 :	10100101;
	3486 :	10100101;
	3485 :	10100101;
	3484 :	10100101;
	3483 :	10100101;
	3482 :	10101101;
	3481 :	10101101;
	3480 :	10110110;
	3479 :	10101101;
	3478 :	10101101;
	3477 :	10101101;
	3476 :	10101101;
	3475 :	11110110;
	3474 :	11110110;
	3473 :	11110110;
	3472 :	10101101;
	3471 :	10101101;
	3470 :	10101101;
	3469 :	10100100;
	3468 :	10101101;
	3467 :	11111111;
	3466 :	11111111;
	3465 :	11111111;
	3464 :	11111111;
	3463 :	11111111;
	3462 :	11111111;
	3461 :	11111111;
	3460 :	11111111;
	3459 :	11111111;
	3458 :	11111111;
	3457 :	11111111;
	3456 :	11111111;
	3455 :	11111111;
	3454 :	11111111;
	3453 :	11111111;
	3452 :	11111111;
	3451 :	11111111;
	3450 :	11111111;
	3449 :	11111111;
	3448 :	11111111;
	3447 :	11111111;
	3446 :	11111111;
	3445 :	11111111;
	3444 :	11111111;
	3443 :	11111111;
	3442 :	11111111;
	3441 :	11111111;
	3440 :	11111111;
	3439 :	11111111;
	3438 :	11111111;
	3437 :	11111111;
	3436 :	11111111;
	3435 :	11111111;
	3434 :	11111111;
	3433 :	11111111;
	3432 :	11111111;
	3431 :	11111111;
	3430 :	11111111;
	3429 :	11111111;
	3428 :	11111111;
	3427 :	11111111;
	3426 :	11111111;
	3425 :	11111111;
	3424 :	11111111;
	3423 :	11110110;
	3422 :	11110110;
	3421 :	10101101;
	3420 :	10100100;
	3419 :	10100100;
	3418 :	10100100;
	3417 :	10100100;
	3416 :	10100100;
	3415 :	10100100;
	3414 :	10100100;
	3413 :	10100100;
	3412 :	01011011;
	3411 :	01001001;
	3410 :	01001010;
	3409 :	10100100;
	3408 :	10100101;
	3407 :	10100101;
	3406 :	10100101;
	3405 :	10100101;
	3404 :	10100101;
	3403 :	10101101;
	3402 :	10101101;
	3401 :	11110110;
	3400 :	10101101;
	3399 :	10011011;
	3398 :	01010010;
	3397 :	01001001;
	3396 :	01010010;
	3395 :	10100100;
	3394 :	11110110;
	3393 :	11110110;
	3392 :	11110110;
	3391 :	10110110;
	3390 :	10101101;
	3389 :	10100100;
	3388 :	11110110;
	3387 :	11111111;
	3386 :	11111111;
	3385 :	11111111;
	3384 :	11111111;
	3383 :	11111111;
	3382 :	11111111;
	3381 :	11111111;
	3380 :	11111111;
	3379 :	11111111;
	3378 :	11111111;
	3377 :	11111111;
	3376 :	11111111;
	3375 :	11111111;
	3374 :	11111111;
	3373 :	11111111;
	3372 :	11111111;
	3371 :	11111111;
	3370 :	11111111;
	3369 :	11111111;
	3368 :	11111111;
	3367 :	11111111;
	3366 :	11111111;
	3365 :	11111111;
	3364 :	11111111;
	3363 :	11111111;
	3362 :	11111111;
	3361 :	11111111;
	3360 :	11111111;
	3359 :	11111111;
	3358 :	11111111;
	3357 :	11111111;
	3356 :	11111111;
	3355 :	11111111;
	3354 :	11111111;
	3353 :	11111111;
	3352 :	11111111;
	3351 :	11111111;
	3350 :	11111111;
	3349 :	11111111;
	3348 :	11111111;
	3347 :	11111111;
	3346 :	11111111;
	3345 :	11111111;
	3344 :	11111111;
	3343 :	11110110;
	3342 :	11110110;
	3341 :	10101101;
	3340 :	10100100;
	3339 :	10100100;
	3338 :	10100100;
	3337 :	10100100;
	3336 :	10100100;
	3335 :	10100100;
	3334 :	10100100;
	3333 :	10100100;
	3332 :	01011011;
	3331 :	01010010;
	3330 :	01011011;
	3329 :	10100100;
	3328 :	10100101;
	3327 :	10100101;
	3326 :	10100101;
	3325 :	10100101;
	3324 :	10101101;
	3323 :	10101101;
	3322 :	10110110;
	3321 :	10101101;
	3320 :	01010010;
	3319 :	00000000;
	3318 :	01010010;
	3317 :	01011011;
	3316 :	01010010;
	3315 :	00000000;
	3314 :	01011011;
	3313 :	11110110;
	3312 :	11111111;
	3311 :	11110110;
	3310 :	10110101;
	3309 :	10101101;
	3308 :	11110110;
	3307 :	11111111;
	3306 :	11111111;
	3305 :	11111111;
	3304 :	11111111;
	3303 :	11111111;
	3302 :	11111111;
	3301 :	11111111;
	3300 :	11111111;
	3299 :	11111111;
	3298 :	11111111;
	3297 :	11111111;
	3296 :	11111111;
	3295 :	11111111;
	3294 :	11111111;
	3293 :	11111111;
	3292 :	11111111;
	3291 :	11111111;
	3290 :	11111111;
	3289 :	11111111;
	3288 :	11111111;
	3287 :	11111111;
	3286 :	11111111;
	3285 :	11111111;
	3284 :	11111111;
	3283 :	11111111;
	3282 :	11111111;
	3281 :	11111111;
	3280 :	11111111;
	3279 :	11111111;
	3278 :	11111111;
	3277 :	11111111;
	3276 :	11111111;
	3275 :	11111111;
	3274 :	11111111;
	3273 :	11111111;
	3272 :	11111111;
	3271 :	11111111;
	3270 :	11111111;
	3269 :	11111111;
	3268 :	11111111;
	3267 :	11111111;
	3266 :	11111111;
	3265 :	11111111;
	3264 :	11111111;
	3263 :	11110110;
	3262 :	11110110;
	3261 :	10101101;
	3260 :	10100100;
	3259 :	10100100;
	3258 :	10100100;
	3257 :	10100100;
	3256 :	10100100;
	3255 :	10100100;
	3254 :	10100100;
	3253 :	10100100;
	3252 :	01011011;
	3251 :	01010011;
	3250 :	10100100;
	3249 :	10100101;
	3248 :	10100101;
	3247 :	10100101;
	3246 :	10100101;
	3245 :	10101101;
	3244 :	10101101;
	3243 :	10101101;
	3242 :	10110110;
	3241 :	01011011;
	3240 :	00000000;
	3239 :	10011011;
	3238 :	10011011;
	3237 :	10011011;
	3236 :	10011011;
	3235 :	01010010;
	3234 :	00000000;
	3233 :	10101101;
	3232 :	11111111;
	3231 :	11111111;
	3230 :	11110110;
	3229 :	10101101;
	3228 :	11110110;
	3227 :	11111111;
	3226 :	11111111;
	3225 :	11111111;
	3224 :	11111111;
	3223 :	11111111;
	3222 :	11111111;
	3221 :	11111111;
	3220 :	11111111;
	3219 :	11111111;
	3218 :	11111111;
	3217 :	11111111;
	3216 :	11111111;
	3215 :	11111111;
	3214 :	11111111;
	3213 :	11111111;
	3212 :	11111111;
	3211 :	11111111;
	3210 :	11111111;
	3209 :	11111111;
	3208 :	11111111;
	3207 :	11111111;
	3206 :	11111111;
	3205 :	11111111;
	3204 :	11111111;
	3203 :	11111111;
	3202 :	11111111;
	3201 :	11111111;
	3200 :	11111111;
	3199 :	11111111;
	3198 :	11111111;
	3197 :	11111111;
	3196 :	11111111;
	3195 :	11111111;
	3194 :	11111111;
	3193 :	11111111;
	3192 :	11111111;
	3191 :	11111111;
	3190 :	11111111;
	3189 :	11111111;
	3188 :	11111111;
	3187 :	11111111;
	3186 :	11111111;
	3185 :	11111111;
	3184 :	11111111;
	3183 :	11110110;
	3182 :	11110110;
	3181 :	10101101;
	3180 :	10100100;
	3179 :	10100100;
	3178 :	10100100;
	3177 :	10100100;
	3176 :	10100100;
	3175 :	10100100;
	3174 :	10100100;
	3173 :	10100100;
	3172 :	10011011;
	3171 :	01011011;
	3170 :	10100100;
	3169 :	10100101;
	3168 :	10100101;
	3167 :	10100101;
	3166 :	10101101;
	3165 :	10101101;
	3164 :	10101101;
	3163 :	11110110;
	3162 :	10101101;
	3161 :	01010010;
	3160 :	01010010;
	3159 :	10011011;
	3158 :	10011011;
	3157 :	10100100;
	3156 :	11110110;
	3155 :	11110110;
	3154 :	10100100;
	3153 :	01011011;
	3152 :	11111111;
	3151 :	11111111;
	3150 :	11111111;
	3149 :	11110110;
	3148 :	11110110;
	3147 :	11111111;
	3146 :	11111111;
	3145 :	11111111;
	3144 :	11111111;
	3143 :	11111111;
	3142 :	11111111;
	3141 :	11111111;
	3140 :	11111111;
	3139 :	11111111;
	3138 :	11111111;
	3137 :	11111111;
	3136 :	11111111;
	3135 :	11111111;
	3134 :	11111111;
	3133 :	11111111;
	3132 :	11111111;
	3131 :	11111111;
	3130 :	11111111;
	3129 :	11111111;
	3128 :	11111111;
	3127 :	11111111;
	3126 :	11111111;
	3125 :	11111111;
	3124 :	11111111;
	3123 :	11111111;
	3122 :	11111111;
	3121 :	11111111;
	3120 :	11111111;
	3119 :	11111111;
	3118 :	11111111;
	3117 :	11111111;
	3116 :	11111111;
	3115 :	11111111;
	3114 :	11111111;
	3113 :	11111111;
	3112 :	11111111;
	3111 :	11111111;
	3110 :	11111111;
	3109 :	11111111;
	3108 :	11111111;
	3107 :	11111111;
	3106 :	11111111;
	3105 :	11111111;
	3104 :	11111111;
	3103 :	11110110;
	3102 :	11110110;
	3101 :	10101101;
	3100 :	10100100;
	3099 :	10100100;
	3098 :	10100101;
	3097 :	10100100;
	3096 :	10100100;
	3095 :	10100100;
	3094 :	10100100;
	3093 :	10100100;
	3092 :	10011100;
	3091 :	01011011;
	3090 :	10100100;
	3089 :	10100101;
	3088 :	10100101;
	3087 :	10100101;
	3086 :	10101101;
	3085 :	10101101;
	3084 :	10101101;
	3083 :	11110110;
	3082 :	10101101;
	3081 :	01001001;
	3080 :	01011010;
	3079 :	10011011;
	3078 :	10100100;
	3077 :	11110110;
	3076 :	11111111;
	3075 :	11111111;
	3074 :	11111111;
	3073 :	10100100;
	3072 :	11111111;
	3071 :	11111111;
	3070 :	11111111;
	3069 :	11110110;
	3068 :	10110101;
	3067 :	11111111;
	3066 :	11111111;
	3065 :	11111111;
	3064 :	11111111;
	3063 :	11111111;
	3062 :	11111111;
	3061 :	11111111;
	3060 :	11111111;
	3059 :	11111111;
	3058 :	11111111;
	3057 :	11111111;
	3056 :	11111111;
	3055 :	11111111;
	3054 :	11111111;
	3053 :	11111111;
	3052 :	11111111;
	3051 :	11111111;
	3050 :	11111111;
	3049 :	11111111;
	3048 :	11111111;
	3047 :	11111111;
	3046 :	11111111;
	3045 :	11111111;
	3044 :	11111111;
	3043 :	11111111;
	3042 :	11111111;
	3041 :	11111111;
	3040 :	11111111;
	3039 :	11111111;
	3038 :	11111111;
	3037 :	11111111;
	3036 :	11111111;
	3035 :	11111111;
	3034 :	11111111;
	3033 :	11111111;
	3032 :	11111111;
	3031 :	11111111;
	3030 :	11111111;
	3029 :	11111111;
	3028 :	11111111;
	3027 :	11111111;
	3026 :	11111111;
	3025 :	11111111;
	3024 :	11111111;
	3023 :	11110110;
	3022 :	11110110;
	3021 :	10101101;
	3020 :	10100100;
	3019 :	10100100;
	3018 :	10100101;
	3017 :	10100100;
	3016 :	10100100;
	3015 :	10100100;
	3014 :	10100100;
	3013 :	10100100;
	3012 :	10100100;
	3011 :	10011100;
	3010 :	10100100;
	3009 :	10100101;
	3008 :	10100101;
	3007 :	10101101;
	3006 :	10101101;
	3005 :	10101101;
	3004 :	10101101;
	3003 :	11110110;
	3002 :	10101101;
	3001 :	01010010;
	3000 :	01010010;
	2999 :	10011011;
	2998 :	10101101;
	2997 :	11111111;
	2996 :	11111111;
	2995 :	11111111;
	2994 :	11111111;
	2993 :	11110110;
	2992 :	11111111;
	2991 :	11111111;
	2990 :	11111111;
	2989 :	11110110;
	2988 :	10110110;
	2987 :	11110110;
	2986 :	11111111;
	2985 :	11111111;
	2984 :	11111111;
	2983 :	11111111;
	2982 :	11111111;
	2981 :	11111111;
	2980 :	11111111;
	2979 :	11111111;
	2978 :	11111111;
	2977 :	11111111;
	2976 :	11111111;
	2975 :	11111111;
	2974 :	11111111;
	2973 :	11111111;
	2972 :	11111111;
	2971 :	11111111;
	2970 :	11111111;
	2969 :	11111111;
	2968 :	11111111;
	2967 :	11111111;
	2966 :	11111111;
	2965 :	11111111;
	2964 :	11111111;
	2963 :	11111111;
	2962 :	11111111;
	2961 :	11111111;
	2960 :	11111111;
	2959 :	11111111;
	2958 :	11111111;
	2957 :	11111111;
	2956 :	11111111;
	2955 :	11111111;
	2954 :	11111111;
	2953 :	11111111;
	2952 :	11111111;
	2951 :	11111111;
	2950 :	11111111;
	2949 :	11111111;
	2948 :	11111111;
	2947 :	11111111;
	2946 :	11111111;
	2945 :	11111111;
	2944 :	11111111;
	2943 :	11110110;
	2942 :	11110110;
	2941 :	10101101;
	2940 :	10100100;
	2939 :	10100100;
	2938 :	10100101;
	2937 :	10100100;
	2936 :	10100100;
	2935 :	10100100;
	2934 :	10100100;
	2933 :	10100100;
	2932 :	10100100;
	2931 :	10100100;
	2930 :	10100100;
	2929 :	10100101;
	2928 :	10100101;
	2927 :	10101101;
	2926 :	10101101;
	2925 :	10101101;
	2924 :	10101101;
	2923 :	11110110;
	2922 :	11110110;
	2921 :	10011011;
	2920 :	00000000;
	2919 :	01011010;
	2918 :	10101101;
	2917 :	11111111;
	2916 :	11111111;
	2915 :	11111111;
	2914 :	11111111;
	2913 :	11111111;
	2912 :	11111111;
	2911 :	11111111;
	2910 :	11111111;
	2909 :	11110110;
	2908 :	10110110;
	2907 :	11110110;
	2906 :	11111111;
	2905 :	11111111;
	2904 :	11111111;
	2903 :	11111111;
	2902 :	11111111;
	2901 :	11111111;
	2900 :	11111111;
	2899 :	11111111;
	2898 :	11111111;
	2897 :	11111111;
	2896 :	11111111;
	2895 :	11111111;
	2894 :	11111111;
	2893 :	11111111;
	2892 :	11111111;
	2891 :	11111111;
	2890 :	11111111;
	2889 :	11111111;
	2888 :	11111111;
	2887 :	11111111;
	2886 :	11111111;
	2885 :	11111111;
	2884 :	11111111;
	2883 :	11111111;
	2882 :	11111111;
	2881 :	11111111;
	2880 :	11111111;
	2879 :	11111111;
	2878 :	11111111;
	2877 :	11111111;
	2876 :	11111111;
	2875 :	11111111;
	2874 :	11111111;
	2873 :	11111111;
	2872 :	11111111;
	2871 :	11111111;
	2870 :	11111111;
	2869 :	11111111;
	2868 :	11111111;
	2867 :	11111111;
	2866 :	11111111;
	2865 :	11111111;
	2864 :	11111111;
	2863 :	11110110;
	2862 :	11110110;
	2861 :	11110110;
	2860 :	10100100;
	2859 :	10100100;
	2858 :	10100101;
	2857 :	10100100;
	2856 :	10100100;
	2855 :	10100100;
	2854 :	10100100;
	2853 :	10100100;
	2852 :	10100100;
	2851 :	10100100;
	2850 :	10100100;
	2849 :	10100101;
	2848 :	10101101;
	2847 :	10101101;
	2846 :	10101101;
	2845 :	10101101;
	2844 :	10101101;
	2843 :	11110110;
	2842 :	11110110;
	2841 :	10110110;
	2840 :	10011011;
	2839 :	00000000;
	2838 :	01010010;
	2837 :	11110110;
	2836 :	11111111;
	2835 :	11111111;
	2834 :	11111111;
	2833 :	11111111;
	2832 :	11111111;
	2831 :	11111111;
	2830 :	11111111;
	2829 :	11110110;
	2828 :	10110110;
	2827 :	11110110;
	2826 :	11111111;
	2825 :	11111111;
	2824 :	11111111;
	2823 :	11111111;
	2822 :	11111111;
	2821 :	11111111;
	2820 :	11111111;
	2819 :	11111111;
	2818 :	11111111;
	2817 :	11111111;
	2816 :	11111111;
	2815 :	11111111;
	2814 :	11111111;
	2813 :	11111111;
	2812 :	11111111;
	2811 :	11111111;
	2810 :	11111111;
	2809 :	11111111;
	2808 :	11111111;
	2807 :	11111111;
	2806 :	11111111;
	2805 :	11111111;
	2804 :	11111111;
	2803 :	11111111;
	2802 :	11111111;
	2801 :	11111111;
	2800 :	11111111;
	2799 :	11111111;
	2798 :	11111111;
	2797 :	11111111;
	2796 :	11111111;
	2795 :	11111111;
	2794 :	11111111;
	2793 :	11111111;
	2792 :	11111111;
	2791 :	11111111;
	2790 :	11111111;
	2789 :	11111111;
	2788 :	11111111;
	2787 :	11111111;
	2786 :	11111111;
	2785 :	11111111;
	2784 :	11111111;
	2783 :	11110110;
	2782 :	11110110;
	2781 :	11110110;
	2780 :	10100100;
	2779 :	10100100;
	2778 :	10100100;
	2777 :	10100101;
	2776 :	10100100;
	2775 :	10100100;
	2774 :	10100100;
	2773 :	10100100;
	2772 :	10100100;
	2771 :	10100100;
	2770 :	10100101;
	2769 :	10100101;
	2768 :	10101101;
	2767 :	10101101;
	2766 :	10101101;
	2765 :	10101101;
	2764 :	10101101;
	2763 :	10110110;
	2762 :	11110110;
	2761 :	11110110;
	2760 :	11110110;
	2759 :	10101101;
	2758 :	10011011;
	2757 :	10100100;
	2756 :	11110110;
	2755 :	11111111;
	2754 :	11111111;
	2753 :	11111111;
	2752 :	11111111;
	2751 :	11111111;
	2750 :	11111111;
	2749 :	11110110;
	2748 :	10110101;
	2747 :	11111111;
	2746 :	11111111;
	2745 :	11111111;
	2744 :	11111111;
	2743 :	11111111;
	2742 :	11111111;
	2741 :	11111111;
	2740 :	11111111;
	2739 :	11111111;
	2738 :	11111111;
	2737 :	11111111;
	2736 :	11111111;
	2735 :	11111111;
	2734 :	11111111;
	2733 :	11111111;
	2732 :	11111111;
	2731 :	11111111;
	2730 :	11111111;
	2729 :	11111111;
	2728 :	11111111;
	2727 :	11111111;
	2726 :	11111111;
	2725 :	11111111;
	2724 :	11111111;
	2723 :	11111111;
	2722 :	11111111;
	2721 :	11111111;
	2720 :	11111111;
	2719 :	11111111;
	2718 :	11111111;
	2717 :	11111111;
	2716 :	11111111;
	2715 :	11111111;
	2714 :	11111111;
	2713 :	11111111;
	2712 :	11111111;
	2711 :	11111111;
	2710 :	11111111;
	2709 :	11111111;
	2708 :	11111111;
	2707 :	11111111;
	2706 :	11111111;
	2705 :	11111111;
	2704 :	11111111;
	2703 :	11110110;
	2702 :	11110110;
	2701 :	11110110;
	2700 :	10101100;
	2699 :	10100011;
	2698 :	10100100;
	2697 :	10100101;
	2696 :	10100100;
	2695 :	10100100;
	2694 :	10100100;
	2693 :	10100100;
	2692 :	10100100;
	2691 :	10100100;
	2690 :	10100101;
	2689 :	10101101;
	2688 :	10101101;
	2687 :	10101101;
	2686 :	10101101;
	2685 :	10101101;
	2684 :	10101101;
	2683 :	10101101;
	2682 :	11110110;
	2681 :	11110110;
	2680 :	11110110;
	2679 :	11110110;
	2678 :	11110110;
	2677 :	11110110;
	2676 :	11110110;
	2675 :	11111111;
	2674 :	11111111;
	2673 :	11111111;
	2672 :	11111111;
	2671 :	11111111;
	2670 :	11111111;
	2669 :	10110110;
	2668 :	11110110;
	2667 :	11111111;
	2666 :	11111111;
	2665 :	11111111;
	2664 :	11111111;
	2663 :	11111111;
	2662 :	11111111;
	2661 :	11111111;
	2660 :	11111111;
	2659 :	11111111;
	2658 :	11111111;
	2657 :	11111111;
	2656 :	11111111;
	2655 :	11111111;
	2654 :	11111111;
	2653 :	11111111;
	2652 :	11111111;
	2651 :	11111111;
	2650 :	11111111;
	2649 :	11111111;
	2648 :	11111111;
	2647 :	11111111;
	2646 :	11111111;
	2645 :	11111111;
	2644 :	11111111;
	2643 :	11111111;
	2642 :	11111111;
	2641 :	11111111;
	2640 :	11111111;
	2639 :	11111111;
	2638 :	11111111;
	2637 :	11111111;
	2636 :	11111111;
	2635 :	11111111;
	2634 :	11111111;
	2633 :	11111111;
	2632 :	11111111;
	2631 :	11111111;
	2630 :	11111111;
	2629 :	11111111;
	2628 :	11111111;
	2627 :	11111111;
	2626 :	11111111;
	2625 :	11111111;
	2624 :	11111111;
	2623 :	11110110;
	2622 :	11110110;
	2621 :	11110110;
	2620 :	10101101;
	2619 :	10100011;
	2618 :	10100100;
	2617 :	10101101;
	2616 :	10100100;
	2615 :	10100100;
	2614 :	10100100;
	2613 :	10100100;
	2612 :	10100100;
	2611 :	10100100;
	2610 :	10100101;
	2609 :	10101101;
	2608 :	10101101;
	2607 :	10101101;
	2606 :	10101101;
	2605 :	10101101;
	2604 :	10101101;
	2603 :	10101101;
	2602 :	10110110;
	2601 :	11110110;
	2600 :	11110110;
	2599 :	11110110;
	2598 :	11110110;
	2597 :	11110110;
	2596 :	11110110;
	2595 :	11111111;
	2594 :	11111111;
	2593 :	11111111;
	2592 :	11111111;
	2591 :	11111111;
	2590 :	11110110;
	2589 :	10101101;
	2588 :	11110110;
	2587 :	11111111;
	2586 :	11111111;
	2585 :	11111111;
	2584 :	11111111;
	2583 :	11111111;
	2582 :	11111111;
	2581 :	11111111;
	2580 :	11111111;
	2579 :	11111111;
	2578 :	11111111;
	2577 :	11111111;
	2576 :	11111111;
	2575 :	11111111;
	2574 :	11111111;
	2573 :	11111111;
	2572 :	11111111;
	2571 :	11111111;
	2570 :	11111111;
	2569 :	11111111;
	2568 :	11111111;
	2567 :	11111111;
	2566 :	11111111;
	2565 :	11111111;
	2564 :	11111111;
	2563 :	11111111;
	2562 :	11111111;
	2561 :	11111111;
	2560 :	11111111;
	2559 :	11111111;
	2558 :	11111111;
	2557 :	11111111;
	2556 :	11111111;
	2555 :	11111111;
	2554 :	11111111;
	2553 :	11111111;
	2552 :	11111111;
	2551 :	11111111;
	2550 :	11111111;
	2549 :	11111111;
	2548 :	11111111;
	2547 :	11111111;
	2546 :	11111111;
	2545 :	11111111;
	2544 :	11111111;
	2543 :	11110110;
	2542 :	11110110;
	2541 :	11110110;
	2540 :	10101101;
	2539 :	10100100;
	2538 :	10100100;
	2537 :	10101101;
	2536 :	10100100;
	2535 :	10100100;
	2534 :	10100100;
	2533 :	10100100;
	2532 :	10100100;
	2531 :	10100100;
	2530 :	10100101;
	2529 :	10101101;
	2528 :	10101101;
	2527 :	10101101;
	2526 :	10101101;
	2525 :	10101101;
	2524 :	10101101;
	2523 :	10101101;
	2522 :	10101101;
	2521 :	10110110;
	2520 :	11110110;
	2519 :	11110110;
	2518 :	11110110;
	2517 :	11110110;
	2516 :	11110110;
	2515 :	11110110;
	2514 :	11111111;
	2513 :	11111111;
	2512 :	11111111;
	2511 :	11110110;
	2510 :	10101101;
	2509 :	11110110;
	2508 :	11111111;
	2507 :	11111111;
	2506 :	11111111;
	2505 :	11111111;
	2504 :	11111111;
	2503 :	11111111;
	2502 :	11111111;
	2501 :	11111111;
	2500 :	11111111;
	2499 :	11111111;
	2498 :	11111111;
	2497 :	11111111;
	2496 :	11111111;
	2495 :	11111111;
	2494 :	11111111;
	2493 :	11111111;
	2492 :	11111111;
	2491 :	11111111;
	2490 :	11111111;
	2489 :	11111111;
	2488 :	11111111;
	2487 :	11111111;
	2486 :	11111111;
	2485 :	11111111;
	2484 :	11111111;
	2483 :	11111111;
	2482 :	11111111;
	2481 :	11111111;
	2480 :	11111111;
	2479 :	11111111;
	2478 :	11111111;
	2477 :	11111111;
	2476 :	11111111;
	2475 :	11111111;
	2474 :	11111111;
	2473 :	11111111;
	2472 :	11111111;
	2471 :	11111111;
	2470 :	11111111;
	2469 :	11111111;
	2468 :	11111111;
	2467 :	11111111;
	2466 :	11111111;
	2465 :	11111111;
	2464 :	11111111;
	2463 :	11110110;
	2462 :	11110110;
	2461 :	11110110;
	2460 :	10101101;
	2459 :	10100100;
	2458 :	10100100;
	2457 :	10101101;
	2456 :	10100101;
	2455 :	10100100;
	2454 :	10100100;
	2453 :	10100100;
	2452 :	10100101;
	2451 :	10100101;
	2450 :	10100101;
	2449 :	10101101;
	2448 :	10101101;
	2447 :	10101101;
	2446 :	10101101;
	2445 :	10101101;
	2444 :	10101101;
	2443 :	10101101;
	2442 :	10101101;
	2441 :	10101101;
	2440 :	10101101;
	2439 :	11110110;
	2438 :	11110110;
	2437 :	11110110;
	2436 :	11110110;
	2435 :	11110110;
	2434 :	11110110;
	2433 :	11110110;
	2432 :	11110110;
	2431 :	10101101;
	2430 :	10101101;
	2429 :	10101101;
	2428 :	11111111;
	2427 :	11111111;
	2426 :	11111111;
	2425 :	11111111;
	2424 :	11111111;
	2423 :	11111111;
	2422 :	11111111;
	2421 :	11111111;
	2420 :	11111111;
	2419 :	11111111;
	2418 :	11111111;
	2417 :	11111111;
	2416 :	11111111;
	2415 :	11111111;
	2414 :	11111111;
	2413 :	11111111;
	2412 :	11111111;
	2411 :	11111111;
	2410 :	11111111;
	2409 :	11111111;
	2408 :	11111111;
	2407 :	11111111;
	2406 :	11111111;
	2405 :	11111111;
	2404 :	11111111;
	2403 :	11111111;
	2402 :	11111111;
	2401 :	11111111;
	2400 :	11111111;
	2399 :	11111111;
	2398 :	11111111;
	2397 :	11111111;
	2396 :	11111111;
	2395 :	11111111;
	2394 :	11111111;
	2393 :	11111111;
	2392 :	11111111;
	2391 :	11111111;
	2390 :	11111111;
	2389 :	11111111;
	2388 :	11111111;
	2387 :	11111111;
	2386 :	11111111;
	2385 :	11111111;
	2384 :	11111111;
	2383 :	11110110;
	2382 :	11110110;
	2381 :	11110110;
	2380 :	11110110;
	2379 :	10100100;
	2378 :	10100011;
	2377 :	10100101;
	2376 :	10101101;
	2375 :	10100100;
	2374 :	10100100;
	2373 :	10100101;
	2372 :	10100101;
	2371 :	10100101;
	2370 :	10100101;
	2369 :	10101101;
	2368 :	10101101;
	2367 :	10101101;
	2366 :	10101101;
	2365 :	10101101;
	2364 :	10101101;
	2363 :	10101101;
	2362 :	10101101;
	2361 :	10101101;
	2360 :	10101101;
	2359 :	10101101;
	2358 :	10110110;
	2357 :	11110110;
	2356 :	11110110;
	2355 :	11110110;
	2354 :	11110110;
	2353 :	10101101;
	2352 :	10101101;
	2351 :	10101101;
	2350 :	10100100;
	2349 :	10101100;
	2348 :	11111111;
	2347 :	11111111;
	2346 :	11111111;
	2345 :	11111111;
	2344 :	11111111;
	2343 :	11111111;
	2342 :	11111111;
	2341 :	11111111;
	2340 :	11111111;
	2339 :	11111111;
	2338 :	11111111;
	2337 :	11111111;
	2336 :	11111111;
	2335 :	11111111;
	2334 :	11111111;
	2333 :	11111111;
	2332 :	11111111;
	2331 :	11111111;
	2330 :	11111111;
	2329 :	11111111;
	2328 :	11111111;
	2327 :	11111111;
	2326 :	11111111;
	2325 :	11111111;
	2324 :	11111111;
	2323 :	11111111;
	2322 :	11111111;
	2321 :	11111111;
	2320 :	11111111;
	2319 :	11111111;
	2318 :	11111111;
	2317 :	11111111;
	2316 :	11111111;
	2315 :	11111111;
	2314 :	11111111;
	2313 :	11111111;
	2312 :	11111111;
	2311 :	11111111;
	2310 :	11111111;
	2309 :	11111111;
	2308 :	11111111;
	2307 :	11111111;
	2306 :	11111111;
	2305 :	11111111;
	2304 :	11111111;
	2303 :	11110110;
	2302 :	11110110;
	2301 :	11110110;
	2300 :	11110110;
	2299 :	10101101;
	2298 :	10011011;
	2297 :	10100100;
	2296 :	10101101;
	2295 :	10100100;
	2294 :	10100100;
	2293 :	10100101;
	2292 :	10100101;
	2291 :	10100101;
	2290 :	10100101;
	2289 :	10101101;
	2288 :	10101101;
	2287 :	10101101;
	2286 :	10101101;
	2285 :	10101101;
	2284 :	10101101;
	2283 :	10101101;
	2282 :	10101101;
	2281 :	10101101;
	2280 :	10101101;
	2279 :	10101101;
	2278 :	10101101;
	2277 :	10101101;
	2276 :	10101101;
	2275 :	10101101;
	2274 :	10101101;
	2273 :	11110110;
	2272 :	10101101;
	2271 :	10101101;
	2270 :	10101100;
	2269 :	10100100;
	2268 :	11110110;
	2267 :	11111111;
	2266 :	11111111;
	2265 :	11111111;
	2264 :	11111111;
	2263 :	11111111;
	2262 :	11111111;
	2261 :	11111111;
	2260 :	11111111;
	2259 :	11111111;
	2258 :	11111111;
	2257 :	11111111;
	2256 :	11111111;
	2255 :	11111111;
	2254 :	11111111;
	2253 :	11111111;
	2252 :	11111111;
	2251 :	11111111;
	2250 :	11111111;
	2249 :	11111111;
	2248 :	11111111;
	2247 :	11111111;
	2246 :	11111111;
	2245 :	11111111;
	2244 :	11111111;
	2243 :	11111111;
	2242 :	11111111;
	2241 :	11111111;
	2240 :	11111111;
	2239 :	11111111;
	2238 :	11111111;
	2237 :	11111111;
	2236 :	11111111;
	2235 :	11111111;
	2234 :	11111111;
	2233 :	11111111;
	2232 :	11111111;
	2231 :	11111111;
	2230 :	11111111;
	2229 :	11111111;
	2228 :	11111111;
	2227 :	11111111;
	2226 :	11111111;
	2225 :	11111111;
	2224 :	11111111;
	2223 :	11111111;
	2222 :	11110110;
	2221 :	11110110;
	2220 :	11110110;
	2219 :	10101101;
	2218 :	10100011;
	2217 :	10100100;
	2216 :	10101101;
	2215 :	10101101;
	2214 :	10100100;
	2213 :	10100101;
	2212 :	10100101;
	2211 :	10100101;
	2210 :	10100101;
	2209 :	10101101;
	2208 :	10101101;
	2207 :	10101101;
	2206 :	10101101;
	2205 :	10101101;
	2204 :	10101101;
	2203 :	10101101;
	2202 :	10101101;
	2201 :	10101101;
	2200 :	10101101;
	2199 :	10101101;
	2198 :	01011011;
	2197 :	01010010;
	2196 :	01010010;
	2195 :	01010010;
	2194 :	10100100;
	2193 :	11110110;
	2192 :	11110110;
	2191 :	11110110;
	2190 :	10101101;
	2189 :	10100100;
	2188 :	11110110;
	2187 :	11111111;
	2186 :	11111111;
	2185 :	11111111;
	2184 :	11111111;
	2183 :	11111111;
	2182 :	11111111;
	2181 :	11111111;
	2180 :	11111111;
	2179 :	11111111;
	2178 :	11111111;
	2177 :	11111111;
	2176 :	11111111;
	2175 :	11111111;
	2174 :	11111111;
	2173 :	11111111;
	2172 :	11111111;
	2171 :	11111111;
	2170 :	11111111;
	2169 :	11111111;
	2168 :	11111111;
	2167 :	11111111;
	2166 :	11111111;
	2165 :	11111111;
	2164 :	11111111;
	2163 :	11111111;
	2162 :	11111111;
	2161 :	11111111;
	2160 :	11111111;
	2159 :	11111111;
	2158 :	11111111;
	2157 :	11111111;
	2156 :	11111111;
	2155 :	11111111;
	2154 :	11111111;
	2153 :	11111111;
	2152 :	11111111;
	2151 :	11111111;
	2150 :	11111111;
	2149 :	11111111;
	2148 :	11111111;
	2147 :	11111111;
	2146 :	11111111;
	2145 :	11111111;
	2144 :	11111111;
	2143 :	11111111;
	2142 :	11110110;
	2141 :	11110110;
	2140 :	11110110;
	2139 :	11110110;
	2138 :	10100100;
	2137 :	10011011;
	2136 :	10101101;
	2135 :	10101101;
	2134 :	10100100;
	2133 :	10100100;
	2132 :	10100101;
	2131 :	10100101;
	2130 :	10100101;
	2129 :	10101101;
	2128 :	10101101;
	2127 :	10101101;
	2126 :	10101101;
	2125 :	10101101;
	2124 :	10101101;
	2123 :	10101101;
	2122 :	10101101;
	2121 :	10101101;
	2120 :	10101101;
	2119 :	01010010;
	2118 :	00000000;
	2117 :	01011010;
	2116 :	01011010;
	2115 :	01001001;
	2114 :	00000000;
	2113 :	10100100;
	2112 :	11111111;
	2111 :	11110110;
	2110 :	10110110;
	2109 :	10101101;
	2108 :	10101101;
	2107 :	11111111;
	2106 :	11111111;
	2105 :	11111111;
	2104 :	11111111;
	2103 :	11111111;
	2102 :	11111111;
	2101 :	11111111;
	2100 :	11111111;
	2099 :	11111111;
	2098 :	11111111;
	2097 :	11111111;
	2096 :	11111111;
	2095 :	11111111;
	2094 :	11111111;
	2093 :	11111111;
	2092 :	11111111;
	2091 :	11111111;
	2090 :	11111111;
	2089 :	11111111;
	2088 :	11111111;
	2087 :	11111111;
	2086 :	11111111;
	2085 :	11111111;
	2084 :	11111111;
	2083 :	11111111;
	2082 :	11111111;
	2081 :	11111111;
	2080 :	11111111;
	2079 :	11111111;
	2078 :	11111111;
	2077 :	11111111;
	2076 :	11111111;
	2075 :	11111111;
	2074 :	11111111;
	2073 :	11111111;
	2072 :	11111111;
	2071 :	11111111;
	2070 :	11111111;
	2069 :	11111111;
	2068 :	11111111;
	2067 :	11111111;
	2066 :	11111111;
	2065 :	11111111;
	2064 :	11111111;
	2063 :	11111111;
	2062 :	11110110;
	2061 :	11110110;
	2060 :	11110110;
	2059 :	11110110;
	2058 :	10101101;
	2057 :	10011011;
	2056 :	10100100;
	2055 :	10101101;
	2054 :	10101101;
	2053 :	10100100;
	2052 :	10100101;
	2051 :	10100101;
	2050 :	10100101;
	2049 :	10101101;
	2048 :	10101101;
	2047 :	10101101;
	2046 :	10101101;
	2045 :	10101101;
	2044 :	10101101;
	2043 :	10101101;
	2042 :	10101101;
	2041 :	10110110;
	2040 :	10100100;
	2039 :	00000000;
	2038 :	01011011;
	2037 :	10011011;
	2036 :	10100100;
	2035 :	10101101;
	2034 :	10100100;
	2033 :	00000000;
	2032 :	11110110;
	2031 :	11111111;
	2030 :	11110110;
	2029 :	10101101;
	2028 :	10101101;
	2027 :	11110110;
	2026 :	11111111;
	2025 :	11111111;
	2024 :	11111111;
	2023 :	11111111;
	2022 :	11111111;
	2021 :	11111111;
	2020 :	11111111;
	2019 :	11111111;
	2018 :	11111111;
	2017 :	11111111;
	2016 :	11111111;
	2015 :	11111111;
	2014 :	11111111;
	2013 :	11111111;
	2012 :	11111111;
	2011 :	11111111;
	2010 :	11111111;
	2009 :	11111111;
	2008 :	11111111;
	2007 :	11111111;
	2006 :	11111111;
	2005 :	11111111;
	2004 :	11111111;
	2003 :	11111111;
	2002 :	11111111;
	2001 :	11111111;
	2000 :	11111111;
	1999 :	11111111;
	1998 :	11111111;
	1997 :	11111111;
	1996 :	11111111;
	1995 :	11111111;
	1994 :	11111111;
	1993 :	11111111;
	1992 :	11111111;
	1991 :	11111111;
	1990 :	11111111;
	1989 :	11111111;
	1988 :	11111111;
	1987 :	11111111;
	1986 :	11111111;
	1985 :	11111111;
	1984 :	11111111;
	1983 :	11111111;
	1982 :	11110110;
	1981 :	11110110;
	1980 :	11110110;
	1979 :	11110110;
	1978 :	10101101;
	1977 :	10100100;
	1976 :	10100011;
	1975 :	10101101;
	1974 :	10101101;
	1973 :	10100100;
	1972 :	10100101;
	1971 :	10100101;
	1970 :	10100101;
	1969 :	10101101;
	1968 :	10101101;
	1967 :	10101101;
	1966 :	10101101;
	1965 :	10101101;
	1964 :	10101101;
	1963 :	10101101;
	1962 :	10101101;
	1961 :	11110110;
	1960 :	01010010;
	1959 :	00000000;
	1958 :	10011011;
	1957 :	10100100;
	1956 :	11110110;
	1955 :	11111111;
	1954 :	11111111;
	1953 :	10101101;
	1952 :	11110110;
	1951 :	11111111;
	1950 :	11111111;
	1949 :	11110110;
	1948 :	10101101;
	1947 :	10101101;
	1946 :	11111111;
	1945 :	11111111;
	1944 :	11111111;
	1943 :	11111111;
	1942 :	11111111;
	1941 :	11111111;
	1940 :	11111111;
	1939 :	11111111;
	1938 :	11111111;
	1937 :	11111111;
	1936 :	11111111;
	1935 :	11111111;
	1934 :	11111111;
	1933 :	11111111;
	1932 :	11111111;
	1931 :	11111111;
	1930 :	11111111;
	1929 :	11111111;
	1928 :	11111111;
	1927 :	11111111;
	1926 :	11111111;
	1925 :	11111111;
	1924 :	11111111;
	1923 :	11111111;
	1922 :	11111111;
	1921 :	11111111;
	1920 :	11111111;
	1919 :	11111111;
	1918 :	11111111;
	1917 :	11111111;
	1916 :	11111111;
	1915 :	11111111;
	1914 :	11111111;
	1913 :	11111111;
	1912 :	11111111;
	1911 :	11111111;
	1910 :	11111111;
	1909 :	11111111;
	1908 :	11111111;
	1907 :	11111111;
	1906 :	11111111;
	1905 :	11111111;
	1904 :	11111111;
	1903 :	11111111;
	1902 :	11111111;
	1901 :	11110110;
	1900 :	11110110;
	1899 :	11110110;
	1898 :	11110110;
	1897 :	10100100;
	1896 :	10011011;
	1895 :	10100100;
	1894 :	10101101;
	1893 :	10101101;
	1892 :	10100100;
	1891 :	10100101;
	1890 :	10100101;
	1889 :	10101101;
	1888 :	10101101;
	1887 :	10101101;
	1886 :	10101101;
	1885 :	10101101;
	1884 :	10101101;
	1883 :	10101101;
	1882 :	10101101;
	1881 :	11110110;
	1880 :	10011011;
	1879 :	00000000;
	1878 :	10011011;
	1877 :	10101101;
	1876 :	11111111;
	1875 :	11111111;
	1874 :	11111111;
	1873 :	11111111;
	1872 :	11110110;
	1871 :	11111111;
	1870 :	11111111;
	1869 :	11110110;
	1868 :	10101101;
	1867 :	10100100;
	1866 :	11110110;
	1865 :	11111111;
	1864 :	11111111;
	1863 :	11111111;
	1862 :	11111111;
	1861 :	11111111;
	1860 :	11111111;
	1859 :	11111111;
	1858 :	11111111;
	1857 :	11111111;
	1856 :	11111111;
	1855 :	11111111;
	1854 :	11111111;
	1853 :	11111111;
	1852 :	11111111;
	1851 :	11111111;
	1850 :	11111111;
	1849 :	11111111;
	1848 :	11111111;
	1847 :	11111111;
	1846 :	11111111;
	1845 :	11111111;
	1844 :	11111111;
	1843 :	11111111;
	1842 :	11111111;
	1841 :	11111111;
	1840 :	11111111;
	1839 :	11111111;
	1838 :	11111111;
	1837 :	11111111;
	1836 :	11111111;
	1835 :	11111111;
	1834 :	11111111;
	1833 :	11111111;
	1832 :	11111111;
	1831 :	11111111;
	1830 :	11111111;
	1829 :	11111111;
	1828 :	11111111;
	1827 :	11111111;
	1826 :	11111111;
	1825 :	11111111;
	1824 :	11111111;
	1823 :	11111111;
	1822 :	11111111;
	1821 :	11110110;
	1820 :	11110110;
	1819 :	11110110;
	1818 :	11110110;
	1817 :	10101101;
	1816 :	10100011;
	1815 :	10100100;
	1814 :	10101101;
	1813 :	10101101;
	1812 :	10100101;
	1811 :	10100101;
	1810 :	10100101;
	1809 :	10101101;
	1808 :	10101101;
	1807 :	10101101;
	1806 :	10101101;
	1805 :	10101101;
	1804 :	10101101;
	1803 :	10101101;
	1802 :	10101101;
	1801 :	11110110;
	1800 :	10101101;
	1799 :	00000000;
	1798 :	01010010;
	1797 :	10101101;
	1796 :	11111111;
	1795 :	11111111;
	1794 :	11111111;
	1793 :	11111111;
	1792 :	11111111;
	1791 :	11111111;
	1790 :	11111111;
	1789 :	11110110;
	1788 :	10101101;
	1787 :	10100100;
	1786 :	10100100;
	1785 :	11110110;
	1784 :	11111111;
	1783 :	11111111;
	1782 :	11111111;
	1781 :	11111111;
	1780 :	11111111;
	1779 :	11111111;
	1778 :	11111111;
	1777 :	11111111;
	1776 :	11111111;
	1775 :	11111111;
	1774 :	11111111;
	1773 :	11111111;
	1772 :	11111111;
	1771 :	11111111;
	1770 :	11111111;
	1769 :	11111111;
	1768 :	11111111;
	1767 :	11111111;
	1766 :	11111111;
	1765 :	11111111;
	1764 :	11111111;
	1763 :	11111111;
	1762 :	11111111;
	1761 :	11111111;
	1760 :	11111111;
	1759 :	11111111;
	1758 :	11111111;
	1757 :	11111111;
	1756 :	11111111;
	1755 :	11111111;
	1754 :	11111111;
	1753 :	11111111;
	1752 :	11111111;
	1751 :	11111111;
	1750 :	11111111;
	1749 :	11111111;
	1748 :	11111111;
	1747 :	11111111;
	1746 :	11111111;
	1745 :	11111111;
	1744 :	11111111;
	1743 :	11111111;
	1742 :	11111111;
	1741 :	11110110;
	1740 :	11110110;
	1739 :	11110110;
	1738 :	11110110;
	1737 :	11110110;
	1736 :	10100100;
	1735 :	10011011;
	1734 :	10100100;
	1733 :	10101101;
	1732 :	10101101;
	1731 :	10100101;
	1730 :	10100101;
	1729 :	10101101;
	1728 :	10101101;
	1727 :	10101101;
	1726 :	10101101;
	1725 :	10101101;
	1724 :	10101101;
	1723 :	10101101;
	1722 :	10101101;
	1721 :	11110110;
	1720 :	11110110;
	1719 :	10100100;
	1718 :	01001001;
	1717 :	01011011;
	1716 :	11110110;
	1715 :	11111111;
	1714 :	11111111;
	1713 :	11111111;
	1712 :	11111111;
	1711 :	11111111;
	1710 :	11111111;
	1709 :	11110110;
	1708 :	10101101;
	1707 :	10101101;
	1706 :	10100100;
	1705 :	10101100;
	1704 :	11111110;
	1703 :	11111111;
	1702 :	11111111;
	1701 :	11111111;
	1700 :	11111111;
	1699 :	11111111;
	1698 :	11111111;
	1697 :	11111111;
	1696 :	11111111;
	1695 :	11111111;
	1694 :	11111111;
	1693 :	11111111;
	1692 :	11111111;
	1691 :	11111111;
	1690 :	11111111;
	1689 :	11111111;
	1688 :	11111111;
	1687 :	11111111;
	1686 :	11111111;
	1685 :	11111111;
	1684 :	11111111;
	1683 :	11111111;
	1682 :	11111111;
	1681 :	11111111;
	1680 :	11111111;
	1679 :	11111111;
	1678 :	11111111;
	1677 :	11111111;
	1676 :	11111111;
	1675 :	11111111;
	1674 :	11111111;
	1673 :	11111111;
	1672 :	11111111;
	1671 :	11111111;
	1670 :	11111111;
	1669 :	11111111;
	1668 :	11111111;
	1667 :	11111111;
	1666 :	11111111;
	1665 :	11111111;
	1664 :	11111111;
	1663 :	11111111;
	1662 :	11111111;
	1661 :	11111111;
	1660 :	11110110;
	1659 :	11110110;
	1658 :	11110110;
	1657 :	11110110;
	1656 :	10101101;
	1655 :	10011011;
	1654 :	10100100;
	1653 :	10101101;
	1652 :	10101101;
	1651 :	10100101;
	1650 :	10100101;
	1649 :	10100101;
	1648 :	10101101;
	1647 :	10101101;
	1646 :	10101101;
	1645 :	10101101;
	1644 :	10101101;
	1643 :	10101101;
	1642 :	10101101;
	1641 :	10110110;
	1640 :	11110110;
	1639 :	11110110;
	1638 :	10101101;
	1637 :	10100100;
	1636 :	10100100;
	1635 :	11110110;
	1634 :	11110110;
	1633 :	11111111;
	1632 :	11111111;
	1631 :	11111111;
	1630 :	11111111;
	1629 :	10101101;
	1628 :	10101101;
	1627 :	10101101;
	1626 :	10101101;
	1625 :	10100011;
	1624 :	10100100;
	1623 :	11110110;
	1622 :	11111111;
	1621 :	11111111;
	1620 :	11111111;
	1619 :	11111111;
	1618 :	11111111;
	1617 :	11111111;
	1616 :	11111111;
	1615 :	11111111;
	1614 :	11111111;
	1613 :	11111111;
	1612 :	11111111;
	1611 :	11111111;
	1610 :	11111111;
	1609 :	11111111;
	1608 :	11111111;
	1607 :	11111111;
	1606 :	11111111;
	1605 :	11111111;
	1604 :	11111111;
	1603 :	11111111;
	1602 :	11111111;
	1601 :	11111111;
	1600 :	11111111;
	1599 :	11111111;
	1598 :	11111111;
	1597 :	11111111;
	1596 :	11111111;
	1595 :	11111111;
	1594 :	11111111;
	1593 :	11111111;
	1592 :	11111111;
	1591 :	11111111;
	1590 :	11111111;
	1589 :	11111111;
	1588 :	11111111;
	1587 :	11111111;
	1586 :	11111111;
	1585 :	11111111;
	1584 :	11111111;
	1583 :	11111111;
	1582 :	11111111;
	1581 :	11111111;
	1580 :	11110110;
	1579 :	11110110;
	1578 :	11110110;
	1577 :	11110110;
	1576 :	11110110;
	1575 :	10101100;
	1574 :	10100011;
	1573 :	10100100;
	1572 :	10101101;
	1571 :	10101101;
	1570 :	10100101;
	1569 :	10101101;
	1568 :	10100100;
	1567 :	10100100;
	1566 :	10100100;
	1565 :	10100100;
	1564 :	10100100;
	1563 :	10100100;
	1562 :	10101101;
	1561 :	10101101;
	1560 :	11110110;
	1559 :	11110110;
	1558 :	11110110;
	1557 :	11110110;
	1556 :	11110110;
	1555 :	11110110;
	1554 :	11111111;
	1553 :	11111111;
	1552 :	11111111;
	1551 :	11111111;
	1550 :	11110110;
	1549 :	10101101;
	1548 :	10101101;
	1547 :	10101101;
	1546 :	10101101;
	1545 :	10101101;
	1544 :	10100100;
	1543 :	10100100;
	1542 :	11110110;
	1541 :	11111111;
	1540 :	11111111;
	1539 :	11111111;
	1538 :	11111111;
	1537 :	11111111;
	1536 :	11111111;
	1535 :	11111111;
	1534 :	11111111;
	1533 :	11111111;
	1532 :	11111111;
	1531 :	11111111;
	1530 :	11111111;
	1529 :	11111111;
	1528 :	11111111;
	1527 :	11111111;
	1526 :	11111111;
	1525 :	11111111;
	1524 :	11111111;
	1523 :	11111111;
	1522 :	11111111;
	1521 :	11111111;
	1520 :	11111111;
	1519 :	11111111;
	1518 :	11111111;
	1517 :	11111111;
	1516 :	11111111;
	1515 :	11111111;
	1514 :	11111111;
	1513 :	11111111;
	1512 :	11111111;
	1511 :	11111111;
	1510 :	11111111;
	1509 :	11111111;
	1508 :	11111111;
	1507 :	11111111;
	1506 :	11111111;
	1505 :	11111111;
	1504 :	11111111;
	1503 :	11111111;
	1502 :	11111111;
	1501 :	11111111;
	1500 :	11111111;
	1499 :	11110110;
	1498 :	11110110;
	1497 :	11110110;
	1496 :	11110110;
	1495 :	11110110;
	1494 :	10100011;
	1493 :	10100100;
	1492 :	10101101;
	1491 :	10101101;
	1490 :	10101101;
	1489 :	10100100;
	1488 :	01010011;
	1487 :	01001010;
	1486 :	00001001;
	1485 :	00001001;
	1484 :	00001001;
	1483 :	00001001;
	1482 :	01010010;
	1481 :	10011011;
	1480 :	10100100;
	1479 :	11110110;
	1478 :	11110110;
	1477 :	11110110;
	1476 :	11110110;
	1475 :	11110110;
	1474 :	11111111;
	1473 :	11111111;
	1472 :	11111111;
	1471 :	11110110;
	1470 :	10101101;
	1469 :	10101101;
	1468 :	10101101;
	1467 :	10101101;
	1466 :	10101101;
	1465 :	10101101;
	1464 :	10100100;
	1463 :	10011011;
	1462 :	10100100;
	1461 :	10101101;
	1460 :	11110110;
	1459 :	11111111;
	1458 :	11111111;
	1457 :	11111111;
	1456 :	11111111;
	1455 :	11111111;
	1454 :	11111111;
	1453 :	11111111;
	1452 :	11111111;
	1451 :	11111111;
	1450 :	11111111;
	1449 :	11111111;
	1448 :	11111111;
	1447 :	11111111;
	1446 :	11111111;
	1445 :	11111111;
	1444 :	11111111;
	1443 :	11111111;
	1442 :	11111111;
	1441 :	11111111;
	1440 :	11111111;
	1439 :	11111111;
	1438 :	11111111;
	1437 :	11111111;
	1436 :	11111111;
	1435 :	11111111;
	1434 :	11111111;
	1433 :	11111111;
	1432 :	11111111;
	1431 :	11111111;
	1430 :	11111111;
	1429 :	11111111;
	1428 :	11111111;
	1427 :	11111111;
	1426 :	11111111;
	1425 :	11111111;
	1424 :	11111111;
	1423 :	11111111;
	1422 :	11111111;
	1421 :	11111111;
	1420 :	11111111;
	1419 :	11110110;
	1418 :	11110110;
	1417 :	11110110;
	1416 :	11110110;
	1415 :	11110110;
	1414 :	10101101;
	1413 :	10011011;
	1412 :	10100100;
	1411 :	10101101;
	1410 :	10011011;
	1409 :	00001001;
	1408 :	00000000;
	1407 :	01001001;
	1406 :	01010010;
	1405 :	01010010;
	1404 :	01010010;
	1403 :	01010010;
	1402 :	01001001;
	1401 :	00000000;
	1400 :	01001001;
	1399 :	01011011;
	1398 :	10101101;
	1397 :	11110110;
	1396 :	11110110;
	1395 :	11110110;
	1394 :	11110110;
	1393 :	11110110;
	1392 :	11110110;
	1391 :	10101101;
	1390 :	10101101;
	1389 :	10100100;
	1388 :	10100100;
	1387 :	10100100;
	1386 :	10100100;
	1385 :	10100100;
	1384 :	10100011;
	1383 :	10011011;
	1382 :	10011011;
	1381 :	10011011;
	1380 :	10100011;
	1379 :	10101101;
	1378 :	11110110;
	1377 :	11111111;
	1376 :	11111111;
	1375 :	11111111;
	1374 :	11111111;
	1373 :	11111111;
	1372 :	11111111;
	1371 :	11111111;
	1370 :	11111111;
	1369 :	11111111;
	1368 :	11111111;
	1367 :	11111111;
	1366 :	11111111;
	1365 :	11111111;
	1364 :	11111111;
	1363 :	11111111;
	1362 :	11111111;
	1361 :	11111111;
	1360 :	11111111;
	1359 :	11111111;
	1358 :	11111111;
	1357 :	11111111;
	1356 :	11111111;
	1355 :	11111111;
	1354 :	11111111;
	1353 :	11111111;
	1352 :	11111111;
	1351 :	11111111;
	1350 :	11111111;
	1349 :	11111111;
	1348 :	11111111;
	1347 :	11111111;
	1346 :	11111111;
	1345 :	11111111;
	1344 :	11111111;
	1343 :	11111111;
	1342 :	11111111;
	1341 :	11111111;
	1340 :	11111111;
	1339 :	11111111;
	1338 :	11110110;
	1337 :	11110110;
	1336 :	11110110;
	1335 :	11110110;
	1334 :	11110110;
	1333 :	10100100;
	1332 :	10100100;
	1331 :	10011011;
	1330 :	00001001;
	1329 :	01001001;
	1328 :	01010010;
	1327 :	01010010;
	1326 :	01010010;
	1325 :	01010010;
	1324 :	01011011;
	1323 :	01011011;
	1322 :	01011011;
	1321 :	01011011;
	1320 :	01010010;
	1319 :	00000000;
	1318 :	01001001;
	1317 :	10100100;
	1316 :	10101101;
	1315 :	10101101;
	1314 :	10101101;
	1313 :	10101101;
	1312 :	10101101;
	1311 :	10101101;
	1310 :	10101101;
	1309 :	10101101;
	1308 :	10101101;
	1307 :	10101101;
	1306 :	10101101;
	1305 :	10101101;
	1304 :	10101101;
	1303 :	10101101;
	1302 :	10101101;
	1301 :	10101101;
	1300 :	11110110;
	1299 :	11110110;
	1298 :	11110110;
	1297 :	11111111;
	1296 :	11111111;
	1295 :	11111111;
	1294 :	11111111;
	1293 :	11111111;
	1292 :	11111111;
	1291 :	11111111;
	1290 :	11111111;
	1289 :	11111111;
	1288 :	11111111;
	1287 :	11111111;
	1286 :	11111111;
	1285 :	11111111;
	1284 :	11111111;
	1283 :	11111111;
	1282 :	11111111;
	1281 :	11111111;
	1280 :	11111111;
	1279 :	11111111;
	1278 :	11111111;
	1277 :	11111111;
	1276 :	11111111;
	1275 :	11111111;
	1274 :	11111111;
	1273 :	11111111;
	1272 :	11111111;
	1271 :	11111111;
	1270 :	11111111;
	1269 :	11111111;
	1268 :	11111111;
	1267 :	11111111;
	1266 :	11111111;
	1265 :	11111111;
	1264 :	11111111;
	1263 :	11111111;
	1262 :	11111111;
	1261 :	11111111;
	1260 :	11111111;
	1259 :	11111111;
	1258 :	11111111;
	1257 :	11110110;
	1256 :	11110110;
	1255 :	11110110;
	1254 :	11110110;
	1253 :	11110110;
	1252 :	10011011;
	1251 :	01001001;
	1250 :	00001001;
	1249 :	01010010;
	1248 :	01010010;
	1247 :	01010010;
	1246 :	01010010;
	1245 :	01010010;
	1244 :	01010010;
	1243 :	01011011;
	1242 :	10011011;
	1241 :	10011011;
	1240 :	10011011;
	1239 :	01011011;
	1238 :	01001001;
	1237 :	00000000;
	1236 :	10011011;
	1235 :	10101101;
	1234 :	11110110;
	1233 :	11110110;
	1232 :	11111111;
	1231 :	11111111;
	1230 :	11111111;
	1229 :	11111111;
	1228 :	11111111;
	1227 :	11111111;
	1226 :	11111111;
	1225 :	11111111;
	1224 :	11111111;
	1223 :	11111111;
	1222 :	11111111;
	1221 :	11111111;
	1220 :	11111111;
	1219 :	11111111;
	1218 :	11111111;
	1217 :	11111111;
	1216 :	11111111;
	1215 :	11111111;
	1214 :	11111111;
	1213 :	11111111;
	1212 :	11111111;
	1211 :	11111111;
	1210 :	11111111;
	1209 :	11111111;
	1208 :	11111111;
	1207 :	11111111;
	1206 :	11111111;
	1205 :	11111111;
	1204 :	11111111;
	1203 :	11111111;
	1202 :	11111111;
	1201 :	11111111;
	1200 :	11111111;
	1199 :	11111111;
	1198 :	11111111;
	1197 :	11111111;
	1196 :	11111111;
	1195 :	11111111;
	1194 :	11111111;
	1193 :	11111111;
	1192 :	11111111;
	1191 :	11111111;
	1190 :	11111111;
	1189 :	11111111;
	1188 :	11111111;
	1187 :	11111111;
	1186 :	11111111;
	1185 :	11111111;
	1184 :	11111111;
	1183 :	11111111;
	1182 :	11111111;
	1181 :	11111111;
	1180 :	11111111;
	1179 :	11111111;
	1178 :	11111111;
	1177 :	11111111;
	1176 :	11110110;
	1175 :	11110110;
	1174 :	11110110;
	1173 :	11110110;
	1172 :	10101100;
	1171 :	00001001;
	1170 :	01010010;
	1169 :	01010010;
	1168 :	01010010;
	1167 :	01010010;
	1166 :	01010010;
	1165 :	01010010;
	1164 :	01010010;
	1163 :	01010010;
	1162 :	01010010;
	1161 :	01011011;
	1160 :	10011011;
	1159 :	10100100;
	1158 :	10100011;
	1157 :	01010010;
	1156 :	01001001;
	1155 :	10101101;
	1154 :	11111111;
	1153 :	11111111;
	1152 :	11111111;
	1151 :	11111111;
	1150 :	11111111;
	1149 :	11111111;
	1148 :	11111111;
	1147 :	11111111;
	1146 :	11111111;
	1145 :	11111111;
	1144 :	11111111;
	1143 :	11111111;
	1142 :	11111111;
	1141 :	11111111;
	1140 :	11111111;
	1139 :	11111111;
	1138 :	11111111;
	1137 :	11111111;
	1136 :	11111111;
	1135 :	11111111;
	1134 :	11111111;
	1133 :	11111111;
	1132 :	11111111;
	1131 :	11111111;
	1130 :	11111111;
	1129 :	11111111;
	1128 :	11111111;
	1127 :	11111111;
	1126 :	11111111;
	1125 :	11111111;
	1124 :	11111111;
	1123 :	11111111;
	1122 :	11111111;
	1121 :	11111111;
	1120 :	11111111;
	1119 :	11111111;
	1118 :	11111111;
	1117 :	11111111;
	1116 :	11111111;
	1115 :	11111111;
	1114 :	11111111;
	1113 :	11111111;
	1112 :	11111111;
	1111 :	11111111;
	1110 :	11111111;
	1109 :	11111111;
	1108 :	11111111;
	1107 :	11111111;
	1106 :	11111111;
	1105 :	11111111;
	1104 :	11111111;
	1103 :	11111111;
	1102 :	11111111;
	1101 :	11111111;
	1100 :	11111111;
	1099 :	11111111;
	1098 :	11111111;
	1097 :	11111111;
	1096 :	11111111;
	1095 :	11110110;
	1094 :	11110110;
	1093 :	11110110;
	1092 :	10101101;
	1091 :	01010010;
	1090 :	01010010;
	1089 :	01010010;
	1088 :	01010010;
	1087 :	01010010;
	1086 :	01010010;
	1085 :	01010010;
	1084 :	01010010;
	1083 :	01011010;
	1082 :	01011011;
	1081 :	01011011;
	1080 :	10011011;
	1079 :	10100011;
	1078 :	10100100;
	1077 :	10100100;
	1076 :	01010010;
	1075 :	01001001;
	1074 :	10110110;
	1073 :	11111111;
	1072 :	11111111;
	1071 :	11111111;
	1070 :	11111111;
	1069 :	11111111;
	1068 :	11111111;
	1067 :	11111111;
	1066 :	11111111;
	1065 :	11111111;
	1064 :	11111111;
	1063 :	11111111;
	1062 :	11111111;
	1061 :	11111111;
	1060 :	11111111;
	1059 :	11111111;
	1058 :	11111111;
	1057 :	11111111;
	1056 :	11111111;
	1055 :	11111111;
	1054 :	11111111;
	1053 :	11111111;
	1052 :	11111111;
	1051 :	11111111;
	1050 :	11111111;
	1049 :	11111111;
	1048 :	11111111;
	1047 :	11111111;
	1046 :	11111111;
	1045 :	11111111;
	1044 :	11111111;
	1043 :	11111111;
	1042 :	11111111;
	1041 :	11111111;
	1040 :	11111111;
	1039 :	11111111;
	1038 :	11111111;
	1037 :	11111111;
	1036 :	11111111;
	1035 :	11111111;
	1034 :	11111111;
	1033 :	11111111;
	1032 :	11111111;
	1031 :	11111111;
	1030 :	11111111;
	1029 :	11111111;
	1028 :	11111111;
	1027 :	11111111;
	1026 :	11111111;
	1025 :	11111111;
	1024 :	11111111;
	1023 :	11111111;
	1022 :	11111111;
	1021 :	11111111;
	1020 :	11111111;
	1019 :	11111111;
	1018 :	11111111;
	1017 :	11111111;
	1016 :	11111111;
	1015 :	11111111;
	1014 :	11111111;
	1013 :	11110110;
	1012 :	10101101;
	1011 :	01001001;
	1010 :	01010010;
	1009 :	01010010;
	1008 :	01010010;
	1007 :	01010010;
	1006 :	01010010;
	1005 :	01010010;
	1004 :	01011010;
	1003 :	10011011;
	1002 :	10011011;
	1001 :	10011011;
	1000 :	10011011;
	999 :	10011011;
	998 :	10100100;
	997 :	10100100;
	996 :	10100100;
	995 :	01010010;
	994 :	01010010;
	993 :	11110110;
	992 :	11111111;
	991 :	11111111;
	990 :	11111111;
	989 :	11111111;
	988 :	11111111;
	987 :	11111111;
	986 :	11111111;
	985 :	11111111;
	984 :	11111111;
	983 :	11111111;
	982 :	11111111;
	981 :	11111111;
	980 :	11111111;
	979 :	11111111;
	978 :	11111111;
	977 :	11111111;
	976 :	11111111;
	975 :	11111111;
	974 :	11111111;
	973 :	11111111;
	972 :	11111111;
	971 :	11111111;
	970 :	11111111;
	969 :	11111111;
	968 :	11111111;
	967 :	11111111;
	966 :	11111111;
	965 :	11111111;
	964 :	11111111;
	963 :	11111111;
	962 :	11111111;
	961 :	11111111;
	960 :	11111111;
	959 :	11111111;
	958 :	11111111;
	957 :	11111111;
	956 :	11111111;
	955 :	11111111;
	954 :	11111111;
	953 :	11111111;
	952 :	11111111;
	951 :	11111111;
	950 :	11111111;
	949 :	11111111;
	948 :	11111111;
	947 :	11111111;
	946 :	11111111;
	945 :	11111111;
	944 :	11111111;
	943 :	11111111;
	942 :	11111111;
	941 :	11111111;
	940 :	11111111;
	939 :	11111111;
	938 :	11111111;
	937 :	11111111;
	936 :	11111111;
	935 :	11111111;
	934 :	11111111;
	933 :	11111111;
	932 :	10101101;
	931 :	01010010;
	930 :	01010010;
	929 :	01010010;
	928 :	01010010;
	927 :	01010010;
	926 :	01010010;
	925 :	01011010;
	924 :	10011011;
	923 :	10011011;
	922 :	10011011;
	921 :	10100011;
	920 :	10100011;
	919 :	10100011;
	918 :	10100011;
	917 :	10100100;
	916 :	10101101;
	915 :	10100011;
	914 :	01001001;
	913 :	10101101;
	912 :	11111111;
	911 :	11111111;
	910 :	11111111;
	909 :	11111111;
	908 :	11111111;
	907 :	11111111;
	906 :	11111111;
	905 :	11111111;
	904 :	11111111;
	903 :	11111111;
	902 :	11111111;
	901 :	11111111;
	900 :	11111111;
	899 :	11111111;
	898 :	11111111;
	897 :	11111111;
	896 :	11111111;
	895 :	11111111;
	894 :	11111111;
	893 :	11111111;
	892 :	11111111;
	891 :	11111111;
	890 :	11111111;
	889 :	11111111;
	888 :	11111111;
	887 :	11111111;
	886 :	11111111;
	885 :	11111111;
	884 :	11111111;
	883 :	11111111;
	882 :	11111111;
	881 :	11111111;
	880 :	11111111;
	879 :	11111111;
	878 :	11111111;
	877 :	11111111;
	876 :	11111111;
	875 :	11111111;
	874 :	11111111;
	873 :	11111111;
	872 :	11111111;
	871 :	11111111;
	870 :	11111111;
	869 :	11111111;
	868 :	11111111;
	867 :	11111111;
	866 :	11111111;
	865 :	11111111;
	864 :	11111111;
	863 :	11111111;
	862 :	11111111;
	861 :	11111111;
	860 :	11111111;
	859 :	11111111;
	858 :	11111111;
	857 :	11111111;
	856 :	11111111;
	855 :	11111111;
	854 :	11111111;
	853 :	11111111;
	852 :	11110110;
	851 :	01011011;
	850 :	01010010;
	849 :	01010010;
	848 :	01010010;
	847 :	01010010;
	846 :	01010010;
	845 :	01011011;
	844 :	10011011;
	843 :	10011011;
	842 :	10100011;
	841 :	10100100;
	840 :	10011011;
	839 :	10011011;
	838 :	10100011;
	837 :	10011011;
	836 :	10100100;
	835 :	10101100;
	834 :	01010010;
	833 :	00001000;
	832 :	11111111;
	831 :	11111111;
	830 :	11111111;
	829 :	11111111;
	828 :	11111111;
	827 :	11111111;
	826 :	11111111;
	825 :	11111111;
	824 :	11111111;
	823 :	11111111;
	822 :	11111111;
	821 :	11111111;
	820 :	11111111;
	819 :	11111111;
	818 :	11111111;
	817 :	11111111;
	816 :	11111111;
	815 :	11111111;
	814 :	11111111;
	813 :	11111111;
	812 :	11111111;
	811 :	11111111;
	810 :	11111111;
	809 :	11111111;
	808 :	11111111;
	807 :	11111111;
	806 :	11111111;
	805 :	11111111;
	804 :	11111111;
	803 :	11111111;
	802 :	11111111;
	801 :	11111111;
	800 :	11111111;
	799 :	11111111;
	798 :	11111111;
	797 :	11111111;
	796 :	11111111;
	795 :	11111111;
	794 :	11111111;
	793 :	11111111;
	792 :	11111111;
	791 :	11111111;
	790 :	11111111;
	789 :	11111111;
	788 :	11111111;
	787 :	11111111;
	786 :	11111111;
	785 :	11111111;
	784 :	11111111;
	783 :	11111111;
	782 :	11111111;
	781 :	11111111;
	780 :	11111111;
	779 :	11111111;
	778 :	11111111;
	777 :	11111111;
	776 :	11111111;
	775 :	11111111;
	774 :	11111111;
	773 :	11111111;
	772 :	11110110;
	771 :	10100100;
	770 :	01001001;
	769 :	01010010;
	768 :	01011011;
	767 :	01010010;
	766 :	01011010;
	765 :	10011011;
	764 :	10011011;
	763 :	10100011;
	762 :	10100011;
	761 :	10100100;
	760 :	11110110;
	759 :	11110110;
	758 :	11110110;
	757 :	11110110;
	756 :	10101101;
	755 :	10101101;
	754 :	10011011;
	753 :	00001000;
	752 :	11110110;
	751 :	11111111;
	750 :	11111111;
	749 :	11111111;
	748 :	11111111;
	747 :	11111111;
	746 :	11111111;
	745 :	11111111;
	744 :	11111111;
	743 :	11111111;
	742 :	11111111;
	741 :	11111111;
	740 :	11111111;
	739 :	11111111;
	738 :	11111111;
	737 :	11111111;
	736 :	11111111;
	735 :	11111111;
	734 :	11111111;
	733 :	11111111;
	732 :	11111111;
	731 :	11111111;
	730 :	11111111;
	729 :	11111111;
	728 :	11111111;
	727 :	11111111;
	726 :	11111111;
	725 :	11111111;
	724 :	11111111;
	723 :	11111111;
	722 :	11111111;
	721 :	11111111;
	720 :	11111111;
	719 :	11111111;
	718 :	11111111;
	717 :	11111111;
	716 :	11111111;
	715 :	11111111;
	714 :	11111111;
	713 :	11111111;
	712 :	11111111;
	711 :	11111111;
	710 :	11111111;
	709 :	11111111;
	708 :	11111111;
	707 :	11111111;
	706 :	11111111;
	705 :	11111111;
	704 :	11111111;
	703 :	11111111;
	702 :	11111111;
	701 :	11111111;
	700 :	11111111;
	699 :	11111111;
	698 :	11111111;
	697 :	11111111;
	696 :	11111111;
	695 :	11111111;
	694 :	11111111;
	693 :	11111111;
	692 :	11111111;
	691 :	10101101;
	690 :	01001001;
	689 :	01010010;
	688 :	01011011;
	687 :	01011011;
	686 :	01010010;
	685 :	10011011;
	684 :	10011011;
	683 :	10100011;
	682 :	10100011;
	681 :	11110110;
	680 :	11111111;
	679 :	11111111;
	678 :	11111111;
	677 :	11111111;
	676 :	11111111;
	675 :	11110110;
	674 :	10100100;
	673 :	01001001;
	672 :	10101101;
	671 :	11111111;
	670 :	11111111;
	669 :	11111111;
	668 :	11111111;
	667 :	11111111;
	666 :	11111111;
	665 :	11111111;
	664 :	11111111;
	663 :	11111111;
	662 :	11111111;
	661 :	11111111;
	660 :	11111111;
	659 :	11111111;
	658 :	11111111;
	657 :	11111111;
	656 :	11111111;
	655 :	11111111;
	654 :	11111111;
	653 :	11111111;
	652 :	11111111;
	651 :	11111111;
	650 :	11111111;
	649 :	11111111;
	648 :	11111111;
	647 :	11111111;
	646 :	11111111;
	645 :	11111111;
	644 :	11111111;
	643 :	11111111;
	642 :	11111111;
	641 :	11111111;
	640 :	11111111;
	639 :	11111111;
	638 :	11111111;
	637 :	11111111;
	636 :	11111111;
	635 :	11111111;
	634 :	11111111;
	633 :	11111111;
	632 :	11111111;
	631 :	11111111;
	630 :	11111111;
	629 :	11111111;
	628 :	11111111;
	627 :	11111111;
	626 :	11111111;
	625 :	11111111;
	624 :	11111111;
	623 :	11111111;
	622 :	11111111;
	621 :	11111111;
	620 :	11111111;
	619 :	11111111;
	618 :	11111111;
	617 :	11111111;
	616 :	11111111;
	615 :	11111111;
	614 :	11111111;
	613 :	11111111;
	612 :	11111111;
	611 :	11111111;
	610 :	10100100;
	609 :	00000000;
	608 :	01011011;
	607 :	10011011;
	606 :	01011011;
	605 :	10011011;
	604 :	10011011;
	603 :	10011011;
	602 :	10101101;
	601 :	11111111;
	600 :	11111111;
	599 :	11111111;
	598 :	11111111;
	597 :	11111111;
	596 :	11111111;
	595 :	11110110;
	594 :	10100100;
	593 :	01010001;
	592 :	10101101;
	591 :	11111111;
	590 :	11111111;
	589 :	11111111;
	588 :	11111111;
	587 :	11111111;
	586 :	11111111;
	585 :	11111111;
	584 :	11111111;
	583 :	11111111;
	582 :	11111111;
	581 :	11111111;
	580 :	11111111;
	579 :	11111111;
	578 :	11111111;
	577 :	11111111;
	576 :	11111111;
	575 :	11111111;
	574 :	11111111;
	573 :	11111111;
	572 :	11111111;
	571 :	11111111;
	570 :	11111111;
	569 :	11111111;
	568 :	11111111;
	567 :	11111111;
	566 :	11111111;
	565 :	11111111;
	564 :	11111111;
	563 :	11111111;
	562 :	11111111;
	561 :	11111111;
	560 :	11111111;
	559 :	11111111;
	558 :	11111111;
	557 :	11111111;
	556 :	11111111;
	555 :	11111111;
	554 :	11111111;
	553 :	11111111;
	552 :	11111111;
	551 :	11111111;
	550 :	11111111;
	549 :	11111111;
	548 :	11111111;
	547 :	11111111;
	546 :	11111111;
	545 :	11111111;
	544 :	11111111;
	543 :	11111111;
	542 :	11111111;
	541 :	11111111;
	540 :	11111111;
	539 :	11111111;
	538 :	11111111;
	537 :	11111111;
	536 :	11111111;
	535 :	11111111;
	534 :	11111111;
	533 :	11111111;
	532 :	11111111;
	531 :	11111111;
	530 :	11110110;
	529 :	01011011;
	528 :	01001001;
	527 :	10011011;
	526 :	10011011;
	525 :	10011011;
	524 :	10011011;
	523 :	10011011;
	522 :	10101101;
	521 :	11111111;
	520 :	11111111;
	519 :	11111111;
	518 :	11111111;
	517 :	11111111;
	516 :	11111111;
	515 :	11110110;
	514 :	10100100;
	513 :	01001001;
	512 :	10101101;
	511 :	11111111;
	510 :	11111111;
	509 :	11111111;
	508 :	11111111;
	507 :	11111111;
	506 :	11111111;
	505 :	11111111;
	504 :	11111111;
	503 :	11111111;
	502 :	11111111;
	501 :	11111111;
	500 :	11111111;
	499 :	11111111;
	498 :	11111111;
	497 :	11111111;
	496 :	11111111;
	495 :	11111111;
	494 :	11111111;
	493 :	11111111;
	492 :	11111111;
	491 :	11111111;
	490 :	11111111;
	489 :	11111111;
	488 :	11111111;
	487 :	11111111;
	486 :	11111111;
	485 :	11111111;
	484 :	11111111;
	483 :	11111111;
	482 :	11111111;
	481 :	11111111;
	480 :	11111111;
	479 :	11111111;
	478 :	11111111;
	477 :	11111111;
	476 :	11111111;
	475 :	11111111;
	474 :	11111111;
	473 :	11111111;
	472 :	11111111;
	471 :	11111111;
	470 :	11111111;
	469 :	11111111;
	468 :	11111111;
	467 :	11111111;
	466 :	11111111;
	465 :	11111111;
	464 :	11111111;
	463 :	11111111;
	462 :	11111111;
	461 :	11111111;
	460 :	11111111;
	459 :	11111111;
	458 :	11111111;
	457 :	11111111;
	456 :	11111111;
	455 :	11111111;
	454 :	11111111;
	453 :	11111111;
	452 :	11111111;
	451 :	11111111;
	450 :	11111111;
	449 :	11110110;
	448 :	01010010;
	447 :	01001001;
	446 :	10011011;
	445 :	10100100;
	444 :	10100100;
	443 :	10011011;
	442 :	10100100;
	441 :	11110110;
	440 :	11111111;
	439 :	11111111;
	438 :	11111111;
	437 :	11111111;
	436 :	11111111;
	435 :	11110110;
	434 :	10100100;
	433 :	00001001;
	432 :	11110110;
	431 :	11111111;
	430 :	11111111;
	429 :	11111111;
	428 :	11111111;
	427 :	11111111;
	426 :	11111111;
	425 :	11111111;
	424 :	11111111;
	423 :	11111111;
	422 :	11111111;
	421 :	11111111;
	420 :	11111111;
	419 :	11111111;
	418 :	11111111;
	417 :	11111111;
	416 :	11111111;
	415 :	11111111;
	414 :	11111111;
	413 :	11111111;
	412 :	11111111;
	411 :	11111111;
	410 :	11111111;
	409 :	11111111;
	408 :	11111111;
	407 :	11111111;
	406 :	11111111;
	405 :	11111111;
	404 :	11111111;
	403 :	11111111;
	402 :	11111111;
	401 :	11111111;
	400 :	11111111;
	399 :	11111111;
	398 :	11111111;
	397 :	11111111;
	396 :	11111111;
	395 :	11111111;
	394 :	11111111;
	393 :	11111111;
	392 :	11111111;
	391 :	11111111;
	390 :	11111111;
	389 :	11111111;
	388 :	11111111;
	387 :	11111111;
	386 :	11111111;
	385 :	11111111;
	384 :	11111111;
	383 :	11111111;
	382 :	11111111;
	381 :	11111111;
	380 :	11111111;
	379 :	11111111;
	378 :	11111111;
	377 :	11111111;
	376 :	11111111;
	375 :	11111111;
	374 :	11111111;
	373 :	11111111;
	372 :	11111111;
	371 :	11111111;
	370 :	11111111;
	369 :	11111111;
	368 :	11110110;
	367 :	01011011;
	366 :	01001001;
	365 :	01011011;
	364 :	10100100;
	363 :	10100100;
	362 :	10100100;
	361 :	10101101;
	360 :	11110110;
	359 :	11111111;
	358 :	11111111;
	357 :	11111111;
	356 :	11110110;
	355 :	10101101;
	354 :	01010010;
	353 :	10011011;
	352 :	11111111;
	351 :	11111111;
	350 :	11111111;
	349 :	11111111;
	348 :	11111111;
	347 :	11111111;
	346 :	11111111;
	345 :	11111111;
	344 :	11111111;
	343 :	11111111;
	342 :	11111111;
	341 :	11111111;
	340 :	11111111;
	339 :	11111111;
	338 :	11111111;
	337 :	11111111;
	336 :	11111111;
	335 :	11111111;
	334 :	11111111;
	333 :	11111111;
	332 :	11111111;
	331 :	11111111;
	330 :	11111111;
	329 :	11111111;
	328 :	11111111;
	327 :	11111111;
	326 :	11111111;
	325 :	11111111;
	324 :	11111111;
	323 :	11111111;
	322 :	11111111;
	321 :	11111111;
	320 :	11111111;
	319 :	11111111;
	318 :	11111111;
	317 :	11111111;
	316 :	11111111;
	315 :	11111111;
	314 :	11111111;
	313 :	11111111;
	312 :	11111111;
	311 :	11111111;
	310 :	11111111;
	309 :	11111111;
	308 :	11111111;
	307 :	11111111;
	306 :	11111111;
	305 :	11111111;
	304 :	11111111;
	303 :	11111111;
	302 :	11111111;
	301 :	11111111;
	300 :	11111111;
	299 :	11111111;
	298 :	11111111;
	297 :	11111111;
	296 :	11111111;
	295 :	11111111;
	294 :	11111111;
	293 :	11111111;
	292 :	11111111;
	291 :	11111111;
	290 :	11111111;
	289 :	11111111;
	288 :	11111111;
	287 :	11110110;
	286 :	10100100;
	285 :	01010010;
	284 :	01010010;
	283 :	10011011;
	282 :	10100100;
	281 :	10100100;
	280 :	10101101;
	279 :	10110101;
	278 :	11110110;
	277 :	10101101;
	276 :	10100100;
	275 :	01010010;
	274 :	01010010;
	273 :	11110110;
	272 :	11111111;
	271 :	11111111;
	270 :	11111111;
	269 :	11111111;
	268 :	11111111;
	267 :	11111111;
	266 :	11111111;
	265 :	11111111;
	264 :	11111111;
	263 :	11111111;
	262 :	11111111;
	261 :	11111111;
	260 :	11111111;
	259 :	11111111;
	258 :	11111111;
	257 :	11111111;
	256 :	11111111;
	255 :	11111111;
	254 :	11111111;
	253 :	11111111;
	252 :	11111111;
	251 :	11111111;
	250 :	11111111;
	249 :	11111111;
	248 :	11111111;
	247 :	11111111;
	246 :	11111111;
	245 :	11111111;
	244 :	11111111;
	243 :	11111111;
	242 :	11111111;
	241 :	11111111;
	240 :	11111111;
	239 :	11111111;
	238 :	11111111;
	237 :	11111111;
	236 :	11111111;
	235 :	11111111;
	234 :	11111111;
	233 :	11111111;
	232 :	11111111;
	231 :	11111111;
	230 :	11111111;
	229 :	11111111;
	228 :	11111111;
	227 :	11111111;
	226 :	11111111;
	225 :	11111111;
	224 :	11111111;
	223 :	11111111;
	222 :	11111111;
	221 :	11111111;
	220 :	11111111;
	219 :	11111111;
	218 :	11111111;
	217 :	11111111;
	216 :	11111111;
	215 :	11111111;
	214 :	11111111;
	213 :	11111111;
	212 :	11111111;
	211 :	11111111;
	210 :	11111111;
	209 :	11111111;
	208 :	11111111;
	207 :	11111111;
	206 :	11111111;
	205 :	11110110;
	204 :	10100100;
	203 :	01001001;
	202 :	01010010;
	201 :	01011010;
	200 :	01011011;
	199 :	10011011;
	198 :	10011011;
	197 :	01010010;
	196 :	01001001;
	195 :	10011011;
	194 :	11110110;
	193 :	11111111;
	192 :	11111111;
	191 :	11111111;
	190 :	11111111;
	189 :	11111111;
	188 :	11111111;
	187 :	11111111;
	186 :	11111111;
	185 :	11111111;
	184 :	11111111;
	183 :	11111111;
	182 :	11111111;
	181 :	11111111;
	180 :	11111111;
	179 :	11111111;
	178 :	11111111;
	177 :	11111111;
	176 :	11111111;
	175 :	11111111;
	174 :	11111111;
	173 :	11111111;
	172 :	11111111;
	171 :	11111111;
	170 :	11111111;
	169 :	11111111;
	168 :	11111111;
	167 :	11111111;
	166 :	11111111;
	165 :	11111111;
	164 :	11111111;
	163 :	11111111;
	162 :	11111111;
	161 :	11111111;
	160 :	11111111;
	159 :	11111111;
	158 :	11111111;
	157 :	11111111;
	156 :	11111111;
	155 :	11111111;
	154 :	11111111;
	153 :	11111111;
	152 :	11111111;
	151 :	11111111;
	150 :	11111111;
	149 :	11111111;
	148 :	11111111;
	147 :	11111111;
	146 :	11111111;
	145 :	11111111;
	144 :	11111111;
	143 :	11111111;
	142 :	11111111;
	141 :	11111111;
	140 :	11111111;
	139 :	11111111;
	138 :	11111111;
	137 :	11111111;
	136 :	11111111;
	135 :	11111111;
	134 :	11111111;
	133 :	11111111;
	132 :	11111111;
	131 :	11111111;
	130 :	11111111;
	129 :	11111111;
	128 :	11111111;
	127 :	11111111;
	126 :	11111111;
	125 :	11111111;
	124 :	11111111;
	123 :	11110110;
	122 :	10101101;
	121 :	10100100;
	120 :	01011011;
	119 :	01010010;
	118 :	10011011;
	117 :	10100100;
	116 :	11110110;
	115 :	11111111;
	114 :	11111111;
	113 :	11111111;
	112 :	11111111;
	111 :	11111111;
	110 :	11111111;
	109 :	11111111;
	108 :	11111111;
	107 :	11111111;
	106 :	11111111;
	105 :	11111111;
	104 :	11111111;
	103 :	11111111;
	102 :	11111111;
	101 :	11111111;
	100 :	11111111;
	99 :	11111111;
	98 :	11111111;
	97 :	11111111;
	96 :	11111111;
	95 :	11111111;
	94 :	11111111;
	93 :	11111111;
	92 :	11111111;
	91 :	11111111;
	90 :	11111111;
	89 :	11111111;
	88 :	11111111;
	87 :	11111111;
	86 :	11111111;
	85 :	11111111;
	84 :	11111111;
	83 :	11111111;
	82 :	11111111;
	81 :	11111111;
	80 :	11111111;
	79 :	11111111;
	78 :	11111111;
	77 :	11111111;
	76 :	11111111;
	75 :	11111111;
	74 :	11111111;
	73 :	11111111;
	72 :	11111111;
	71 :	11111111;
	70 :	11111111;
	69 :	11111111;
	68 :	11111111;
	67 :	11111111;
	66 :	11111111;
	65 :	11111111;
	64 :	11111111;
	63 :	11111111;
	62 :	11111111;
	61 :	11111111;
	60 :	11111111;
	59 :	11111111;
	58 :	11111111;
	57 :	11111111;
	56 :	11111111;
	55 :	11111111;
	54 :	11111111;
	53 :	11111111;
	52 :	11111111;
	51 :	11111111;
	50 :	11111111;
	49 :	11111111;
	48 :	11111111;
	47 :	11111111;
	46 :	11111111;
	45 :	11111111;
	44 :	11111111;
	43 :	11111111;
	42 :	11111111;
	41 :	11111111;
	40 :	11111111;
	39 :	11111111;
	38 :	11111111;
	37 :	11111111;
	36 :	11111111;
	35 :	11111111;
	34 :	11111111;
	33 :	11111111;
	32 :	11111111;
	31 :	11111111;
	30 :	11111111;
	29 :	11111111;
	28 :	11111111;
	27 :	11111111;
	26 :	11111111;
	25 :	11111111;
	24 :	11111111;
	23 :	11111111;
	22 :	11111111;
	21 :	11111111;
	20 :	11111111;
	19 :	11111111;
	18 :	11111111;
	17 :	11111111;
	16 :	11111111;
	15 :	11111111;
	14 :	11111111;
	13 :	11111111;
	12 :	11111111;
	11 :	11111111;
	10 :	11111111;
	9 :	11111111;
	8 :	11111111;
	7 :	11111111;
	6 :	11111111;
	5 :	11111111;
	4 :	11111111;
	3 :	11111111;
	2 :	11111111;
	1 :	11111111;
	0 :	11111111;
END;
