DEPTH = 40000;
WIDTH = 24;
ADDRESS_RADIX = HEX;
DATA_RADIX = HEX;
CONTENT BEGIN
    0000 : F2F2F2;
    0001 : F2F2F2;
    0002 : F2F2F2;
    0003 : F2F2F2;
    0004 : F2F2F2;
    0005 : F2F2F2;
    0006 : F2F2F2;
    0007 : F2F2F2;
    0008 : F2F2F2;
    0009 : F2F2F2;
    000A : F2F2F2;
    000B : F2F2F2;
    000C : F2F2F2;
    000D : F2F2F2;
    000E : F2F2F2;
    000F : F2F2F2;
    0010 : F2F2F2;
    0011 : F2F2F2;
    0012 : F2F2F2;
    0013 : F2F2F2;
    0014 : F2F2F2;
    0015 : F2F2F2;
    0016 : F2F2F2;
    0017 : F2F2F2;
    0018 : F2F2F2;
    0019 : F2F2F2;
    001A : F2F2F2;
    001B : F2F2F2;
    001C : F2F2F2;
    001D : F2F2F2;
    001E : F2F2F2;
    001F : F2F2F2;
    0020 : F2F2F2;
    0021 : F2F2F2;
    0022 : F2F2F2;
    0023 : F2F2F2;
    0024 : F2F2F2;
    0025 : F2F2F2;
    0026 : F2F2F2;
    0027 : F2F2F2;
    0028 : F2F2F2;
    0029 : F2F2F2;
    002A : F2F2F2;
    002B : F2F2F2;
    002C : F2F2F2;
    002D : F2F2F2;
    002E : F2F2F2;
    002F : F2F2F2;
    0030 : F2F2F2;
    0031 : F2F2F2;
    0032 : F2F2F2;
    0033 : F2F2F2;
    0034 : F2F2F2;
    0035 : F2F2F2;
    0036 : F2F2F2;
    0037 : F2F2F2;
    0038 : F2F2F2;
    0039 : F2F2F2;
    003A : F2F2F2;
    003B : F2F2F2;
    003C : F2F2F2;
    003D : F2F2F2;
    003E : F2F2F2;
    003F : F2F2F2;
    0040 : F2F2F2;
    0041 : F2F2F2;
    0042 : F2F2F2;
    0043 : F2F2F2;
    0044 : F2F2F2;
    0045 : F2F2F2;
    0046 : F2F2F2;
    0047 : F2F2F2;
    0048 : F2F2F2;
    0049 : F2F2F2;
    004A : F2F2F2;
    004B : F2F2F2;
    004C : F2F2F2;
    004D : F2F2F2;
    004E : F2F2F2;
    004F : F2F2F2;
    0050 : EEEEEE;
    0051 : F8F8F8;
    0052 : DBDBDB;
    0053 : FBFBFB;
    0054 : F2F2F2;
    0055 : E7E7E7;
    0056 : E8E8E8;
    0057 : F0F0F0;
    0058 : EEEEEE;
    0059 : E7E7E7;
    005A : F4F4F4;
    005B : F9F9F9;
    005C : ECECEC;
    005D : EEEEEE;
    005E : F6F6F6;
    005F : EDEDED;
    0060 : F2F2F2;
    0061 : F6F6F6;
    0062 : EEEEEE;
    0063 : EFEFEF;
    0064 : FAFAFA;
    0065 : F3F3F3;
    0066 : EAEAEA;
    0067 : F4F4F4;
    0068 : F2F2F2;
    0069 : F2F2F2;
    006A : F2F2F2;
    006B : F2F2F2;
    006C : F2F2F2;
    006D : F2F2F2;
    006E : F2F2F2;
    006F : F2F2F2;
    0070 : F2F2F2;
    0071 : F2F2F2;
    0072 : F2F2F2;
    0073 : F2F2F2;
    0074 : F2F2F2;
    0075 : F2F2F2;
    0076 : F2F2F2;
    0077 : F2F2F2;
    0078 : F2F2F2;
    0079 : F2F2F2;
    007A : F2F2F2;
    007B : F2F2F2;
    007C : F2F2F2;
    007D : F2F2F2;
    007E : F2F2F2;
    007F : F2F2F2;
    0080 : F2F2F2;
    0081 : F2F2F2;
    0082 : F2F2F2;
    0083 : F2F2F2;
    0084 : F2F2F2;
    0085 : F2F2F2;
    0086 : F2F2F2;
    0087 : F2F2F2;
    0088 : F2F2F2;
    0089 : F2F2F2;
    008A : F2F2F2;
    008B : F2F2F2;
    008C : F2F2F2;
    008D : F2F2F2;
    008E : F2F2F2;
    008F : F2F2F2;
    0090 : F2F2F2;
    0091 : F2F2F2;
    0092 : F2F2F2;
    0093 : F2F2F2;
    0094 : F2F2F2;
    0095 : F2F2F2;
    0096 : F2F2F2;
    0097 : F2F2F2;
    0098 : F2F2F2;
    0099 : F2F2F2;
    009A : F2F2F2;
    009B : F2F2F2;
    009C : F2F2F2;
    009D : F2F2F2;
    009E : F2F2F2;
    009F : F2F2F2;
    00A0 : F2F2F2;
    00A1 : F2F2F2;
    00A2 : F2F2F2;
    00A3 : F2F2F2;
    00A4 : F2F2F2;
    00A5 : F2F2F2;
    00A6 : F2F2F2;
    00A7 : F2F2F2;
    00A8 : F2F2F2;
    00A9 : F2F2F2;
    00AA : F2F2F2;
    00AB : F2F2F2;
    00AC : F2F2F2;
    00AD : F2F2F2;
    00AE : F2F2F2;
    00AF : F2F2F2;
    00B0 : F2F2F2;
    00B1 : F2F2F2;
    00B2 : F2F2F2;
    00B3 : F2F2F2;
    00B4 : F2F2F2;
    00B5 : F2F2F2;
    00B6 : F2F2F2;
    00B7 : F2F2F2;
    00B8 : F2F2F2;
    00B9 : F2F2F2;
    00BA : F2F2F2;
    00BB : F2F2F2;
    00BC : F2F2F2;
    00BD : F2F2F2;
    00BE : F2F2F2;
    00BF : F2F2F2;
    00C0 : F2F2F2;
    00C1 : F2F2F2;
    00C2 : F2F2F2;
    00C3 : F2F2F2;
    00C4 : F2F2F2;
    00C5 : F2F2F2;
    00C6 : F2F2F2;
    00C7 : F2F2F2;
    00C8 : F2F2F2;
    00C9 : F2F2F2;
    00CA : F2F2F2;
    00CB : F2F2F2;
    00CC : F2F2F2;
    00CD : F2F2F2;
    00CE : F2F2F2;
    00CF : F2F2F2;
    00D0 : F2F2F2;
    00D1 : F2F2F2;
    00D2 : F2F2F2;
    00D3 : F2F2F2;
    00D4 : F2F2F2;
    00D5 : F2F2F2;
    00D6 : F2F2F2;
    00D7 : F2F2F2;
    00D8 : F2F2F2;
    00D9 : F2F2F2;
    00DA : F2F2F2;
    00DB : F2F2F2;
    00DC : F2F2F2;
    00DD : F2F2F2;
    00DE : F2F2F2;
    00DF : F2F2F2;
    00E0 : F2F2F2;
    00E1 : F2F2F2;
    00E2 : F2F2F2;
    00E3 : F2F2F2;
    00E4 : F2F2F2;
    00E5 : F2F2F2;
    00E6 : F2F2F2;
    00E7 : F2F2F2;
    00E8 : F2F2F2;
    00E9 : F2F2F2;
    00EA : F2F2F2;
    00EB : F2F2F2;
    00EC : F2F2F2;
    00ED : F2F2F2;
    00EE : F2F2F2;
    00EF : F2F2F2;
    00F0 : F2F2F2;
    00F1 : F2F2F2;
    00F2 : F2F2F2;
    00F3 : F2F2F2;
    00F4 : F2F2F2;
    00F5 : F2F2F2;
    00F6 : F2F2F2;
    00F7 : F2F2F2;
    00F8 : F2F2F2;
    00F9 : F2F2F2;
    00FA : F2F2F2;
    00FB : F2F2F2;
    00FC : F2F2F2;
    00FD : F2F2F2;
    00FE : F2F2F2;
    00FF : F2F2F2;
    0100 : F2F2F2;
    0101 : F2F2F2;
    0102 : F2F2F2;
    0103 : F2F2F2;
    0104 : F2F2F2;
    0105 : F2F2F2;
    0106 : F2F2F2;
    0107 : F2F2F2;
    0108 : F2F2F2;
    0109 : F2F2F2;
    010A : F2F2F2;
    010B : F2F2F2;
    010C : F2F2F2;
    010D : F2F2F2;
    010E : F2F2F2;
    010F : F2F2F2;
    0110 : F2F2F2;
    0111 : F2F2F2;
    0112 : F2F2F2;
    0113 : F2F2F2;
    0114 : F2F2F2;
    0115 : F2F2F2;
    0116 : F2F2F2;
    0117 : F2F2F2;
    0118 : FEFEFE;
    0119 : F7F7F7;
    011A : FFFFFF;
    011B : F7F7F7;
    011C : F8F8F8;
    011D : FFFFFF;
    011E : FFFFFF;
    011F : FFFFFF;
    0120 : FCFCFC;
    0121 : F9F9F9;
    0122 : F5F5F5;
    0123 : EBEBEB;
    0124 : E7E7E7;
    0125 : F4F4F4;
    0126 : FBFBFB;
    0127 : F2F2F2;
    0128 : F7F7F7;
    0129 : E7E7E7;
    012A : FAFAFA;
    012B : FEFEFE;
    012C : E0E0E0;
    012D : E8E8E8;
    012E : FEFEFE;
    012F : EEEEEE;
    0130 : F2F2F2;
    0131 : F2F2F2;
    0132 : F2F2F2;
    0133 : F2F2F2;
    0134 : F2F2F2;
    0135 : F2F2F2;
    0136 : F2F2F2;
    0137 : F2F2F2;
    0138 : F2F2F2;
    0139 : F2F2F2;
    013A : F2F2F2;
    013B : F2F2F2;
    013C : F2F2F2;
    013D : F2F2F2;
    013E : F2F2F2;
    013F : F2F2F2;
    0140 : F2F2F2;
    0141 : F2F2F2;
    0142 : F2F2F2;
    0143 : F2F2F2;
    0144 : F2F2F2;
    0145 : F2F2F2;
    0146 : F2F2F2;
    0147 : F2F2F2;
    0148 : F2F2F2;
    0149 : F2F2F2;
    014A : F2F2F2;
    014B : F2F2F2;
    014C : F2F2F2;
    014D : F2F2F2;
    014E : F2F2F2;
    014F : F2F2F2;
    0150 : F2F2F2;
    0151 : F2F2F2;
    0152 : F2F2F2;
    0153 : F2F2F2;
    0154 : F2F2F2;
    0155 : F2F2F2;
    0156 : F2F2F2;
    0157 : F2F2F2;
    0158 : F2F2F2;
    0159 : F2F2F2;
    015A : F2F2F2;
    015B : F2F2F2;
    015C : F2F2F2;
    015D : F2F2F2;
    015E : F2F2F2;
    015F : F2F2F2;
    0160 : F2F2F2;
    0161 : F2F2F2;
    0162 : F2F2F2;
    0163 : F2F2F2;
    0164 : F2F2F2;
    0165 : F2F2F2;
    0166 : F2F2F2;
    0167 : F2F2F2;
    0168 : F2F2F2;
    0169 : F2F2F2;
    016A : F2F2F2;
    016B : F2F2F2;
    016C : F2F2F2;
    016D : F2F2F2;
    016E : F2F2F2;
    016F : F2F2F2;
    0170 : F2F2F2;
    0171 : F2F2F2;
    0172 : F2F2F2;
    0173 : F2F2F2;
    0174 : F2F2F2;
    0175 : F2F2F2;
    0176 : F2F2F2;
    0177 : F2F2F2;
    0178 : F2F2F2;
    0179 : F2F2F2;
    017A : F2F2F2;
    017B : F2F2F2;
    017C : F2F2F2;
    017D : F2F2F2;
    017E : F2F2F2;
    017F : F2F2F2;
    0180 : F2F2F2;
    0181 : F2F2F2;
    0182 : F2F2F2;
    0183 : F2F2F2;
    0184 : F2F2F2;
    0185 : F2F2F2;
    0186 : F2F2F2;
    0187 : F2F2F2;
    0188 : F2F2F2;
    0189 : F2F2F2;
    018A : F2F2F2;
    018B : F2F2F2;
    018C : F2F2F2;
    018D : F2F2F2;
    018E : F2F2F2;
    018F : F2F2F2;
    0190 : F2F2F2;
    0191 : F2F2F2;
    0192 : F2F2F2;
    0193 : F2F2F2;
    0194 : F2F2F2;
    0195 : F2F2F2;
    0196 : F2F2F2;
    0197 : F2F2F2;
    0198 : F2F2F2;
    0199 : F2F2F2;
    019A : F2F2F2;
    019B : F2F2F2;
    019C : F2F2F2;
    019D : F2F2F2;
    019E : F2F2F2;
    019F : F2F2F2;
    01A0 : F2F2F2;
    01A1 : F2F2F2;
    01A2 : F2F2F2;
    01A3 : F2F2F2;
    01A4 : F2F2F2;
    01A5 : F2F2F2;
    01A6 : F2F2F2;
    01A7 : F2F2F2;
    01A8 : F2F2F2;
    01A9 : F2F2F2;
    01AA : F2F2F2;
    01AB : F2F2F2;
    01AC : F2F2F2;
    01AD : F2F2F2;
    01AE : F2F2F2;
    01AF : F2F2F2;
    01B0 : F2F2F2;
    01B1 : F2F2F2;
    01B2 : F2F2F2;
    01B3 : F2F2F2;
    01B4 : F2F2F2;
    01B5 : F2F2F2;
    01B6 : F2F2F2;
    01B7 : F2F2F2;
    01B8 : F2F2F2;
    01B9 : F2F2F2;
    01BA : F2F2F2;
    01BB : F2F2F2;
    01BC : F2F2F2;
    01BD : F2F2F2;
    01BE : F2F2F2;
    01BF : F2F2F2;
    01C0 : F2F2F2;
    01C1 : F2F2F2;
    01C2 : F2F2F2;
    01C3 : F2F2F2;
    01C4 : F2F2F2;
    01C5 : F2F2F2;
    01C6 : F2F2F2;
    01C7 : F2F2F2;
    01C8 : F2F2F2;
    01C9 : F2F2F2;
    01CA : F2F2F2;
    01CB : F2F2F2;
    01CC : F2F2F2;
    01CD : F2F2F2;
    01CE : F2F2F2;
    01CF : F2F2F2;
    01D0 : F2F2F2;
    01D1 : F2F2F2;
    01D2 : F2F2F2;
    01D3 : F2F2F2;
    01D4 : F2F2F2;
    01D5 : F2F2F2;
    01D6 : F2F2F2;
    01D7 : F2F2F2;
    01D8 : F2F2F2;
    01D9 : F2F2F2;
    01DA : F2F2F2;
    01DB : F2F2F2;
    01DC : F2F2F2;
    01DD : F2F2F2;
    01DE : F2F2F2;
    01DF : F2F2F2;
    01E0 : E6E6E6;
    01E1 : 868686;
    01E2 : 494949;
    01E3 : 4C4C4C;
    01E4 : 6F6F6F;
    01E5 : 838383;
    01E6 : A0A0A0;
    01E7 : C2C2C2;
    01E8 : DDDDDD;
    01E9 : EAEAEA;
    01EA : F7F7F7;
    01EB : FFFFFF;
    01EC : FAFAFA;
    01ED : E8E8E8;
    01EE : E5E5E5;
    01EF : F6F6F6;
    01F0 : F4F4F4;
    01F1 : FFFFFF;
    01F2 : EDEDED;
    01F3 : E8E8E8;
    01F4 : FFFFFF;
    01F5 : F5F5F5;
    01F6 : E4E4E4;
    01F7 : FDFDFD;
    01F8 : F2F2F2;
    01F9 : F2F2F2;
    01FA : F2F2F2;
    01FB : F2F2F2;
    01FC : F2F2F2;
    01FD : F2F2F2;
    01FE : F2F2F2;
    01FF : F2F2F2;
    0200 : F2F2F2;
    0201 : F2F2F2;
    0202 : F2F2F2;
    0203 : F2F2F2;
    0204 : F2F2F2;
    0205 : F2F2F2;
    0206 : F2F2F2;
    0207 : F2F2F2;
    0208 : F2F2F2;
    0209 : F2F2F2;
    020A : F2F2F2;
    020B : F2F2F2;
    020C : F2F2F2;
    020D : F2F2F2;
    020E : F2F2F2;
    020F : F2F2F2;
    0210 : F2F2F2;
    0211 : F2F2F2;
    0212 : F2F2F2;
    0213 : F2F2F2;
    0214 : F2F2F2;
    0215 : F2F2F2;
    0216 : F2F2F2;
    0217 : F2F2F2;
    0218 : F2F2F2;
    0219 : F2F2F2;
    021A : F2F2F2;
    021B : F2F2F2;
    021C : F2F2F2;
    021D : F2F2F2;
    021E : F2F2F2;
    021F : F2F2F2;
    0220 : F2F2F2;
    0221 : F2F2F2;
    0222 : F2F2F2;
    0223 : F2F2F2;
    0224 : F2F2F2;
    0225 : F2F2F2;
    0226 : F2F2F2;
    0227 : F2F2F2;
    0228 : F2F2F2;
    0229 : F2F2F2;
    022A : F2F2F2;
    022B : F2F2F2;
    022C : F2F2F2;
    022D : F2F2F2;
    022E : F2F2F2;
    022F : F2F2F2;
    0230 : F2F2F2;
    0231 : F2F2F2;
    0232 : F2F2F2;
    0233 : F2F2F2;
    0234 : F2F2F2;
    0235 : F2F2F2;
    0236 : F2F2F2;
    0237 : F2F2F2;
    0238 : F2F2F2;
    0239 : F2F2F2;
    023A : F2F2F2;
    023B : F2F2F2;
    023C : F2F2F2;
    023D : F2F2F2;
    023E : F2F2F2;
    023F : F2F2F2;
    0240 : F2F2F2;
    0241 : F2F2F2;
    0242 : F2F2F2;
    0243 : F2F2F2;
    0244 : F2F2F2;
    0245 : F2F2F2;
    0246 : F2F2F2;
    0247 : F2F2F2;
    0248 : F2F2F2;
    0249 : F2F2F2;
    024A : F2F2F2;
    024B : F2F2F2;
    024C : F2F2F2;
    024D : F2F2F2;
    024E : F2F2F2;
    024F : F2F2F2;
    0250 : F2F2F2;
    0251 : F2F2F2;
    0252 : F2F2F2;
    0253 : F2F2F2;
    0254 : F2F2F2;
    0255 : F2F2F2;
    0256 : F2F2F2;
    0257 : F2F2F2;
    0258 : F2F2F2;
    0259 : F2F2F2;
    025A : F2F2F2;
    025B : F2F2F2;
    025C : F2F2F2;
    025D : F2F2F2;
    025E : F2F2F2;
    025F : F2F2F2;
    0260 : F2F2F2;
    0261 : F2F2F2;
    0262 : F2F2F2;
    0263 : F2F2F2;
    0264 : F2F2F2;
    0265 : F2F2F2;
    0266 : F2F2F2;
    0267 : F2F2F2;
    0268 : F2F2F2;
    0269 : F2F2F2;
    026A : F2F2F2;
    026B : F2F2F2;
    026C : F2F2F2;
    026D : F2F2F2;
    026E : F2F2F2;
    026F : F2F2F2;
    0270 : F2F2F2;
    0271 : F2F2F2;
    0272 : F2F2F2;
    0273 : F2F2F2;
    0274 : F2F2F2;
    0275 : F2F2F2;
    0276 : F2F2F2;
    0277 : F2F2F2;
    0278 : F2F2F2;
    0279 : F2F2F2;
    027A : F2F2F2;
    027B : F2F2F2;
    027C : F2F2F2;
    027D : F2F2F2;
    027E : F2F2F2;
    027F : F2F2F2;
    0280 : F2F2F2;
    0281 : F2F2F2;
    0282 : F2F2F2;
    0283 : F2F2F2;
    0284 : F2F2F2;
    0285 : F2F2F2;
    0286 : F2F2F2;
    0287 : F2F2F2;
    0288 : F2F2F2;
    0289 : F2F2F2;
    028A : F2F2F2;
    028B : F2F2F2;
    028C : F2F2F2;
    028D : F2F2F2;
    028E : F2F2F2;
    028F : F2F2F2;
    0290 : F2F2F2;
    0291 : F2F2F2;
    0292 : F2F2F2;
    0293 : F2F2F2;
    0294 : F2F2F2;
    0295 : F2F2F2;
    0296 : F2F2F2;
    0297 : F2F2F2;
    0298 : F2F2F2;
    0299 : F2F2F2;
    029A : F2F2F2;
    029B : F2F2F2;
    029C : F2F2F2;
    029D : F2F2F2;
    029E : F2F2F2;
    029F : F2F2F2;
    02A0 : F2F2F2;
    02A1 : F2F2F2;
    02A2 : F2F2F2;
    02A3 : F2F2F2;
    02A4 : F2F2F2;
    02A5 : F2F2F2;
    02A6 : F2F2F2;
    02A7 : F2F2F2;
    02A8 : FFFFFF;
    02A9 : A6A6A6;
    02AA : 000000;
    02AB : 000000;
    02AC : 121212;
    02AD : 000000;
    02AE : 070707;
    02AF : 101010;
    02B0 : 1D1D1D;
    02B1 : 555555;
    02B2 : 7F7F7F;
    02B3 : A6A6A6;
    02B4 : E4E4E4;
    02B5 : FFFFFF;
    02B6 : FFFFFF;
    02B7 : F3F3F3;
    02B8 : E8E8E8;
    02B9 : DEDEDE;
    02BA : EFEFEF;
    02BB : FFFFFF;
    02BC : F3F3F3;
    02BD : E9E9E9;
    02BE : F1F1F1;
    02BF : F5F5F5;
    02C0 : F2F2F2;
    02C1 : F2F2F2;
    02C2 : F2F2F2;
    02C3 : F2F2F2;
    02C4 : F2F2F2;
    02C5 : F2F2F2;
    02C6 : F2F2F2;
    02C7 : F2F2F2;
    02C8 : F2F2F2;
    02C9 : F2F2F2;
    02CA : F2F2F2;
    02CB : F2F2F2;
    02CC : F2F2F2;
    02CD : F2F2F2;
    02CE : F2F2F2;
    02CF : F2F2F2;
    02D0 : F2F2F2;
    02D1 : F2F2F2;
    02D2 : F2F2F2;
    02D3 : F2F2F2;
    02D4 : F2F2F2;
    02D5 : F2F2F2;
    02D6 : F2F2F2;
    02D7 : F2F2F2;
    02D8 : F2F2F2;
    02D9 : F2F2F2;
    02DA : F2F2F2;
    02DB : F2F2F2;
    02DC : F2F2F2;
    02DD : F2F2F2;
    02DE : F2F2F2;
    02DF : F2F2F2;
    02E0 : F2F2F2;
    02E1 : F2F2F2;
    02E2 : F2F2F2;
    02E3 : F2F2F2;
    02E4 : F2F2F2;
    02E5 : F2F2F2;
    02E6 : F2F2F2;
    02E7 : F2F2F2;
    02E8 : F2F2F2;
    02E9 : F2F2F2;
    02EA : F2F2F2;
    02EB : F2F2F2;
    02EC : F2F2F2;
    02ED : F2F2F2;
    02EE : F2F2F2;
    02EF : F2F2F2;
    02F0 : F2F2F2;
    02F1 : F2F2F2;
    02F2 : F2F2F2;
    02F3 : F2F2F2;
    02F4 : F2F2F2;
    02F5 : F2F2F2;
    02F6 : F2F2F2;
    02F7 : F2F2F2;
    02F8 : F2F2F2;
    02F9 : F2F2F2;
    02FA : F2F2F2;
    02FB : F2F2F2;
    02FC : F2F2F2;
    02FD : F2F2F2;
    02FE : F2F2F2;
    02FF : F2F2F2;
    0300 : F2F2F2;
    0301 : F2F2F2;
    0302 : F2F2F2;
    0303 : F2F2F2;
    0304 : F2F2F2;
    0305 : F2F2F2;
    0306 : F2F2F2;
    0307 : F2F2F2;
    0308 : F2F2F2;
    0309 : F2F2F2;
    030A : F2F2F2;
    030B : F2F2F2;
    030C : F2F2F2;
    030D : F2F2F2;
    030E : F2F2F2;
    030F : F2F2F2;
    0310 : F2F2F2;
    0311 : F2F2F2;
    0312 : F2F2F2;
    0313 : F2F2F2;
    0314 : F2F2F2;
    0315 : F2F2F2;
    0316 : F2F2F2;
    0317 : F2F2F2;
    0318 : F2F2F2;
    0319 : F2F2F2;
    031A : F2F2F2;
    031B : F2F2F2;
    031C : F2F2F2;
    031D : F2F2F2;
    031E : F2F2F2;
    031F : F2F2F2;
    0320 : F2F2F2;
    0321 : F2F2F2;
    0322 : F2F2F2;
    0323 : F2F2F2;
    0324 : F2F2F2;
    0325 : F2F2F2;
    0326 : F2F2F2;
    0327 : F2F2F2;
    0328 : F2F2F2;
    0329 : F2F2F2;
    032A : F2F2F2;
    032B : F2F2F2;
    032C : F2F2F2;
    032D : F2F2F2;
    032E : F2F2F2;
    032F : F2F2F2;
    0330 : F2F2F2;
    0331 : F2F2F2;
    0332 : F2F2F2;
    0333 : F2F2F2;
    0334 : F2F2F2;
    0335 : F2F2F2;
    0336 : F2F2F2;
    0337 : F2F2F2;
    0338 : F2F2F2;
    0339 : F2F2F2;
    033A : F2F2F2;
    033B : F2F2F2;
    033C : F2F2F2;
    033D : F2F2F2;
    033E : F2F2F2;
    033F : F2F2F2;
    0340 : F2F2F2;
    0341 : F2F2F2;
    0342 : F2F2F2;
    0343 : F2F2F2;
    0344 : F2F2F2;
    0345 : F2F2F2;
    0346 : F2F2F2;
    0347 : F2F2F2;
    0348 : F2F2F2;
    0349 : F2F2F2;
    034A : F2F2F2;
    034B : F2F2F2;
    034C : F2F2F2;
    034D : F2F2F2;
    034E : F2F2F2;
    034F : F2F2F2;
    0350 : F2F2F2;
    0351 : F2F2F2;
    0352 : F2F2F2;
    0353 : F2F2F2;
    0354 : F2F2F2;
    0355 : F2F2F2;
    0356 : F2F2F2;
    0357 : F2F2F2;
    0358 : F2F2F2;
    0359 : F2F2F2;
    035A : F2F2F2;
    035B : F2F2F2;
    035C : F2F2F2;
    035D : F2F2F2;
    035E : F2F2F2;
    035F : F2F2F2;
    0360 : F2F2F2;
    0361 : F2F2F2;
    0362 : F2F2F2;
    0363 : F2F2F2;
    0364 : F2F2F2;
    0365 : F2F2F2;
    0366 : F2F2F2;
    0367 : F2F2F2;
    0368 : F2F2F2;
    0369 : F2F2F2;
    036A : F2F2F2;
    036B : F2F2F2;
    036C : F2F2F2;
    036D : F2F2F2;
    036E : F2F2F2;
    036F : F2F2F2;
    0370 : E6E6E6;
    0371 : F1F1F1;
    0372 : 6A6A6A;
    0373 : 070707;
    0374 : 0D0D0D;
    0375 : 020202;
    0376 : 181818;
    0377 : 040404;
    0378 : 303030;
    0379 : 202020;
    037A : 0A0A0A;
    037B : 131313;
    037C : 373737;
    037D : 606060;
    037E : A6A6A6;
    037F : F8F8F8;
    0380 : FFFFFF;
    0381 : FFFFFF;
    0382 : F7F7F7;
    0383 : EBEBEB;
    0384 : E3E3E3;
    0385 : F2F2F2;
    0386 : FBFBFB;
    0387 : EBEBEB;
    0388 : F2F2F2;
    0389 : F2F2F2;
    038A : F2F2F2;
    038B : F2F2F2;
    038C : F2F2F2;
    038D : F2F2F2;
    038E : F2F2F2;
    038F : F2F2F2;
    0390 : F2F2F2;
    0391 : F2F2F2;
    0392 : F2F2F2;
    0393 : F2F2F2;
    0394 : F2F2F2;
    0395 : F2F2F2;
    0396 : F2F2F2;
    0397 : F2F2F2;
    0398 : F2F2F2;
    0399 : F2F2F2;
    039A : F2F2F2;
    039B : F2F2F2;
    039C : F2F2F2;
    039D : F2F2F2;
    039E : F2F2F2;
    039F : F2F2F2;
    03A0 : F2F2F2;
    03A1 : F2F2F2;
    03A2 : F2F2F2;
    03A3 : F2F2F2;
    03A4 : F2F2F2;
    03A5 : F2F2F2;
    03A6 : F2F2F2;
    03A7 : F2F2F2;
    03A8 : F2F2F2;
    03A9 : F2F2F2;
    03AA : F2F2F2;
    03AB : F2F2F2;
    03AC : F2F2F2;
    03AD : F2F2F2;
    03AE : F2F2F2;
    03AF : F2F2F2;
    03B0 : F2F2F2;
    03B1 : F2F2F2;
    03B2 : F2F2F2;
    03B3 : F2F2F2;
    03B4 : F2F2F2;
    03B5 : F2F2F2;
    03B6 : F2F2F2;
    03B7 : F2F2F2;
    03B8 : F2F2F2;
    03B9 : F2F2F2;
    03BA : F2F2F2;
    03BB : F2F2F2;
    03BC : F2F2F2;
    03BD : F2F2F2;
    03BE : F2F2F2;
    03BF : F2F2F2;
    03C0 : F2F2F2;
    03C1 : F2F2F2;
    03C2 : F2F2F2;
    03C3 : F2F2F2;
    03C4 : F2F2F2;
    03C5 : F2F2F2;
    03C6 : F2F2F2;
    03C7 : F2F2F2;
    03C8 : F2F2F2;
    03C9 : F2F2F2;
    03CA : F2F2F2;
    03CB : F2F2F2;
    03CC : F2F2F2;
    03CD : F2F2F2;
    03CE : F2F2F2;
    03CF : F2F2F2;
    03D0 : F2F2F2;
    03D1 : F2F2F2;
    03D2 : F2F2F2;
    03D3 : F2F2F2;
    03D4 : F2F2F2;
    03D5 : F2F2F2;
    03D6 : F2F2F2;
    03D7 : F2F2F2;
    03D8 : F2F2F2;
    03D9 : F2F2F2;
    03DA : F2F2F2;
    03DB : F2F2F2;
    03DC : F2F2F2;
    03DD : F2F2F2;
    03DE : F2F2F2;
    03DF : F2F2F2;
    03E0 : F2F2F2;
    03E1 : F2F2F2;
    03E2 : F2F2F2;
    03E3 : F2F2F2;
    03E4 : F2F2F2;
    03E5 : F2F2F2;
    03E6 : F2F2F2;
    03E7 : F2F2F2;
    03E8 : F2F2F2;
    03E9 : F2F2F2;
    03EA : F2F2F2;
    03EB : F2F2F2;
    03EC : F2F2F2;
    03ED : F2F2F2;
    03EE : F2F2F2;
    03EF : F2F2F2;
    03F0 : F2F2F2;
    03F1 : F2F2F2;
    03F2 : F2F2F2;
    03F3 : F2F2F2;
    03F4 : F2F2F2;
    03F5 : F2F2F2;
    03F6 : F2F2F2;
    03F7 : F2F2F2;
    03F8 : F2F2F2;
    03F9 : F2F2F2;
    03FA : F2F2F2;
    03FB : F2F2F2;
    03FC : F2F2F2;
    03FD : F2F2F2;
    03FE : F2F2F2;
    03FF : F2F2F2;
    0400 : F2F2F2;
    0401 : F2F2F2;
    0402 : F2F2F2;
    0403 : F2F2F2;
    0404 : F2F2F2;
    0405 : F2F2F2;
    0406 : F2F2F2;
    0407 : F2F2F2;
    0408 : F2F2F2;
    0409 : F2F2F2;
    040A : F2F2F2;
    040B : F2F2F2;
    040C : F2F2F2;
    040D : F2F2F2;
    040E : F2F2F2;
    040F : F2F2F2;
    0410 : F2F2F2;
    0411 : F2F2F2;
    0412 : F2F2F2;
    0413 : F2F2F2;
    0414 : F2F2F2;
    0415 : F2F2F2;
    0416 : F2F2F2;
    0417 : F2F2F2;
    0418 : F2F2F2;
    0419 : F2F2F2;
    041A : F2F2F2;
    041B : F2F2F2;
    041C : F2F2F2;
    041D : F2F2F2;
    041E : F2F2F2;
    041F : F2F2F2;
    0420 : F2F2F2;
    0421 : F2F2F2;
    0422 : F2F2F2;
    0423 : F2F2F2;
    0424 : F2F2F2;
    0425 : F2F2F2;
    0426 : F2F2F2;
    0427 : F2F2F2;
    0428 : F2F2F2;
    0429 : F2F2F2;
    042A : F2F2F2;
    042B : F2F2F2;
    042C : F2F2F2;
    042D : F2F2F2;
    042E : F2F2F2;
    042F : F2F2F2;
    0430 : F2F2F2;
    0431 : F2F2F2;
    0432 : F2F2F2;
    0433 : F2F2F2;
    0434 : F2F2F2;
    0435 : F2F2F2;
    0436 : F2F2F2;
    0437 : F2F2F2;
    0438 : F2F2F2;
    0439 : FFFFFF;
    043A : E1E1E1;
    043B : 171717;
    043C : 000000;
    043D : 000000;
    043E : 0F0F0F;
    043F : 0C0C0C;
    0440 : 151515;
    0441 : 202020;
    0442 : 494949;
    0443 : 787878;
    0444 : 6D6D6D;
    0445 : 303030;
    0446 : 1A1A1A;
    0447 : 373737;
    0448 : 939393;
    0449 : E2E2E2;
    044A : FBFBFB;
    044B : EDEDED;
    044C : FCFCFC;
    044D : FBFBFB;
    044E : EAEAEA;
    044F : F2F2F2;
    0450 : F2F2F2;
    0451 : F2F2F2;
    0452 : F2F2F2;
    0453 : F2F2F2;
    0454 : F2F2F2;
    0455 : F2F2F2;
    0456 : F2F2F2;
    0457 : F2F2F2;
    0458 : F2F2F2;
    0459 : F2F2F2;
    045A : F2F2F2;
    045B : F2F2F2;
    045C : F2F2F2;
    045D : F2F2F2;
    045E : F2F2F2;
    045F : F2F2F2;
    0460 : F2F2F2;
    0461 : F2F2F2;
    0462 : F2F2F2;
    0463 : F2F2F2;
    0464 : F2F2F2;
    0465 : F2F2F2;
    0466 : F2F2F2;
    0467 : F2F2F2;
    0468 : F2F2F2;
    0469 : F2F2F2;
    046A : F2F2F2;
    046B : F2F2F2;
    046C : F2F2F2;
    046D : F2F2F2;
    046E : F2F2F2;
    046F : F2F2F2;
    0470 : F2F2F2;
    0471 : F2F2F2;
    0472 : F2F2F2;
    0473 : F2F2F2;
    0474 : F2F2F2;
    0475 : F2F2F2;
    0476 : F2F2F2;
    0477 : F2F2F2;
    0478 : F2F2F2;
    0479 : F2F2F2;
    047A : F2F2F2;
    047B : F2F2F2;
    047C : F2F2F2;
    047D : F2F2F2;
    047E : F2F2F2;
    047F : F2F2F2;
    0480 : F2F2F2;
    0481 : F2F2F2;
    0482 : F2F2F2;
    0483 : F2F2F2;
    0484 : F2F2F2;
    0485 : F2F2F2;
    0486 : F2F2F2;
    0487 : F2F2F2;
    0488 : F2F2F2;
    0489 : F2F2F2;
    048A : F2F2F2;
    048B : F2F2F2;
    048C : F2F2F2;
    048D : F2F2F2;
    048E : F2F2F2;
    048F : F2F2F2;
    0490 : F2F2F2;
    0491 : F2F2F2;
    0492 : F2F2F2;
    0493 : F2F2F2;
    0494 : F2F2F2;
    0495 : F2F2F2;
    0496 : F2F2F2;
    0497 : F2F2F2;
    0498 : F2F2F2;
    0499 : F2F2F2;
    049A : F2F2F2;
    049B : F2F2F2;
    049C : F2F2F2;
    049D : F2F2F2;
    049E : F2F2F2;
    049F : F2F2F2;
    04A0 : F2F2F2;
    04A1 : F2F2F2;
    04A2 : F2F2F2;
    04A3 : F2F2F2;
    04A4 : F2F2F2;
    04A5 : F2F2F2;
    04A6 : F2F2F2;
    04A7 : F2F2F2;
    04A8 : F2F2F2;
    04A9 : F2F2F2;
    04AA : F2F2F2;
    04AB : F2F2F2;
    04AC : F2F2F2;
    04AD : F2F2F2;
    04AE : F2F2F2;
    04AF : F2F2F2;
    04B0 : F2F2F2;
    04B1 : F2F2F2;
    04B2 : F2F2F2;
    04B3 : F2F2F2;
    04B4 : F2F2F2;
    04B5 : F2F2F2;
    04B6 : F2F2F2;
    04B7 : F2F2F2;
    04B8 : F2F2F2;
    04B9 : F2F2F2;
    04BA : F2F2F2;
    04BB : F2F2F2;
    04BC : F2F2F2;
    04BD : F2F2F2;
    04BE : F2F2F2;
    04BF : F2F2F2;
    04C0 : F2F2F2;
    04C1 : F2F2F2;
    04C2 : F2F2F2;
    04C3 : F2F2F2;
    04C4 : F2F2F2;
    04C5 : F2F2F2;
    04C6 : F2F2F2;
    04C7 : F2F2F2;
    04C8 : F2F2F2;
    04C9 : F2F2F2;
    04CA : F2F2F2;
    04CB : F2F2F2;
    04CC : F2F2F2;
    04CD : F2F2F2;
    04CE : F2F2F2;
    04CF : F2F2F2;
    04D0 : F2F2F2;
    04D1 : F2F2F2;
    04D2 : F2F2F2;
    04D3 : F2F2F2;
    04D4 : F2F2F2;
    04D5 : F2F2F2;
    04D6 : F2F2F2;
    04D7 : F2F2F2;
    04D8 : F2F2F2;
    04D9 : F2F2F2;
    04DA : F2F2F2;
    04DB : F2F2F2;
    04DC : F2F2F2;
    04DD : F2F2F2;
    04DE : F2F2F2;
    04DF : F2F2F2;
    04E0 : F2F2F2;
    04E1 : F2F2F2;
    04E2 : F2F2F2;
    04E3 : F2F2F2;
    04E4 : F2F2F2;
    04E5 : F2F2F2;
    04E6 : F2F2F2;
    04E7 : F2F2F2;
    04E8 : F2F2F2;
    04E9 : F2F2F2;
    04EA : F2F2F2;
    04EB : F2F2F2;
    04EC : F2F2F2;
    04ED : F2F2F2;
    04EE : F2F2F2;
    04EF : F2F2F2;
    04F0 : F2F2F2;
    04F1 : F2F2F2;
    04F2 : F2F2F2;
    04F3 : F2F2F2;
    04F4 : F2F2F2;
    04F5 : F2F2F2;
    04F6 : F2F2F2;
    04F7 : F2F2F2;
    04F8 : F2F2F2;
    04F9 : F2F2F2;
    04FA : F2F2F2;
    04FB : F2F2F2;
    04FC : F2F2F2;
    04FD : F2F2F2;
    04FE : F2F2F2;
    04FF : F2F2F2;
    0500 : F4F4F4;
    0501 : E9E9E9;
    0502 : FFFFFF;
    0503 : 7F7F7F;
    0504 : 151515;
    0505 : 070707;
    0506 : 000000;
    0507 : 080808;
    0508 : 000000;
    0509 : 181818;
    050A : 2B2B2B;
    050B : 3A3A3A;
    050C : 686868;
    050D : 9D9D9D;
    050E : 8D8D8D;
    050F : 4D4D4D;
    0510 : 070707;
    0511 : 3A3A3A;
    0512 : AFAFAF;
    0513 : FDFDFD;
    0514 : EFEFEF;
    0515 : E6E6E6;
    0516 : F6F6F6;
    0517 : EFEFEF;
    0518 : F2F2F2;
    0519 : F2F2F2;
    051A : F2F2F2;
    051B : F2F2F2;
    051C : F2F2F2;
    051D : F2F2F2;
    051E : F2F2F2;
    051F : F2F2F2;
    0520 : F2F2F2;
    0521 : F2F2F2;
    0522 : F2F2F2;
    0523 : F2F2F2;
    0524 : F2F2F2;
    0525 : F2F2F2;
    0526 : F2F2F2;
    0527 : F2F2F2;
    0528 : F2F2F2;
    0529 : F2F2F2;
    052A : F2F2F2;
    052B : F2F2F2;
    052C : F2F2F2;
    052D : F2F2F2;
    052E : F2F2F2;
    052F : F2F2F2;
    0530 : F2F2F2;
    0531 : F2F2F2;
    0532 : F2F2F2;
    0533 : F2F2F2;
    0534 : F2F2F2;
    0535 : F2F2F2;
    0536 : F2F2F2;
    0537 : F2F2F2;
    0538 : F2F2F2;
    0539 : F2F2F2;
    053A : F2F2F2;
    053B : F2F2F2;
    053C : F2F2F2;
    053D : F2F2F2;
    053E : F2F2F2;
    053F : F2F2F2;
    0540 : F2F2F2;
    0541 : F2F2F2;
    0542 : F2F2F2;
    0543 : F2F2F2;
    0544 : F2F2F2;
    0545 : F2F2F2;
    0546 : F2F2F2;
    0547 : F2F2F2;
    0548 : F2F2F2;
    0549 : F2F2F2;
    054A : F2F2F2;
    054B : F2F2F2;
    054C : F2F2F2;
    054D : F2F2F2;
    054E : F2F2F2;
    054F : F2F2F2;
    0550 : F2F2F2;
    0551 : F2F2F2;
    0552 : F2F2F2;
    0553 : F2F2F2;
    0554 : F2F2F2;
    0555 : F2F2F2;
    0556 : F2F2F2;
    0557 : F2F2F2;
    0558 : F2F2F2;
    0559 : F2F2F2;
    055A : F2F2F2;
    055B : F2F2F2;
    055C : F2F2F2;
    055D : F2F2F2;
    055E : F2F2F2;
    055F : F2F2F2;
    0560 : F2F2F2;
    0561 : F2F2F2;
    0562 : F2F2F2;
    0563 : F2F2F2;
    0564 : F2F2F2;
    0565 : F2F2F2;
    0566 : F2F2F2;
    0567 : F2F2F2;
    0568 : F2F2F2;
    0569 : F2F2F2;
    056A : F2F2F2;
    056B : F2F2F2;
    056C : F2F2F2;
    056D : F2F2F2;
    056E : F2F2F2;
    056F : F2F2F2;
    0570 : F2F2F2;
    0571 : F2F2F2;
    0572 : F2F2F2;
    0573 : F2F2F2;
    0574 : F2F2F2;
    0575 : F2F2F2;
    0576 : F2F2F2;
    0577 : F2F2F2;
    0578 : F2F2F2;
    0579 : F2F2F2;
    057A : F2F2F2;
    057B : F2F2F2;
    057C : F2F2F2;
    057D : F2F2F2;
    057E : F2F2F2;
    057F : F2F2F2;
    0580 : F2F2F2;
    0581 : F2F2F2;
    0582 : F2F2F2;
    0583 : F2F2F2;
    0584 : F2F2F2;
    0585 : F2F2F2;
    0586 : F2F2F2;
    0587 : F2F2F2;
    0588 : F2F2F2;
    0589 : F2F2F2;
    058A : F2F2F2;
    058B : F2F2F2;
    058C : F2F2F2;
    058D : F2F2F2;
    058E : F2F2F2;
    058F : F2F2F2;
    0590 : F2F2F2;
    0591 : F2F2F2;
    0592 : F2F2F2;
    0593 : F2F2F2;
    0594 : F2F2F2;
    0595 : F2F2F2;
    0596 : F2F2F2;
    0597 : F2F2F2;
    0598 : F2F2F2;
    0599 : F2F2F2;
    059A : F2F2F2;
    059B : F2F2F2;
    059C : F2F2F2;
    059D : F2F2F2;
    059E : F2F2F2;
    059F : F2F2F2;
    05A0 : F2F2F2;
    05A1 : F2F2F2;
    05A2 : F2F2F2;
    05A3 : F2F2F2;
    05A4 : F2F2F2;
    05A5 : F2F2F2;
    05A6 : F2F2F2;
    05A7 : F2F2F2;
    05A8 : F2F2F2;
    05A9 : F2F2F2;
    05AA : F2F2F2;
    05AB : F2F2F2;
    05AC : F2F2F2;
    05AD : F2F2F2;
    05AE : F2F2F2;
    05AF : F2F2F2;
    05B0 : F2F2F2;
    05B1 : F2F2F2;
    05B2 : F2F2F2;
    05B3 : F2F2F2;
    05B4 : F2F2F2;
    05B5 : F2F2F2;
    05B6 : F2F2F2;
    05B7 : F2F2F2;
    05B8 : F2F2F2;
    05B9 : F2F2F2;
    05BA : F2F2F2;
    05BB : F2F2F2;
    05BC : F2F2F2;
    05BD : F2F2F2;
    05BE : F2F2F2;
    05BF : F2F2F2;
    05C0 : F2F2F2;
    05C1 : F2F2F2;
    05C2 : F2F2F2;
    05C3 : F2F2F2;
    05C4 : F2F2F2;
    05C5 : F2F2F2;
    05C6 : F2F2F2;
    05C7 : F2F2F2;
    05C8 : EDEDED;
    05C9 : ECECEC;
    05CA : FEFEFE;
    05CB : D9D9D9;
    05CC : 0B0B0B;
    05CD : 040404;
    05CE : 040404;
    05CF : 0C0C0C;
    05D0 : 0A0A0A;
    05D1 : 000000;
    05D2 : 0B0B0B;
    05D3 : 272727;
    05D4 : 404040;
    05D5 : 6B6B6B;
    05D6 : 909090;
    05D7 : 969696;
    05D8 : 9D9D9D;
    05D9 : 323232;
    05DA : 050505;
    05DB : 707070;
    05DC : EEEEEE;
    05DD : FFFFFF;
    05DE : E8E8E8;
    05DF : F3F3F3;
    05E0 : F2F2F2;
    05E1 : F2F2F2;
    05E2 : F2F2F2;
    05E3 : F2F2F2;
    05E4 : F2F2F2;
    05E5 : F2F2F2;
    05E6 : F2F2F2;
    05E7 : F2F2F2;
    05E8 : F2F2F2;
    05E9 : F2F2F2;
    05EA : F2F2F2;
    05EB : F2F2F2;
    05EC : F2F2F2;
    05ED : F2F2F2;
    05EE : F2F2F2;
    05EF : F2F2F2;
    05F0 : F2F2F2;
    05F1 : F2F2F2;
    05F2 : F2F2F2;
    05F3 : F2F2F2;
    05F4 : F2F2F2;
    05F5 : F2F2F2;
    05F6 : F2F2F2;
    05F7 : F2F2F2;
    05F8 : F2F2F2;
    05F9 : F2F2F2;
    05FA : F2F2F2;
    05FB : F2F2F2;
    05FC : F2F2F2;
    05FD : F2F2F2;
    05FE : F2F2F2;
    05FF : F2F2F2;
    0600 : F2F2F2;
    0601 : F2F2F2;
    0602 : F2F2F2;
    0603 : F2F2F2;
    0604 : F2F2F2;
    0605 : F2F2F2;
    0606 : F2F2F2;
    0607 : F2F2F2;
    0608 : F2F2F2;
    0609 : F2F2F2;
    060A : F2F2F2;
    060B : F2F2F2;
    060C : F2F2F2;
    060D : F2F2F2;
    060E : F2F2F2;
    060F : F2F2F2;
    0610 : F2F2F2;
    0611 : F2F2F2;
    0612 : F2F2F2;
    0613 : F2F2F2;
    0614 : F2F2F2;
    0615 : F2F2F2;
    0616 : F2F2F2;
    0617 : F2F2F2;
    0618 : F2F2F2;
    0619 : F2F2F2;
    061A : F2F2F2;
    061B : F2F2F2;
    061C : F2F2F2;
    061D : F2F2F2;
    061E : F2F2F2;
    061F : F2F2F2;
    0620 : F2F2F2;
    0621 : F2F2F2;
    0622 : F2F2F2;
    0623 : F2F2F2;
    0624 : F2F2F2;
    0625 : F2F2F2;
    0626 : F2F2F2;
    0627 : F2F2F2;
    0628 : F2F2F2;
    0629 : F2F2F2;
    062A : F2F2F2;
    062B : F2F2F2;
    062C : F2F2F2;
    062D : F2F2F2;
    062E : F2F2F2;
    062F : F2F2F2;
    0630 : F2F2F2;
    0631 : F2F2F2;
    0632 : F2F2F2;
    0633 : F2F2F2;
    0634 : F2F2F2;
    0635 : F2F2F2;
    0636 : F2F2F2;
    0637 : F2F2F2;
    0638 : F2F2F2;
    0639 : F2F2F2;
    063A : F2F2F2;
    063B : F2F2F2;
    063C : F2F2F2;
    063D : F2F2F2;
    063E : F2F2F2;
    063F : F2F2F2;
    0640 : F2F2F2;
    0641 : F2F2F2;
    0642 : F2F2F2;
    0643 : F2F2F2;
    0644 : F2F2F2;
    0645 : F2F2F2;
    0646 : F2F2F2;
    0647 : F2F2F2;
    0648 : F2F2F2;
    0649 : F2F2F2;
    064A : F2F2F2;
    064B : F2F2F2;
    064C : F2F2F2;
    064D : F2F2F2;
    064E : F2F2F2;
    064F : F2F2F2;
    0650 : F2F2F2;
    0651 : F2F2F2;
    0652 : F2F2F2;
    0653 : F2F2F2;
    0654 : F2F2F2;
    0655 : F2F2F2;
    0656 : F2F2F2;
    0657 : F2F2F2;
    0658 : F2F2F2;
    0659 : F2F2F2;
    065A : F2F2F2;
    065B : F2F2F2;
    065C : F2F2F2;
    065D : F2F2F2;
    065E : F2F2F2;
    065F : F2F2F2;
    0660 : F2F2F2;
    0661 : F2F2F2;
    0662 : F2F2F2;
    0663 : F2F2F2;
    0664 : F2F2F2;
    0665 : F2F2F2;
    0666 : F2F2F2;
    0667 : F2F2F2;
    0668 : F2F2F2;
    0669 : F2F2F2;
    066A : F2F2F2;
    066B : F2F2F2;
    066C : F2F2F2;
    066D : F2F2F2;
    066E : F2F2F2;
    066F : F2F2F2;
    0670 : F2F2F2;
    0671 : F2F2F2;
    0672 : F2F2F2;
    0673 : F2F2F2;
    0674 : F2F2F2;
    0675 : F2F2F2;
    0676 : F2F2F2;
    0677 : F2F2F2;
    0678 : EFEFEF;
    0679 : F9F9F9;
    067A : EFEFEF;
    067B : EEEEEE;
    067C : F3F3F3;
    067D : EFEFEF;
    067E : F1F1F1;
    067F : F3F3F3;
    0680 : F6F6F6;
    0681 : F4F4F4;
    0682 : F1F1F1;
    0683 : EFEFEF;
    0684 : EFEFEF;
    0685 : F0F0F0;
    0686 : F2F2F2;
    0687 : F4F4F4;
    0688 : E9E9E9;
    0689 : F3F3F3;
    068A : FBFBFB;
    068B : F8F8F8;
    068C : EFEFEF;
    068D : EBEBEB;
    068E : F1F1F1;
    068F : FAFAFA;
    0690 : E4E4E4;
    0691 : F1F1F1;
    0692 : F7F7F7;
    0693 : FFFFFF;
    0694 : 4E4E4E;
    0695 : 000000;
    0696 : 070707;
    0697 : 0B0B0B;
    0698 : 0B0B0B;
    0699 : 0C0C0C;
    069A : 000000;
    069B : 141414;
    069C : 303030;
    069D : 393939;
    069E : 707070;
    069F : 939393;
    06A0 : 8A8A8A;
    06A1 : 9A9A9A;
    06A2 : 6D6D6D;
    06A3 : 000000;
    06A4 : 585858;
    06A5 : F5F5F5;
    06A6 : E5E5E5;
    06A7 : F9F9F9;
    06A8 : F3F3F3;
    06A9 : F3F3F3;
    06AA : E9E9E9;
    06AB : F6F6F6;
    06AC : F8F8F8;
    06AD : ECECEC;
    06AE : F4F4F4;
    06AF : EEEEEE;
    06B0 : F2F2F2;
    06B1 : F2F2F2;
    06B2 : F2F2F2;
    06B3 : F2F2F2;
    06B4 : F2F2F2;
    06B5 : F2F2F2;
    06B6 : F2F2F2;
    06B7 : F2F2F2;
    06B8 : F2F2F2;
    06B9 : F2F2F2;
    06BA : F2F2F2;
    06BB : F2F2F2;
    06BC : F2F2F2;
    06BD : F2F2F2;
    06BE : F2F2F2;
    06BF : F2F2F2;
    06C0 : F2F2F2;
    06C1 : F2F2F2;
    06C2 : F2F2F2;
    06C3 : F2F2F2;
    06C4 : F2F2F2;
    06C5 : F2F2F2;
    06C6 : F2F2F2;
    06C7 : F2F2F2;
    06C8 : F2F2F2;
    06C9 : F2F2F2;
    06CA : F2F2F2;
    06CB : F2F2F2;
    06CC : F2F2F2;
    06CD : F2F2F2;
    06CE : F2F2F2;
    06CF : F2F2F2;
    06D0 : F2F2F2;
    06D1 : F2F2F2;
    06D2 : F2F2F2;
    06D3 : F2F2F2;
    06D4 : F2F2F2;
    06D5 : F2F2F2;
    06D6 : F2F2F2;
    06D7 : F2F2F2;
    06D8 : F2F2F2;
    06D9 : F2F2F2;
    06DA : F2F2F2;
    06DB : F2F2F2;
    06DC : F2F2F2;
    06DD : F2F2F2;
    06DE : F2F2F2;
    06DF : F2F2F2;
    06E0 : F2F2F2;
    06E1 : F2F2F2;
    06E2 : F2F2F2;
    06E3 : F2F2F2;
    06E4 : F2F2F2;
    06E5 : F2F2F2;
    06E6 : F2F2F2;
    06E7 : F2F2F2;
    06E8 : F2F2F2;
    06E9 : F2F2F2;
    06EA : F2F2F2;
    06EB : F2F2F2;
    06EC : F2F2F2;
    06ED : F2F2F2;
    06EE : F2F2F2;
    06EF : F2F2F2;
    06F0 : F2F2F2;
    06F1 : F2F2F2;
    06F2 : F2F2F2;
    06F3 : F2F2F2;
    06F4 : F2F2F2;
    06F5 : F2F2F2;
    06F6 : F2F2F2;
    06F7 : F2F2F2;
    06F8 : F2F2F2;
    06F9 : F2F2F2;
    06FA : F2F2F2;
    06FB : F2F2F2;
    06FC : F2F2F2;
    06FD : F2F2F2;
    06FE : F2F2F2;
    06FF : F2F2F2;
    0700 : F2F2F2;
    0701 : F2F2F2;
    0702 : F2F2F2;
    0703 : F2F2F2;
    0704 : F2F2F2;
    0705 : F2F2F2;
    0706 : F2F2F2;
    0707 : F2F2F2;
    0708 : F2F2F2;
    0709 : F2F2F2;
    070A : F2F2F2;
    070B : F2F2F2;
    070C : F2F2F2;
    070D : F2F2F2;
    070E : F2F2F2;
    070F : F2F2F2;
    0710 : F2F2F2;
    0711 : F2F2F2;
    0712 : F2F2F2;
    0713 : F2F2F2;
    0714 : F2F2F2;
    0715 : F2F2F2;
    0716 : F2F2F2;
    0717 : F2F2F2;
    0718 : F2F2F2;
    0719 : F2F2F2;
    071A : F2F2F2;
    071B : F2F2F2;
    071C : F2F2F2;
    071D : F2F2F2;
    071E : F2F2F2;
    071F : F2F2F2;
    0720 : F2F2F2;
    0721 : F2F2F2;
    0722 : F2F2F2;
    0723 : F2F2F2;
    0724 : F2F2F2;
    0725 : F2F2F2;
    0726 : F2F2F2;
    0727 : F2F2F2;
    0728 : F2F2F2;
    0729 : F2F2F2;
    072A : F2F2F2;
    072B : F2F2F2;
    072C : F2F2F2;
    072D : F2F2F2;
    072E : F2F2F2;
    072F : F2F2F2;
    0730 : F2F2F2;
    0731 : F2F2F2;
    0732 : F2F2F2;
    0733 : F2F2F2;
    0734 : F2F2F2;
    0735 : F2F2F2;
    0736 : F2F2F2;
    0737 : F2F2F2;
    0738 : F2F2F2;
    0739 : F2F2F2;
    073A : F2F2F2;
    073B : F2F2F2;
    073C : F2F2F2;
    073D : F2F2F2;
    073E : F2F2F2;
    073F : F2F2F2;
    0740 : FCFCFC;
    0741 : F2F2F2;
    0742 : E6E6E6;
    0743 : EFEFEF;
    0744 : F9F9F9;
    0745 : F0F0F0;
    0746 : EEEEEE;
    0747 : F4F4F4;
    0748 : E9E9E9;
    0749 : EBEBEB;
    074A : EDEDED;
    074B : EFEFEF;
    074C : F0F0F0;
    074D : EFEFEF;
    074E : EEEEEE;
    074F : ECECEC;
    0750 : F7F7F7;
    0751 : EEEEEE;
    0752 : E7E7E7;
    0753 : ECECEC;
    0754 : F5F5F5;
    0755 : F8F8F8;
    0756 : EEEEEE;
    0757 : E3E3E3;
    0758 : FFFFFF;
    0759 : EAEAEA;
    075A : E1E1E1;
    075B : FFFFFF;
    075C : ADADAD;
    075D : 0E0E0E;
    075E : 000000;
    075F : 101010;
    0760 : 0A0A0A;
    0761 : 000000;
    0762 : 0C0C0C;
    0763 : 060606;
    0764 : 1B1B1B;
    0765 : 3E3E3E;
    0766 : 4D4D4D;
    0767 : 7C7C7C;
    0768 : 858585;
    0769 : 848484;
    076A : 989898;
    076B : 6A6A6A;
    076C : 0D0D0D;
    076D : 636363;
    076E : FDFDFD;
    076F : F0F0F0;
    0770 : F3F3F3;
    0771 : F1F1F1;
    0772 : EFEFEF;
    0773 : F1F1F1;
    0774 : EDEDED;
    0775 : EEEEEE;
    0776 : F6F6F6;
    0777 : F2F2F2;
    0778 : F2F2F2;
    0779 : F2F2F2;
    077A : F2F2F2;
    077B : F2F2F2;
    077C : F2F2F2;
    077D : F2F2F2;
    077E : F2F2F2;
    077F : F2F2F2;
    0780 : F2F2F2;
    0781 : F2F2F2;
    0782 : F2F2F2;
    0783 : F2F2F2;
    0784 : F2F2F2;
    0785 : F2F2F2;
    0786 : F2F2F2;
    0787 : F2F2F2;
    0788 : F2F2F2;
    0789 : F2F2F2;
    078A : F2F2F2;
    078B : F2F2F2;
    078C : F2F2F2;
    078D : F2F2F2;
    078E : F2F2F2;
    078F : F2F2F2;
    0790 : F2F2F2;
    0791 : F2F2F2;
    0792 : F2F2F2;
    0793 : F2F2F2;
    0794 : F2F2F2;
    0795 : F2F2F2;
    0796 : F2F2F2;
    0797 : F2F2F2;
    0798 : F2F2F2;
    0799 : F2F2F2;
    079A : F2F2F2;
    079B : F2F2F2;
    079C : F2F2F2;
    079D : F2F2F2;
    079E : F2F2F2;
    079F : F2F2F2;
    07A0 : F2F2F2;
    07A1 : F2F2F2;
    07A2 : F2F2F2;
    07A3 : F2F2F2;
    07A4 : F2F2F2;
    07A5 : F2F2F2;
    07A6 : F2F2F2;
    07A7 : F2F2F2;
    07A8 : F2F2F2;
    07A9 : F2F2F2;
    07AA : F2F2F2;
    07AB : F2F2F2;
    07AC : F2F2F2;
    07AD : F2F2F2;
    07AE : F2F2F2;
    07AF : F2F2F2;
    07B0 : F2F2F2;
    07B1 : F2F2F2;
    07B2 : F2F2F2;
    07B3 : F2F2F2;
    07B4 : F2F2F2;
    07B5 : F2F2F2;
    07B6 : F2F2F2;
    07B7 : F2F2F2;
    07B8 : F2F2F2;
    07B9 : F2F2F2;
    07BA : F2F2F2;
    07BB : F2F2F2;
    07BC : F2F2F2;
    07BD : F2F2F2;
    07BE : F2F2F2;
    07BF : F2F2F2;
    07C0 : F2F2F2;
    07C1 : F2F2F2;
    07C2 : F2F2F2;
    07C3 : F2F2F2;
    07C4 : F2F2F2;
    07C5 : F2F2F2;
    07C6 : F2F2F2;
    07C7 : F2F2F2;
    07C8 : F2F2F2;
    07C9 : F2F2F2;
    07CA : F2F2F2;
    07CB : F2F2F2;
    07CC : F2F2F2;
    07CD : F2F2F2;
    07CE : F2F2F2;
    07CF : F2F2F2;
    07D0 : F2F2F2;
    07D1 : F2F2F2;
    07D2 : F2F2F2;
    07D3 : F2F2F2;
    07D4 : F2F2F2;
    07D5 : F2F2F2;
    07D6 : F2F2F2;
    07D7 : F2F2F2;
    07D8 : F2F2F2;
    07D9 : F2F2F2;
    07DA : F2F2F2;
    07DB : F2F2F2;
    07DC : F2F2F2;
    07DD : F2F2F2;
    07DE : F2F2F2;
    07DF : F2F2F2;
    07E0 : F2F2F2;
    07E1 : F2F2F2;
    07E2 : F2F2F2;
    07E3 : F2F2F2;
    07E4 : F2F2F2;
    07E5 : F2F2F2;
    07E6 : F2F2F2;
    07E7 : F2F2F2;
    07E8 : F2F2F2;
    07E9 : F2F2F2;
    07EA : F2F2F2;
    07EB : F2F2F2;
    07EC : F2F2F2;
    07ED : F2F2F2;
    07EE : F2F2F2;
    07EF : F2F2F2;
    07F0 : F2F2F2;
    07F1 : F2F2F2;
    07F2 : F2F2F2;
    07F3 : F2F2F2;
    07F4 : F2F2F2;
    07F5 : F2F2F2;
    07F6 : F2F2F2;
    07F7 : F2F2F2;
    07F8 : F2F2F2;
    07F9 : F2F2F2;
    07FA : F2F2F2;
    07FB : F2F2F2;
    07FC : F2F2F2;
    07FD : F2F2F2;
    07FE : F2F2F2;
    07FF : F2F2F2;
    0800 : F2F2F2;
    0801 : F2F2F2;
    0802 : F2F2F2;
    0803 : F2F2F2;
    0804 : F2F2F2;
    0805 : F2F2F2;
    0806 : F2F2F2;
    0807 : F2F2F2;
    0808 : DDDDDD;
    0809 : F8F8F8;
    080A : FFFFFF;
    080B : F3F3F3;
    080C : EAEAEA;
    080D : F2F2F2;
    080E : F5F5F5;
    080F : F0F0F0;
    0810 : F2F2F2;
    0811 : F3F3F3;
    0812 : F4F4F4;
    0813 : F5F5F5;
    0814 : F5F5F5;
    0815 : F4F4F4;
    0816 : F2F2F2;
    0817 : F2F2F2;
    0818 : EEEEEE;
    0819 : F2F2F2;
    081A : F3F3F3;
    081B : EDEDED;
    081C : E4E4E4;
    081D : E5E5E5;
    081E : F1F1F1;
    081F : FDFDFD;
    0820 : DFDFDF;
    0821 : FBFBFB;
    0822 : F9F9F9;
    0823 : E8E8E8;
    0824 : D7D7D7;
    0825 : 1A1A1A;
    0826 : 030303;
    0827 : 030303;
    0828 : 030303;
    0829 : 020202;
    082A : 101010;
    082B : 000000;
    082C : 0B0B0B;
    082D : 2B2B2B;
    082E : 333333;
    082F : 585858;
    0830 : 949494;
    0831 : 7D7D7D;
    0832 : 969696;
    0833 : 959595;
    0834 : 515151;
    0835 : 000000;
    0836 : A1A1A1;
    0837 : FFFFFF;
    0838 : F2F2F2;
    0839 : EBEBEB;
    083A : F4F4F4;
    083B : EFEFEF;
    083C : E9E9E9;
    083D : F3F3F3;
    083E : F4F4F4;
    083F : F1F1F1;
    0840 : F2F2F2;
    0841 : F2F2F2;
    0842 : F2F2F2;
    0843 : F2F2F2;
    0844 : F2F2F2;
    0845 : F2F2F2;
    0846 : F2F2F2;
    0847 : F2F2F2;
    0848 : F2F2F2;
    0849 : F2F2F2;
    084A : F2F2F2;
    084B : F2F2F2;
    084C : F2F2F2;
    084D : F2F2F2;
    084E : F2F2F2;
    084F : F2F2F2;
    0850 : F2F2F2;
    0851 : F2F2F2;
    0852 : F2F2F2;
    0853 : F2F2F2;
    0854 : F2F2F2;
    0855 : F2F2F2;
    0856 : F2F2F2;
    0857 : F2F2F2;
    0858 : F2F2F2;
    0859 : F2F2F2;
    085A : F2F2F2;
    085B : F2F2F2;
    085C : F2F2F2;
    085D : F2F2F2;
    085E : F2F2F2;
    085F : F2F2F2;
    0860 : F2F2F2;
    0861 : F2F2F2;
    0862 : F2F2F2;
    0863 : F2F2F2;
    0864 : F2F2F2;
    0865 : F2F2F2;
    0866 : F2F2F2;
    0867 : F2F2F2;
    0868 : F2F2F2;
    0869 : F2F2F2;
    086A : F2F2F2;
    086B : F2F2F2;
    086C : F2F2F2;
    086D : F2F2F2;
    086E : F2F2F2;
    086F : F2F2F2;
    0870 : F2F2F2;
    0871 : F2F2F2;
    0872 : F2F2F2;
    0873 : F2F2F2;
    0874 : F2F2F2;
    0875 : F2F2F2;
    0876 : F2F2F2;
    0877 : F2F2F2;
    0878 : F2F2F2;
    0879 : F2F2F2;
    087A : F2F2F2;
    087B : F2F2F2;
    087C : F2F2F2;
    087D : F2F2F2;
    087E : F2F2F2;
    087F : F2F2F2;
    0880 : F2F2F2;
    0881 : F2F2F2;
    0882 : F2F2F2;
    0883 : F2F2F2;
    0884 : F2F2F2;
    0885 : F2F2F2;
    0886 : F2F2F2;
    0887 : F2F2F2;
    0888 : F2F2F2;
    0889 : F2F2F2;
    088A : F2F2F2;
    088B : F2F2F2;
    088C : F2F2F2;
    088D : F2F2F2;
    088E : F2F2F2;
    088F : F2F2F2;
    0890 : F2F2F2;
    0891 : F2F2F2;
    0892 : F2F2F2;
    0893 : F2F2F2;
    0894 : F2F2F2;
    0895 : F2F2F2;
    0896 : F2F2F2;
    0897 : F2F2F2;
    0898 : F2F2F2;
    0899 : F2F2F2;
    089A : F2F2F2;
    089B : F2F2F2;
    089C : F2F2F2;
    089D : F2F2F2;
    089E : F2F2F2;
    089F : F2F2F2;
    08A0 : F2F2F2;
    08A1 : F2F2F2;
    08A2 : F2F2F2;
    08A3 : F2F2F2;
    08A4 : F2F2F2;
    08A5 : F2F2F2;
    08A6 : F2F2F2;
    08A7 : F2F2F2;
    08A8 : F2F2F2;
    08A9 : F2F2F2;
    08AA : F2F2F2;
    08AB : F2F2F2;
    08AC : F2F2F2;
    08AD : F2F2F2;
    08AE : F2F2F2;
    08AF : F2F2F2;
    08B0 : F2F2F2;
    08B1 : F2F2F2;
    08B2 : F2F2F2;
    08B3 : F2F2F2;
    08B4 : F2F2F2;
    08B5 : F2F2F2;
    08B6 : F2F2F2;
    08B7 : F2F2F2;
    08B8 : F2F2F2;
    08B9 : F2F2F2;
    08BA : F2F2F2;
    08BB : F2F2F2;
    08BC : F2F2F2;
    08BD : F2F2F2;
    08BE : F2F2F2;
    08BF : F2F2F2;
    08C0 : F2F2F2;
    08C1 : F2F2F2;
    08C2 : F2F2F2;
    08C3 : F2F2F2;
    08C4 : F2F2F2;
    08C5 : F2F2F2;
    08C6 : F2F2F2;
    08C7 : F2F2F2;
    08C8 : F2F2F2;
    08C9 : F2F2F2;
    08CA : F2F2F2;
    08CB : F2F2F2;
    08CC : F2F2F2;
    08CD : F2F2F2;
    08CE : F2F2F2;
    08CF : F2F2F2;
    08D0 : FDFDFD;
    08D1 : E6E6E6;
    08D2 : E8E8E8;
    08D3 : EFEFEF;
    08D4 : F6F6F6;
    08D5 : FDFDFD;
    08D6 : FCFCFC;
    08D7 : FFFFFF;
    08D8 : FEFEFE;
    08D9 : FAFAFA;
    08DA : F4F4F4;
    08DB : EEEEEE;
    08DC : ECECEC;
    08DD : ECECEC;
    08DE : EFEFEF;
    08DF : F1F1F1;
    08E0 : FAFAFA;
    08E1 : F9F9F9;
    08E2 : FAFAFA;
    08E3 : FFFFFF;
    08E4 : FFFFFF;
    08E5 : FFFFFF;
    08E6 : F7F7F7;
    08E7 : EEEEEE;
    08E8 : EFEFEF;
    08E9 : F8F8F8;
    08EA : F6F6F6;
    08EB : F9F9F9;
    08EC : FFFFFF;
    08ED : 262626;
    08EE : 000000;
    08EF : 090909;
    08F0 : 000000;
    08F1 : 121212;
    08F2 : 000000;
    08F3 : 050505;
    08F4 : 0B0B0B;
    08F5 : 090909;
    08F6 : 2E2E2E;
    08F7 : 3C3C3C;
    08F8 : 828282;
    08F9 : 8D8D8D;
    08FA : 797979;
    08FB : 868686;
    08FC : A5A5A5;
    08FD : 363636;
    08FE : 171717;
    08FF : E3E3E3;
    0900 : F9F9F9;
    0901 : EBEBEB;
    0902 : F4F4F4;
    0903 : F1F1F1;
    0904 : F1F1F1;
    0905 : F9F9F9;
    0906 : EEEEEE;
    0907 : EDEDED;
    0908 : F2F2F2;
    0909 : F2F2F2;
    090A : F2F2F2;
    090B : F2F2F2;
    090C : F2F2F2;
    090D : F2F2F2;
    090E : F2F2F2;
    090F : F2F2F2;
    0910 : F2F2F2;
    0911 : F2F2F2;
    0912 : F2F2F2;
    0913 : F2F2F2;
    0914 : F2F2F2;
    0915 : F2F2F2;
    0916 : F2F2F2;
    0917 : F2F2F2;
    0918 : F2F2F2;
    0919 : F2F2F2;
    091A : F2F2F2;
    091B : F2F2F2;
    091C : F2F2F2;
    091D : F2F2F2;
    091E : F2F2F2;
    091F : F2F2F2;
    0920 : F2F2F2;
    0921 : F2F2F2;
    0922 : F2F2F2;
    0923 : F2F2F2;
    0924 : F2F2F2;
    0925 : F2F2F2;
    0926 : F2F2F2;
    0927 : F2F2F2;
    0928 : F2F2F2;
    0929 : F2F2F2;
    092A : F2F2F2;
    092B : F2F2F2;
    092C : F2F2F2;
    092D : F2F2F2;
    092E : F2F2F2;
    092F : F2F2F2;
    0930 : F2F2F2;
    0931 : F2F2F2;
    0932 : F2F2F2;
    0933 : F2F2F2;
    0934 : F2F2F2;
    0935 : F2F2F2;
    0936 : F2F2F2;
    0937 : F2F2F2;
    0938 : F2F2F2;
    0939 : F2F2F2;
    093A : F2F2F2;
    093B : F2F2F2;
    093C : F2F2F2;
    093D : F2F2F2;
    093E : F2F2F2;
    093F : F2F2F2;
    0940 : F2F2F2;
    0941 : F2F2F2;
    0942 : F2F2F2;
    0943 : F2F2F2;
    0944 : F2F2F2;
    0945 : F2F2F2;
    0946 : F2F2F2;
    0947 : F2F2F2;
    0948 : F2F2F2;
    0949 : F2F2F2;
    094A : F2F2F2;
    094B : F2F2F2;
    094C : F2F2F2;
    094D : F2F2F2;
    094E : F2F2F2;
    094F : F2F2F2;
    0950 : F2F2F2;
    0951 : F2F2F2;
    0952 : F2F2F2;
    0953 : F2F2F2;
    0954 : F2F2F2;
    0955 : F2F2F2;
    0956 : F2F2F2;
    0957 : F2F2F2;
    0958 : F2F2F2;
    0959 : F2F2F2;
    095A : F2F2F2;
    095B : F2F2F2;
    095C : F2F2F2;
    095D : F2F2F2;
    095E : F2F2F2;
    095F : F2F2F2;
    0960 : F2F2F2;
    0961 : F2F2F2;
    0962 : F2F2F2;
    0963 : F2F2F2;
    0964 : F2F2F2;
    0965 : F2F2F2;
    0966 : F2F2F2;
    0967 : F2F2F2;
    0968 : F2F2F2;
    0969 : F2F2F2;
    096A : F2F2F2;
    096B : F2F2F2;
    096C : F2F2F2;
    096D : F2F2F2;
    096E : F2F2F2;
    096F : F2F2F2;
    0970 : F2F2F2;
    0971 : F2F2F2;
    0972 : F2F2F2;
    0973 : F2F2F2;
    0974 : F2F2F2;
    0975 : F2F2F2;
    0976 : F2F2F2;
    0977 : F2F2F2;
    0978 : F2F2F2;
    0979 : F2F2F2;
    097A : F2F2F2;
    097B : F2F2F2;
    097C : F2F2F2;
    097D : F2F2F2;
    097E : F2F2F2;
    097F : F2F2F2;
    0980 : F2F2F2;
    0981 : F2F2F2;
    0982 : F2F2F2;
    0983 : F2F2F2;
    0984 : F2F2F2;
    0985 : F2F2F2;
    0986 : F2F2F2;
    0987 : F2F2F2;
    0988 : F2F2F2;
    0989 : F2F2F2;
    098A : F2F2F2;
    098B : F2F2F2;
    098C : F2F2F2;
    098D : F2F2F2;
    098E : F2F2F2;
    098F : F2F2F2;
    0990 : F2F2F2;
    0991 : F2F2F2;
    0992 : F2F2F2;
    0993 : F2F2F2;
    0994 : F2F2F2;
    0995 : F2F2F2;
    0996 : F2F2F2;
    0997 : F2F2F2;
    0998 : FFFFFF;
    0999 : F8F8F8;
    099A : FFFFFF;
    099B : FDFDFD;
    099C : E1E1E1;
    099D : CCCCCC;
    099E : 9C9C9C;
    099F : 7A7A7A;
    09A0 : 5A5A5A;
    09A1 : 525252;
    09A2 : 454545;
    09A3 : 373737;
    09A4 : 292929;
    09A5 : 202020;
    09A6 : 1B1B1B;
    09A7 : 181818;
    09A8 : 313131;
    09A9 : 393939;
    09AA : 4B4B4B;
    09AB : 696969;
    09AC : 939393;
    09AD : C1C1C1;
    09AE : E8E8E8;
    09AF : FFFFFF;
    09B0 : FFFFFF;
    09B1 : F2F2F2;
    09B2 : DCDCDC;
    09B3 : E1E1E1;
    09B4 : F1F1F1;
    09B5 : 4A4A4A;
    09B6 : 0C0C0C;
    09B7 : 0D0D0D;
    09B8 : 030303;
    09B9 : 0E0E0E;
    09BA : 000000;
    09BB : 0A0A0A;
    09BC : 0D0D0D;
    09BD : 000000;
    09BE : 202020;
    09BF : 373737;
    09C0 : 454545;
    09C1 : 8E8E8E;
    09C2 : 868686;
    09C3 : 929292;
    09C4 : 7C7C7C;
    09C5 : 8D8D8D;
    09C6 : 080808;
    09C7 : 676767;
    09C8 : FBFBFB;
    09C9 : F7F7F7;
    09CA : F3F3F3;
    09CB : F1F1F1;
    09CC : F9F9F9;
    09CD : F8F8F8;
    09CE : EBEBEB;
    09CF : EFEFEF;
    09D0 : F2F2F2;
    09D1 : F2F2F2;
    09D2 : F2F2F2;
    09D3 : F2F2F2;
    09D4 : F2F2F2;
    09D5 : F2F2F2;
    09D6 : F2F2F2;
    09D7 : F2F2F2;
    09D8 : F2F2F2;
    09D9 : F2F2F2;
    09DA : F2F2F2;
    09DB : F2F2F2;
    09DC : F2F2F2;
    09DD : F2F2F2;
    09DE : F2F2F2;
    09DF : F2F2F2;
    09E0 : F2F2F2;
    09E1 : F2F2F2;
    09E2 : F2F2F2;
    09E3 : F2F2F2;
    09E4 : F2F2F2;
    09E5 : F2F2F2;
    09E6 : F2F2F2;
    09E7 : F2F2F2;
    09E8 : F2F2F2;
    09E9 : F2F2F2;
    09EA : F2F2F2;
    09EB : F2F2F2;
    09EC : F2F2F2;
    09ED : F2F2F2;
    09EE : F2F2F2;
    09EF : F2F2F2;
    09F0 : F2F2F2;
    09F1 : F2F2F2;
    09F2 : F2F2F2;
    09F3 : F2F2F2;
    09F4 : F2F2F2;
    09F5 : F2F2F2;
    09F6 : F2F2F2;
    09F7 : F2F2F2;
    09F8 : F2F2F2;
    09F9 : F2F2F2;
    09FA : F2F2F2;
    09FB : F2F2F2;
    09FC : F2F2F2;
    09FD : F2F2F2;
    09FE : F2F2F2;
    09FF : F2F2F2;
    0A00 : F2F2F2;
    0A01 : F2F2F2;
    0A02 : F2F2F2;
    0A03 : F2F2F2;
    0A04 : F2F2F2;
    0A05 : F2F2F2;
    0A06 : F2F2F2;
    0A07 : F2F2F2;
    0A08 : F2F2F2;
    0A09 : F2F2F2;
    0A0A : F2F2F2;
    0A0B : F2F2F2;
    0A0C : F2F2F2;
    0A0D : F2F2F2;
    0A0E : F2F2F2;
    0A0F : F2F2F2;
    0A10 : F2F2F2;
    0A11 : F2F2F2;
    0A12 : F2F2F2;
    0A13 : F2F2F2;
    0A14 : F2F2F2;
    0A15 : F2F2F2;
    0A16 : F2F2F2;
    0A17 : F2F2F2;
    0A18 : F2F2F2;
    0A19 : F2F2F2;
    0A1A : F2F2F2;
    0A1B : F2F2F2;
    0A1C : F2F2F2;
    0A1D : F2F2F2;
    0A1E : F2F2F2;
    0A1F : F2F2F2;
    0A20 : F2F2F2;
    0A21 : F2F2F2;
    0A22 : F2F2F2;
    0A23 : F2F2F2;
    0A24 : F2F2F2;
    0A25 : F2F2F2;
    0A26 : F2F2F2;
    0A27 : F2F2F2;
    0A28 : F2F2F2;
    0A29 : F2F2F2;
    0A2A : F2F2F2;
    0A2B : F2F2F2;
    0A2C : F2F2F2;
    0A2D : F2F2F2;
    0A2E : F2F2F2;
    0A2F : F2F2F2;
    0A30 : F2F2F2;
    0A31 : F2F2F2;
    0A32 : F2F2F2;
    0A33 : F2F2F2;
    0A34 : F2F2F2;
    0A35 : F2F2F2;
    0A36 : F2F2F2;
    0A37 : F2F2F2;
    0A38 : F2F2F2;
    0A39 : F2F2F2;
    0A3A : F2F2F2;
    0A3B : F2F2F2;
    0A3C : F2F2F2;
    0A3D : F2F2F2;
    0A3E : F2F2F2;
    0A3F : F2F2F2;
    0A40 : F2F2F2;
    0A41 : F2F2F2;
    0A42 : F2F2F2;
    0A43 : F2F2F2;
    0A44 : F2F2F2;
    0A45 : F2F2F2;
    0A46 : F2F2F2;
    0A47 : F2F2F2;
    0A48 : F2F2F2;
    0A49 : F2F2F2;
    0A4A : F2F2F2;
    0A4B : F2F2F2;
    0A4C : F2F2F2;
    0A4D : F2F2F2;
    0A4E : F2F2F2;
    0A4F : F2F2F2;
    0A50 : F2F2F2;
    0A51 : F2F2F2;
    0A52 : F2F2F2;
    0A53 : F2F2F2;
    0A54 : F2F2F2;
    0A55 : F2F2F2;
    0A56 : F2F2F2;
    0A57 : F2F2F2;
    0A58 : F2F2F2;
    0A59 : F2F2F2;
    0A5A : F2F2F2;
    0A5B : F2F2F2;
    0A5C : F2F2F2;
    0A5D : F2F2F2;
    0A5E : F2F2F2;
    0A5F : F2F2F2;
    0A60 : DCDCDC;
    0A61 : 949494;
    0A62 : 6D6D6D;
    0A63 : 3A3A3A;
    0A64 : 191919;
    0A65 : 242424;
    0A66 : 1F1F1F;
    0A67 : 232323;
    0A68 : 3E3E3E;
    0A69 : 444444;
    0A6A : 4F4F4F;
    0A6B : 5C5C5C;
    0A6C : 676767;
    0A6D : 707070;
    0A6E : 757575;
    0A6F : 777777;
    0A70 : 575757;
    0A71 : 565656;
    0A72 : 4A4A4A;
    0A73 : 303030;
    0A74 : 191919;
    0A75 : 1A1A1A;
    0A76 : 353535;
    0A77 : 505050;
    0A78 : B3B3B3;
    0A79 : EBEBEB;
    0A7A : FFFFFF;
    0A7B : FFFFFF;
    0A7C : F4F4F4;
    0A7D : 767676;
    0A7E : 070707;
    0A7F : 000000;
    0A80 : 0D0D0D;
    0A81 : 000000;
    0A82 : 090909;
    0A83 : 060606;
    0A84 : 090909;
    0A85 : 0B0B0B;
    0A86 : 060606;
    0A87 : 353535;
    0A88 : 2D2D2D;
    0A89 : 6B6B6B;
    0A8A : 9E9E9E;
    0A8B : 929292;
    0A8C : 767676;
    0A8D : 929292;
    0A8E : 555555;
    0A8F : 030303;
    0A90 : CECECE;
    0A91 : FFFFFF;
    0A92 : F5F5F5;
    0A93 : ECECEC;
    0A94 : FAFAFA;
    0A95 : F0F0F0;
    0A96 : EEEEEE;
    0A97 : F4F4F4;
    0A98 : F2F2F2;
    0A99 : F2F2F2;
    0A9A : F2F2F2;
    0A9B : F2F2F2;
    0A9C : F2F2F2;
    0A9D : F2F2F2;
    0A9E : F2F2F2;
    0A9F : F2F2F2;
    0AA0 : F2F2F2;
    0AA1 : F2F2F2;
    0AA2 : F2F2F2;
    0AA3 : F2F2F2;
    0AA4 : F2F2F2;
    0AA5 : F2F2F2;
    0AA6 : F2F2F2;
    0AA7 : F2F2F2;
    0AA8 : F2F2F2;
    0AA9 : F2F2F2;
    0AAA : F2F2F2;
    0AAB : F2F2F2;
    0AAC : F2F2F2;
    0AAD : F2F2F2;
    0AAE : F2F2F2;
    0AAF : F2F2F2;
    0AB0 : F2F2F2;
    0AB1 : F2F2F2;
    0AB2 : F2F2F2;
    0AB3 : F2F2F2;
    0AB4 : F2F2F2;
    0AB5 : F2F2F2;
    0AB6 : F2F2F2;
    0AB7 : F2F2F2;
    0AB8 : F2F2F2;
    0AB9 : F2F2F2;
    0ABA : F2F2F2;
    0ABB : F2F2F2;
    0ABC : F2F2F2;
    0ABD : F2F2F2;
    0ABE : F2F2F2;
    0ABF : F2F2F2;
    0AC0 : F2F2F2;
    0AC1 : F2F2F2;
    0AC2 : F2F2F2;
    0AC3 : F2F2F2;
    0AC4 : F2F2F2;
    0AC5 : F2F2F2;
    0AC6 : F2F2F2;
    0AC7 : F2F2F2;
    0AC8 : F2F2F2;
    0AC9 : F2F2F2;
    0ACA : F2F2F2;
    0ACB : F2F2F2;
    0ACC : F2F2F2;
    0ACD : F2F2F2;
    0ACE : F2F2F2;
    0ACF : F2F2F2;
    0AD0 : F2F2F2;
    0AD1 : F2F2F2;
    0AD2 : F2F2F2;
    0AD3 : F2F2F2;
    0AD4 : F2F2F2;
    0AD5 : F2F2F2;
    0AD6 : F2F2F2;
    0AD7 : F2F2F2;
    0AD8 : F2F2F2;
    0AD9 : F2F2F2;
    0ADA : F2F2F2;
    0ADB : F2F2F2;
    0ADC : F2F2F2;
    0ADD : F2F2F2;
    0ADE : F2F2F2;
    0ADF : F2F2F2;
    0AE0 : F2F2F2;
    0AE1 : F2F2F2;
    0AE2 : F2F2F2;
    0AE3 : F2F2F2;
    0AE4 : F2F2F2;
    0AE5 : F2F2F2;
    0AE6 : F2F2F2;
    0AE7 : F2F2F2;
    0AE8 : F2F2F2;
    0AE9 : F2F2F2;
    0AEA : F2F2F2;
    0AEB : F2F2F2;
    0AEC : F2F2F2;
    0AED : F2F2F2;
    0AEE : F2F2F2;
    0AEF : F2F2F2;
    0AF0 : F2F2F2;
    0AF1 : F2F2F2;
    0AF2 : F2F2F2;
    0AF3 : F2F2F2;
    0AF4 : F2F2F2;
    0AF5 : F2F2F2;
    0AF6 : F2F2F2;
    0AF7 : F2F2F2;
    0AF8 : F2F2F2;
    0AF9 : F2F2F2;
    0AFA : F2F2F2;
    0AFB : F2F2F2;
    0AFC : F2F2F2;
    0AFD : F2F2F2;
    0AFE : F2F2F2;
    0AFF : F2F2F2;
    0B00 : F2F2F2;
    0B01 : F2F2F2;
    0B02 : F2F2F2;
    0B03 : F2F2F2;
    0B04 : F2F2F2;
    0B05 : F2F2F2;
    0B06 : F2F2F2;
    0B07 : F2F2F2;
    0B08 : F2F2F2;
    0B09 : F2F2F2;
    0B0A : F2F2F2;
    0B0B : F2F2F2;
    0B0C : F2F2F2;
    0B0D : F2F2F2;
    0B0E : F2F2F2;
    0B0F : F2F2F2;
    0B10 : F2F2F2;
    0B11 : F2F2F2;
    0B12 : F2F2F2;
    0B13 : F2F2F2;
    0B14 : F2F2F2;
    0B15 : F2F2F2;
    0B16 : F2F2F2;
    0B17 : F2F2F2;
    0B18 : F2F2F2;
    0B19 : F2F2F2;
    0B1A : F2F2F2;
    0B1B : F2F2F2;
    0B1C : F2F2F2;
    0B1D : F2F2F2;
    0B1E : F2F2F2;
    0B1F : F2F2F2;
    0B20 : F2F2F2;
    0B21 : F2F2F2;
    0B22 : F2F2F2;
    0B23 : F2F2F2;
    0B24 : F2F2F2;
    0B25 : F2F2F2;
    0B26 : F2F2F2;
    0B27 : F2F2F2;
    0B28 : D9D9D9;
    0B29 : 3C3C3C;
    0B2A : 000000;
    0B2B : 030303;
    0B2C : 0A0A0A;
    0B2D : 111111;
    0B2E : 131313;
    0B2F : 3A3A3A;
    0B30 : 404040;
    0B31 : 474747;
    0B32 : 515151;
    0B33 : 5C5C5C;
    0B34 : 646464;
    0B35 : 696969;
    0B36 : 6B6B6B;
    0B37 : 6B6B6B;
    0B38 : 969696;
    0B39 : 939393;
    0B3A : 929292;
    0B3B : 939393;
    0B3C : 8D8D8D;
    0B3D : 787878;
    0B3E : 585858;
    0B3F : 404040;
    0B40 : 040404;
    0B41 : 2D2D2D;
    0B42 : 7C7C7C;
    0B43 : D8D8D8;
    0B44 : FFFFFF;
    0B45 : 9D9D9D;
    0B46 : 000000;
    0B47 : 181818;
    0B48 : 090909;
    0B49 : 000000;
    0B4A : 0C0C0C;
    0B4B : 040404;
    0B4C : 070707;
    0B4D : 0C0C0C;
    0B4E : 000000;
    0B4F : 212121;
    0B50 : 3A3A3A;
    0B51 : 3E3E3E;
    0B52 : 8D8D8D;
    0B53 : 868686;
    0B54 : 9C9C9C;
    0B55 : 828282;
    0B56 : 848484;
    0B57 : 101010;
    0B58 : 626262;
    0B59 : F0F0F0;
    0B5A : F6F6F6;
    0B5B : EAEAEA;
    0B5C : FAFAFA;
    0B5D : EBEBEB;
    0B5E : F4F4F4;
    0B5F : F4F4F4;
    0B60 : F2F2F2;
    0B61 : F2F2F2;
    0B62 : F2F2F2;
    0B63 : F2F2F2;
    0B64 : F2F2F2;
    0B65 : F2F2F2;
    0B66 : F2F2F2;
    0B67 : F2F2F2;
    0B68 : F2F2F2;
    0B69 : F2F2F2;
    0B6A : F2F2F2;
    0B6B : F2F2F2;
    0B6C : F2F2F2;
    0B6D : F2F2F2;
    0B6E : F2F2F2;
    0B6F : F2F2F2;
    0B70 : F2F2F2;
    0B71 : F2F2F2;
    0B72 : F2F2F2;
    0B73 : F2F2F2;
    0B74 : F2F2F2;
    0B75 : F2F2F2;
    0B76 : F2F2F2;
    0B77 : F2F2F2;
    0B78 : F2F2F2;
    0B79 : F2F2F2;
    0B7A : F2F2F2;
    0B7B : F2F2F2;
    0B7C : F2F2F2;
    0B7D : F2F2F2;
    0B7E : F2F2F2;
    0B7F : F2F2F2;
    0B80 : F2F2F2;
    0B81 : F2F2F2;
    0B82 : F2F2F2;
    0B83 : F2F2F2;
    0B84 : F2F2F2;
    0B85 : F2F2F2;
    0B86 : F2F2F2;
    0B87 : F2F2F2;
    0B88 : F2F2F2;
    0B89 : F2F2F2;
    0B8A : F2F2F2;
    0B8B : F2F2F2;
    0B8C : F2F2F2;
    0B8D : F2F2F2;
    0B8E : F2F2F2;
    0B8F : F2F2F2;
    0B90 : F2F2F2;
    0B91 : F2F2F2;
    0B92 : F2F2F2;
    0B93 : F2F2F2;
    0B94 : F2F2F2;
    0B95 : F2F2F2;
    0B96 : F2F2F2;
    0B97 : F2F2F2;
    0B98 : F2F2F2;
    0B99 : F2F2F2;
    0B9A : F2F2F2;
    0B9B : F2F2F2;
    0B9C : F2F2F2;
    0B9D : F2F2F2;
    0B9E : F2F2F2;
    0B9F : F2F2F2;
    0BA0 : F2F2F2;
    0BA1 : F2F2F2;
    0BA2 : F2F2F2;
    0BA3 : F2F2F2;
    0BA4 : F2F2F2;
    0BA5 : F2F2F2;
    0BA6 : F2F2F2;
    0BA7 : F2F2F2;
    0BA8 : F2F2F2;
    0BA9 : F2F2F2;
    0BAA : F2F2F2;
    0BAB : F2F2F2;
    0BAC : F2F2F2;
    0BAD : F2F2F2;
    0BAE : F2F2F2;
    0BAF : F2F2F2;
    0BB0 : F2F2F2;
    0BB1 : F2F2F2;
    0BB2 : F2F2F2;
    0BB3 : F2F2F2;
    0BB4 : F2F2F2;
    0BB5 : F2F2F2;
    0BB6 : F2F2F2;
    0BB7 : F2F2F2;
    0BB8 : F2F2F2;
    0BB9 : F2F2F2;
    0BBA : F2F2F2;
    0BBB : F2F2F2;
    0BBC : F2F2F2;
    0BBD : F2F2F2;
    0BBE : F2F2F2;
    0BBF : F2F2F2;
    0BC0 : F2F2F2;
    0BC1 : F2F2F2;
    0BC2 : F2F2F2;
    0BC3 : F2F2F2;
    0BC4 : F2F2F2;
    0BC5 : F2F2F2;
    0BC6 : F2F2F2;
    0BC7 : F2F2F2;
    0BC8 : F2F2F2;
    0BC9 : F2F2F2;
    0BCA : F2F2F2;
    0BCB : F2F2F2;
    0BCC : F2F2F2;
    0BCD : F2F2F2;
    0BCE : F2F2F2;
    0BCF : F2F2F2;
    0BD0 : F2F2F2;
    0BD1 : F2F2F2;
    0BD2 : F2F2F2;
    0BD3 : F2F2F2;
    0BD4 : F2F2F2;
    0BD5 : F2F2F2;
    0BD6 : F2F2F2;
    0BD7 : F2F2F2;
    0BD8 : F2F2F2;
    0BD9 : F2F2F2;
    0BDA : F2F2F2;
    0BDB : F2F2F2;
    0BDC : F2F2F2;
    0BDD : F2F2F2;
    0BDE : F2F2F2;
    0BDF : F2F2F2;
    0BE0 : F2F2F2;
    0BE1 : F2F2F2;
    0BE2 : F2F2F2;
    0BE3 : F2F2F2;
    0BE4 : F2F2F2;
    0BE5 : F2F2F2;
    0BE6 : F2F2F2;
    0BE7 : F2F2F2;
    0BE8 : F2F2F2;
    0BE9 : F2F2F2;
    0BEA : F2F2F2;
    0BEB : F2F2F2;
    0BEC : F2F2F2;
    0BED : F2F2F2;
    0BEE : F2F2F2;
    0BEF : F2F2F2;
    0BF0 : FFFFFF;
    0BF1 : D5D5D5;
    0BF2 : B2B2B2;
    0BF3 : 444444;
    0BF4 : 000000;
    0BF5 : 0B0B0B;
    0BF6 : 070707;
    0BF7 : 000000;
    0BF8 : 000000;
    0BF9 : 040404;
    0BFA : 0C0C0C;
    0BFB : 181818;
    0BFC : 242424;
    0BFD : 2F2F2F;
    0BFE : 383838;
    0BFF : 3C3C3C;
    0C00 : 373737;
    0C01 : 4C4C4C;
    0C02 : 6B6B6B;
    0C03 : 868686;
    0C04 : 949494;
    0C05 : 979797;
    0C06 : 949494;
    0C07 : 919191;
    0C08 : 878787;
    0C09 : 454545;
    0C0A : 0D0D0D;
    0C0B : 333333;
    0C0C : CFCFCF;
    0C0D : BFBFBF;
    0C0E : 070707;
    0C0F : 020202;
    0C10 : 000000;
    0C11 : 121212;
    0C12 : 000000;
    0C13 : 070707;
    0C14 : 0A0A0A;
    0C15 : 000000;
    0C16 : 0C0C0C;
    0C17 : 070707;
    0C18 : 383838;
    0C19 : 252525;
    0C1A : 6E6E6E;
    0C1B : 969696;
    0C1C : 828282;
    0C1D : 969696;
    0C1E : 878787;
    0C1F : 474747;
    0C20 : 000000;
    0C21 : D6D6D6;
    0C22 : F7F7F7;
    0C23 : EBEBEB;
    0C24 : FCFCFC;
    0C25 : E9E9E9;
    0C26 : F9F9F9;
    0C27 : EFEFEF;
    0C28 : F2F2F2;
    0C29 : F2F2F2;
    0C2A : F2F2F2;
    0C2B : F2F2F2;
    0C2C : F2F2F2;
    0C2D : F2F2F2;
    0C2E : F2F2F2;
    0C2F : F2F2F2;
    0C30 : F2F2F2;
    0C31 : F2F2F2;
    0C32 : F2F2F2;
    0C33 : F2F2F2;
    0C34 : F2F2F2;
    0C35 : F2F2F2;
    0C36 : F2F2F2;
    0C37 : F2F2F2;
    0C38 : F2F2F2;
    0C39 : F2F2F2;
    0C3A : F2F2F2;
    0C3B : F2F2F2;
    0C3C : F2F2F2;
    0C3D : F2F2F2;
    0C3E : F2F2F2;
    0C3F : F2F2F2;
    0C40 : F2F2F2;
    0C41 : F2F2F2;
    0C42 : F2F2F2;
    0C43 : F2F2F2;
    0C44 : F2F2F2;
    0C45 : F2F2F2;
    0C46 : F2F2F2;
    0C47 : F2F2F2;
    0C48 : F2F2F2;
    0C49 : F2F2F2;
    0C4A : F2F2F2;
    0C4B : F2F2F2;
    0C4C : F2F2F2;
    0C4D : F2F2F2;
    0C4E : F2F2F2;
    0C4F : F2F2F2;
    0C50 : F2F2F2;
    0C51 : F2F2F2;
    0C52 : F2F2F2;
    0C53 : F2F2F2;
    0C54 : F2F2F2;
    0C55 : F2F2F2;
    0C56 : F2F2F2;
    0C57 : F2F2F2;
    0C58 : F2F2F2;
    0C59 : F2F2F2;
    0C5A : F2F2F2;
    0C5B : F2F2F2;
    0C5C : F2F2F2;
    0C5D : F2F2F2;
    0C5E : F2F2F2;
    0C5F : F2F2F2;
    0C60 : F2F2F2;
    0C61 : F2F2F2;
    0C62 : F2F2F2;
    0C63 : F2F2F2;
    0C64 : F2F2F2;
    0C65 : F2F2F2;
    0C66 : F2F2F2;
    0C67 : F2F2F2;
    0C68 : F2F2F2;
    0C69 : F2F2F2;
    0C6A : F2F2F2;
    0C6B : F2F2F2;
    0C6C : F2F2F2;
    0C6D : F2F2F2;
    0C6E : F2F2F2;
    0C6F : F2F2F2;
    0C70 : F2F2F2;
    0C71 : F2F2F2;
    0C72 : F2F2F2;
    0C73 : F2F2F2;
    0C74 : F2F2F2;
    0C75 : F2F2F2;
    0C76 : F2F2F2;
    0C77 : F2F2F2;
    0C78 : F2F2F2;
    0C79 : F2F2F2;
    0C7A : F2F2F2;
    0C7B : F2F2F2;
    0C7C : F2F2F2;
    0C7D : F2F2F2;
    0C7E : F2F2F2;
    0C7F : F2F2F2;
    0C80 : F2F2F2;
    0C81 : F2F2F2;
    0C82 : F2F2F2;
    0C83 : F2F2F2;
    0C84 : F2F2F2;
    0C85 : F2F2F2;
    0C86 : F2F2F2;
    0C87 : F2F2F2;
    0C88 : F2F2F2;
    0C89 : F2F2F2;
    0C8A : F2F2F2;
    0C8B : F2F2F2;
    0C8C : F2F2F2;
    0C8D : F2F2F2;
    0C8E : F2F2F2;
    0C8F : F2F2F2;
    0C90 : F2F2F2;
    0C91 : F2F2F2;
    0C92 : F2F2F2;
    0C93 : F2F2F2;
    0C94 : F2F2F2;
    0C95 : F2F2F2;
    0C96 : F2F2F2;
    0C97 : F2F2F2;
    0C98 : F2F2F2;
    0C99 : F2F2F2;
    0C9A : F2F2F2;
    0C9B : F2F2F2;
    0C9C : F2F2F2;
    0C9D : F2F2F2;
    0C9E : F2F2F2;
    0C9F : F2F2F2;
    0CA0 : F2F2F2;
    0CA1 : F2F2F2;
    0CA2 : F2F2F2;
    0CA3 : F2F2F2;
    0CA4 : F2F2F2;
    0CA5 : F2F2F2;
    0CA6 : F2F2F2;
    0CA7 : F2F2F2;
    0CA8 : F2F2F2;
    0CA9 : F2F2F2;
    0CAA : F2F2F2;
    0CAB : F2F2F2;
    0CAC : F2F2F2;
    0CAD : F2F2F2;
    0CAE : F2F2F2;
    0CAF : F2F2F2;
    0CB0 : F2F2F2;
    0CB1 : F2F2F2;
    0CB2 : F2F2F2;
    0CB3 : F2F2F2;
    0CB4 : F2F2F2;
    0CB5 : F2F2F2;
    0CB6 : F2F2F2;
    0CB7 : F2F2F2;
    0CB8 : FFFFFF;
    0CB9 : E0E0E0;
    0CBA : FFFFFF;
    0CBB : FFFFFF;
    0CBC : 858585;
    0CBD : 0E0E0E;
    0CBE : 000000;
    0CBF : 080808;
    0CC0 : 0E0E0E;
    0CC1 : 000000;
    0CC2 : 000000;
    0CC3 : 030303;
    0CC4 : 111111;
    0CC5 : 060606;
    0CC6 : 2D2D2D;
    0CC7 : 2D2D2D;
    0CC8 : 313131;
    0CC9 : 363636;
    0CCA : 383838;
    0CCB : 3D3D3D;
    0CCC : 545454;
    0CCD : 777777;
    0CCE : 898989;
    0CCF : 8A8A8A;
    0CD0 : 848484;
    0CD1 : 959595;
    0CD2 : 8A8A8A;
    0CD3 : 343434;
    0CD4 : 181818;
    0CD5 : 7A7A7A;
    0CD6 : 1F1F1F;
    0CD7 : 000000;
    0CD8 : 060606;
    0CD9 : 090909;
    0CDA : 000000;
    0CDB : 0D0D0D;
    0CDC : 050505;
    0CDD : 000000;
    0CDE : 0D0D0D;
    0CDF : 040404;
    0CE0 : 191919;
    0CE1 : 3F3F3F;
    0CE2 : 3E3E3E;
    0CE3 : 949494;
    0CE4 : 838383;
    0CE5 : 8E8E8E;
    0CE6 : 979797;
    0CE7 : 737373;
    0CE8 : 060606;
    0CE9 : 6C6C6C;
    0CEA : FFFFFF;
    0CEB : ECECEC;
    0CEC : DEDEDE;
    0CED : FFFFFF;
    0CEE : F6F6F6;
    0CEF : E7E7E7;
    0CF0 : F9F9F9;
    0CF1 : ECECEC;
    0CF2 : E7E7E7;
    0CF3 : EFEFEF;
    0CF4 : F3F3F3;
    0CF5 : F1F1F1;
    0CF6 : F2F2F2;
    0CF7 : F8F8F8;
    0CF8 : F2F2F2;
    0CF9 : F2F2F2;
    0CFA : F2F2F2;
    0CFB : F2F2F2;
    0CFC : F2F2F2;
    0CFD : F2F2F2;
    0CFE : F2F2F2;
    0CFF : F2F2F2;
    0D00 : F2F2F2;
    0D01 : F2F2F2;
    0D02 : F2F2F2;
    0D03 : F2F2F2;
    0D04 : F2F2F2;
    0D05 : F2F2F2;
    0D06 : F2F2F2;
    0D07 : F2F2F2;
    0D08 : F2F2F2;
    0D09 : F2F2F2;
    0D0A : F2F2F2;
    0D0B : F2F2F2;
    0D0C : F2F2F2;
    0D0D : F2F2F2;
    0D0E : F2F2F2;
    0D0F : F2F2F2;
    0D10 : F2F2F2;
    0D11 : F2F2F2;
    0D12 : F2F2F2;
    0D13 : F2F2F2;
    0D14 : F2F2F2;
    0D15 : F2F2F2;
    0D16 : F2F2F2;
    0D17 : F2F2F2;
    0D18 : F2F2F2;
    0D19 : F2F2F2;
    0D1A : F2F2F2;
    0D1B : F2F2F2;
    0D1C : F2F2F2;
    0D1D : F2F2F2;
    0D1E : F2F2F2;
    0D1F : F2F2F2;
    0D20 : F2F2F2;
    0D21 : F2F2F2;
    0D22 : F2F2F2;
    0D23 : F2F2F2;
    0D24 : F2F2F2;
    0D25 : F2F2F2;
    0D26 : F2F2F2;
    0D27 : F2F2F2;
    0D28 : F2F2F2;
    0D29 : F2F2F2;
    0D2A : F2F2F2;
    0D2B : F2F2F2;
    0D2C : F2F2F2;
    0D2D : F2F2F2;
    0D2E : F2F2F2;
    0D2F : F2F2F2;
    0D30 : F2F2F2;
    0D31 : F2F2F2;
    0D32 : F2F2F2;
    0D33 : F2F2F2;
    0D34 : F2F2F2;
    0D35 : F2F2F2;
    0D36 : F2F2F2;
    0D37 : F2F2F2;
    0D38 : F2F2F2;
    0D39 : F2F2F2;
    0D3A : F2F2F2;
    0D3B : F2F2F2;
    0D3C : F2F2F2;
    0D3D : F2F2F2;
    0D3E : F2F2F2;
    0D3F : F2F2F2;
    0D40 : F2F2F2;
    0D41 : F2F2F2;
    0D42 : F2F2F2;
    0D43 : F2F2F2;
    0D44 : F2F2F2;
    0D45 : F2F2F2;
    0D46 : F2F2F2;
    0D47 : F2F2F2;
    0D48 : F2F2F2;
    0D49 : F2F2F2;
    0D4A : F2F2F2;
    0D4B : F2F2F2;
    0D4C : F2F2F2;
    0D4D : F2F2F2;
    0D4E : F2F2F2;
    0D4F : F2F2F2;
    0D50 : F2F2F2;
    0D51 : F2F2F2;
    0D52 : F2F2F2;
    0D53 : F2F2F2;
    0D54 : F2F2F2;
    0D55 : F2F2F2;
    0D56 : F2F2F2;
    0D57 : F2F2F2;
    0D58 : F2F2F2;
    0D59 : F2F2F2;
    0D5A : F2F2F2;
    0D5B : F2F2F2;
    0D5C : F2F2F2;
    0D5D : F2F2F2;
    0D5E : F2F2F2;
    0D5F : F2F2F2;
    0D60 : F2F2F2;
    0D61 : F2F2F2;
    0D62 : F2F2F2;
    0D63 : F2F2F2;
    0D64 : F2F2F2;
    0D65 : F2F2F2;
    0D66 : F2F2F2;
    0D67 : F2F2F2;
    0D68 : F2F2F2;
    0D69 : F2F2F2;
    0D6A : F2F2F2;
    0D6B : F2F2F2;
    0D6C : F2F2F2;
    0D6D : F2F2F2;
    0D6E : F2F2F2;
    0D6F : F2F2F2;
    0D70 : F2F2F2;
    0D71 : F2F2F2;
    0D72 : F2F2F2;
    0D73 : F2F2F2;
    0D74 : F2F2F2;
    0D75 : F2F2F2;
    0D76 : F2F2F2;
    0D77 : F2F2F2;
    0D78 : F2F2F2;
    0D79 : F2F2F2;
    0D7A : F2F2F2;
    0D7B : F2F2F2;
    0D7C : F2F2F2;
    0D7D : F2F2F2;
    0D7E : F2F2F2;
    0D7F : F2F2F2;
    0D80 : E0E0E0;
    0D81 : FFFFFF;
    0D82 : EAEAEA;
    0D83 : DEDEDE;
    0D84 : FFFFFF;
    0D85 : B9B9B9;
    0D86 : 262626;
    0D87 : 020202;
    0D88 : 0B0B0B;
    0D89 : 050505;
    0D8A : 0B0B0B;
    0D8B : 0C0C0C;
    0D8C : 000000;
    0D8D : 1B1B1B;
    0D8E : 000000;
    0D8F : 161616;
    0D90 : 222222;
    0D91 : 272727;
    0D92 : 303030;
    0D93 : 343434;
    0D94 : 2E2E2E;
    0D95 : 353535;
    0D96 : 5B5B5B;
    0D97 : 868686;
    0D98 : 9D9D9D;
    0D99 : 7D7D7D;
    0D9A : 838383;
    0D9B : A9A9A9;
    0D9C : 4A4A4A;
    0D9D : 111111;
    0D9E : 0B0B0B;
    0D9F : 0E0E0E;
    0DA0 : 030303;
    0DA1 : 090909;
    0DA2 : 000000;
    0DA3 : 060606;
    0DA4 : 070707;
    0DA5 : 000000;
    0DA6 : 0C0C0C;
    0DA7 : 040404;
    0DA8 : 161616;
    0DA9 : 363636;
    0DAA : 3A3A3A;
    0DAB : 6D6D6D;
    0DAC : 8F8F8F;
    0DAD : 878787;
    0DAE : 8C8C8C;
    0DAF : 868686;
    0DB0 : 373737;
    0DB1 : 282828;
    0DB2 : E8E8E8;
    0DB3 : FBFBFB;
    0DB4 : FFFFFF;
    0DB5 : EBEBEB;
    0DB6 : F2F2F2;
    0DB7 : F1F1F1;
    0DB8 : F1F1F1;
    0DB9 : F8F8F8;
    0DBA : FDFDFD;
    0DBB : FCFCFC;
    0DBC : F4F4F4;
    0DBD : EDEDED;
    0DBE : EAEAEA;
    0DBF : EBEBEB;
    0DC0 : F2F2F2;
    0DC1 : F2F2F2;
    0DC2 : F2F2F2;
    0DC3 : F2F2F2;
    0DC4 : F2F2F2;
    0DC5 : F2F2F2;
    0DC6 : F2F2F2;
    0DC7 : F2F2F2;
    0DC8 : F2F2F2;
    0DC9 : F2F2F2;
    0DCA : F2F2F2;
    0DCB : F2F2F2;
    0DCC : F2F2F2;
    0DCD : F2F2F2;
    0DCE : F2F2F2;
    0DCF : F2F2F2;
    0DD0 : F2F2F2;
    0DD1 : F2F2F2;
    0DD2 : F2F2F2;
    0DD3 : F2F2F2;
    0DD4 : F2F2F2;
    0DD5 : F2F2F2;
    0DD6 : F2F2F2;
    0DD7 : F2F2F2;
    0DD8 : F2F2F2;
    0DD9 : F2F2F2;
    0DDA : F2F2F2;
    0DDB : F2F2F2;
    0DDC : F2F2F2;
    0DDD : F2F2F2;
    0DDE : F2F2F2;
    0DDF : F2F2F2;
    0DE0 : F2F2F2;
    0DE1 : F2F2F2;
    0DE2 : F2F2F2;
    0DE3 : F2F2F2;
    0DE4 : F2F2F2;
    0DE5 : F2F2F2;
    0DE6 : F2F2F2;
    0DE7 : F2F2F2;
    0DE8 : F2F2F2;
    0DE9 : F2F2F2;
    0DEA : F2F2F2;
    0DEB : F2F2F2;
    0DEC : F2F2F2;
    0DED : F2F2F2;
    0DEE : F2F2F2;
    0DEF : F2F2F2;
    0DF0 : F2F2F2;
    0DF1 : F2F2F2;
    0DF2 : F2F2F2;
    0DF3 : F2F2F2;
    0DF4 : F2F2F2;
    0DF5 : F2F2F2;
    0DF6 : F2F2F2;
    0DF7 : F2F2F2;
    0DF8 : F2F2F2;
    0DF9 : F2F2F2;
    0DFA : F2F2F2;
    0DFB : F2F2F2;
    0DFC : F2F2F2;
    0DFD : F2F2F2;
    0DFE : F2F2F2;
    0DFF : F2F2F2;
    0E00 : F2F2F2;
    0E01 : F2F2F2;
    0E02 : F2F2F2;
    0E03 : F2F2F2;
    0E04 : F2F2F2;
    0E05 : F2F2F2;
    0E06 : F2F2F2;
    0E07 : F2F2F2;
    0E08 : F2F2F2;
    0E09 : F2F2F2;
    0E0A : F2F2F2;
    0E0B : F2F2F2;
    0E0C : F2F2F2;
    0E0D : F2F2F2;
    0E0E : F2F2F2;
    0E0F : F2F2F2;
    0E10 : F2F2F2;
    0E11 : F2F2F2;
    0E12 : F2F2F2;
    0E13 : F2F2F2;
    0E14 : F2F2F2;
    0E15 : F2F2F2;
    0E16 : F2F2F2;
    0E17 : F2F2F2;
    0E18 : F2F2F2;
    0E19 : F2F2F2;
    0E1A : F2F2F2;
    0E1B : F2F2F2;
    0E1C : F2F2F2;
    0E1D : F2F2F2;
    0E1E : F2F2F2;
    0E1F : F2F2F2;
    0E20 : F2F2F2;
    0E21 : F2F2F2;
    0E22 : F2F2F2;
    0E23 : F2F2F2;
    0E24 : F2F2F2;
    0E25 : F2F2F2;
    0E26 : F2F2F2;
    0E27 : F2F2F2;
    0E28 : F2F2F2;
    0E29 : F2F2F2;
    0E2A : F2F2F2;
    0E2B : F2F2F2;
    0E2C : F2F2F2;
    0E2D : F2F2F2;
    0E2E : F2F2F2;
    0E2F : F2F2F2;
    0E30 : F2F2F2;
    0E31 : F2F2F2;
    0E32 : F2F2F2;
    0E33 : F2F2F2;
    0E34 : F2F2F2;
    0E35 : F2F2F2;
    0E36 : F2F2F2;
    0E37 : F2F2F2;
    0E38 : F2F2F2;
    0E39 : F2F2F2;
    0E3A : F2F2F2;
    0E3B : F2F2F2;
    0E3C : F2F2F2;
    0E3D : F2F2F2;
    0E3E : F2F2F2;
    0E3F : F2F2F2;
    0E40 : F2F2F2;
    0E41 : F2F2F2;
    0E42 : F2F2F2;
    0E43 : F2F2F2;
    0E44 : F2F2F2;
    0E45 : F2F2F2;
    0E46 : F2F2F2;
    0E47 : F2F2F2;
    0E48 : FFFFFF;
    0E49 : DCDCDC;
    0E4A : F2F2F2;
    0E4B : FFFFFF;
    0E4C : F0F0F0;
    0E4D : FFFFFF;
    0E4E : DCDCDC;
    0E4F : 4D4D4D;
    0E50 : 000000;
    0E51 : 0E0E0E;
    0E52 : 040404;
    0E53 : 0C0C0C;
    0E54 : 020202;
    0E55 : 000000;
    0E56 : 171717;
    0E57 : 000000;
    0E58 : 000000;
    0E59 : 070707;
    0E5A : 1F1F1F;
    0E5B : 363636;
    0E5C : 393939;
    0E5D : 2F2F2F;
    0E5E : 323232;
    0E5F : 3E3E3E;
    0E60 : 717171;
    0E61 : 8F8F8F;
    0E62 : 818181;
    0E63 : 838383;
    0E64 : A4A4A4;
    0E65 : 656565;
    0E66 : 000000;
    0E67 : 080808;
    0E68 : 010101;
    0E69 : 0C0C0C;
    0E6A : 000000;
    0E6B : 020202;
    0E6C : 0A0A0A;
    0E6D : 050505;
    0E6E : 080808;
    0E6F : 050505;
    0E70 : 0A0A0A;
    0E71 : 252525;
    0E72 : 373737;
    0E73 : 454545;
    0E74 : 9A9A9A;
    0E75 : 888888;
    0E76 : 858585;
    0E77 : 989898;
    0E78 : 606060;
    0E79 : 080808;
    0E7A : B1B1B1;
    0E7B : FAFAFA;
    0E7C : ECECEC;
    0E7D : DFDFDF;
    0E7E : FBFBFB;
    0E7F : FCFCFC;
    0E80 : E9E9E9;
    0E81 : EDEDED;
    0E82 : EDEDED;
    0E83 : ECECEC;
    0E84 : EFEFEF;
    0E85 : F6F6F6;
    0E86 : F7F7F7;
    0E87 : F2F2F2;
    0E88 : F2F2F2;
    0E89 : F2F2F2;
    0E8A : F2F2F2;
    0E8B : F2F2F2;
    0E8C : F2F2F2;
    0E8D : F2F2F2;
    0E8E : F2F2F2;
    0E8F : F2F2F2;
    0E90 : F2F2F2;
    0E91 : F2F2F2;
    0E92 : F2F2F2;
    0E93 : F2F2F2;
    0E94 : F2F2F2;
    0E95 : F2F2F2;
    0E96 : F2F2F2;
    0E97 : F2F2F2;
    0E98 : F2F2F2;
    0E99 : F2F2F2;
    0E9A : F2F2F2;
    0E9B : F2F2F2;
    0E9C : F2F2F2;
    0E9D : F2F2F2;
    0E9E : F2F2F2;
    0E9F : F2F2F2;
    0EA0 : F2F2F2;
    0EA1 : F2F2F2;
    0EA2 : F2F2F2;
    0EA3 : F2F2F2;
    0EA4 : F2F2F2;
    0EA5 : F2F2F2;
    0EA6 : F2F2F2;
    0EA7 : F2F2F2;
    0EA8 : F2F2F2;
    0EA9 : F2F2F2;
    0EAA : F2F2F2;
    0EAB : F2F2F2;
    0EAC : F2F2F2;
    0EAD : F2F2F2;
    0EAE : F2F2F2;
    0EAF : F2F2F2;
    0EB0 : F2F2F2;
    0EB1 : F2F2F2;
    0EB2 : F2F2F2;
    0EB3 : F2F2F2;
    0EB4 : F2F2F2;
    0EB5 : F2F2F2;
    0EB6 : F2F2F2;
    0EB7 : F2F2F2;
    0EB8 : F2F2F2;
    0EB9 : F2F2F2;
    0EBA : F2F2F2;
    0EBB : F2F2F2;
    0EBC : F2F2F2;
    0EBD : F2F2F2;
    0EBE : F2F2F2;
    0EBF : F2F2F2;
    0EC0 : F2F2F2;
    0EC1 : F2F2F2;
    0EC2 : F2F2F2;
    0EC3 : F2F2F2;
    0EC4 : F2F2F2;
    0EC5 : F2F2F2;
    0EC6 : F2F2F2;
    0EC7 : F2F2F2;
    0EC8 : F2F2F2;
    0EC9 : F2F2F2;
    0ECA : F2F2F2;
    0ECB : F2F2F2;
    0ECC : F2F2F2;
    0ECD : F2F2F2;
    0ECE : F2F2F2;
    0ECF : F2F2F2;
    0ED0 : F2F2F2;
    0ED1 : F2F2F2;
    0ED2 : F2F2F2;
    0ED3 : F2F2F2;
    0ED4 : F2F2F2;
    0ED5 : F2F2F2;
    0ED6 : F2F2F2;
    0ED7 : F2F2F2;
    0ED8 : F2F2F2;
    0ED9 : F2F2F2;
    0EDA : F2F2F2;
    0EDB : F2F2F2;
    0EDC : F2F2F2;
    0EDD : F2F2F2;
    0EDE : F2F2F2;
    0EDF : F2F2F2;
    0EE0 : F2F2F2;
    0EE1 : F2F2F2;
    0EE2 : F2F2F2;
    0EE3 : F2F2F2;
    0EE4 : F2F2F2;
    0EE5 : F2F2F2;
    0EE6 : F2F2F2;
    0EE7 : F2F2F2;
    0EE8 : F2F2F2;
    0EE9 : F2F2F2;
    0EEA : F2F2F2;
    0EEB : F2F2F2;
    0EEC : F2F2F2;
    0EED : F2F2F2;
    0EEE : F2F2F2;
    0EEF : F2F2F2;
    0EF0 : F2F2F2;
    0EF1 : F2F2F2;
    0EF2 : F2F2F2;
    0EF3 : F2F2F2;
    0EF4 : F2F2F2;
    0EF5 : F2F2F2;
    0EF6 : F2F2F2;
    0EF7 : F2F2F2;
    0EF8 : F2F2F2;
    0EF9 : F2F2F2;
    0EFA : F2F2F2;
    0EFB : F2F2F2;
    0EFC : F2F2F2;
    0EFD : F2F2F2;
    0EFE : F2F2F2;
    0EFF : F2F2F2;
    0F00 : F2F2F2;
    0F01 : F2F2F2;
    0F02 : F2F2F2;
    0F03 : F2F2F2;
    0F04 : F2F2F2;
    0F05 : F2F2F2;
    0F06 : F2F2F2;
    0F07 : F2F2F2;
    0F08 : F2F2F2;
    0F09 : F2F2F2;
    0F0A : F2F2F2;
    0F0B : F2F2F2;
    0F0C : F2F2F2;
    0F0D : F2F2F2;
    0F0E : F2F2F2;
    0F0F : F2F2F2;
    0F10 : EBEBEB;
    0F11 : FFFFFF;
    0F12 : F3F3F3;
    0F13 : E0E0E0;
    0F14 : EEEEEE;
    0F15 : FAFAFA;
    0F16 : F3F3F3;
    0F17 : F0F0F0;
    0F18 : 5E5E5E;
    0F19 : 000000;
    0F1A : 080808;
    0F1B : 060606;
    0F1C : 060606;
    0F1D : 010101;
    0F1E : 181818;
    0F1F : 060606;
    0F20 : 050505;
    0F21 : 080808;
    0F22 : 070707;
    0F23 : 0B0B0B;
    0F24 : 1F1F1F;
    0F25 : 373737;
    0F26 : 3A3A3A;
    0F27 : 2F2F2F;
    0F28 : 303030;
    0F29 : 5A5A5A;
    0F2A : 939393;
    0F2B : 818181;
    0F2C : 8F8F8F;
    0F2D : 9B9B9B;
    0F2E : 636363;
    0F2F : 050505;
    0F30 : 020202;
    0F31 : 0D0D0D;
    0F32 : 060606;
    0F33 : 040404;
    0F34 : 0C0C0C;
    0F35 : 080808;
    0F36 : 040404;
    0F37 : 050505;
    0F38 : 020202;
    0F39 : 151515;
    0F3A : 373737;
    0F3B : 343434;
    0F3C : 868686;
    0F3D : 8C8C8C;
    0F3E : 818181;
    0F3F : 8E8E8E;
    0F40 : 7C7C7C;
    0F41 : 1A1A1A;
    0F42 : 666666;
    0F43 : FFFFFF;
    0F44 : F4F4F4;
    0F45 : FFFFFF;
    0F46 : F2F2F2;
    0F47 : E5E5E5;
    0F48 : FBFBFB;
    0F49 : F8F8F8;
    0F4A : F6F6F6;
    0F4B : F4F4F4;
    0F4C : F4F4F4;
    0F4D : F5F5F5;
    0F4E : F6F6F6;
    0F4F : F7F7F7;
    0F50 : F2F2F2;
    0F51 : F2F2F2;
    0F52 : F2F2F2;
    0F53 : F2F2F2;
    0F54 : F2F2F2;
    0F55 : F2F2F2;
    0F56 : F2F2F2;
    0F57 : F2F2F2;
    0F58 : F2F2F2;
    0F59 : F2F2F2;
    0F5A : F2F2F2;
    0F5B : F2F2F2;
    0F5C : F2F2F2;
    0F5D : F2F2F2;
    0F5E : F2F2F2;
    0F5F : F2F2F2;
    0F60 : F2F2F2;
    0F61 : F2F2F2;
    0F62 : F2F2F2;
    0F63 : F2F2F2;
    0F64 : F2F2F2;
    0F65 : F2F2F2;
    0F66 : F2F2F2;
    0F67 : F2F2F2;
    0F68 : F2F2F2;
    0F69 : F2F2F2;
    0F6A : F2F2F2;
    0F6B : F2F2F2;
    0F6C : F2F2F2;
    0F6D : F2F2F2;
    0F6E : F2F2F2;
    0F6F : F2F2F2;
    0F70 : F2F2F2;
    0F71 : F2F2F2;
    0F72 : F2F2F2;
    0F73 : F2F2F2;
    0F74 : F2F2F2;
    0F75 : F2F2F2;
    0F76 : F2F2F2;
    0F77 : F2F2F2;
    0F78 : F2F2F2;
    0F79 : F2F2F2;
    0F7A : F2F2F2;
    0F7B : F2F2F2;
    0F7C : F2F2F2;
    0F7D : F2F2F2;
    0F7E : F2F2F2;
    0F7F : F2F2F2;
    0F80 : F2F2F2;
    0F81 : F2F2F2;
    0F82 : F2F2F2;
    0F83 : F2F2F2;
    0F84 : F2F2F2;
    0F85 : F2F2F2;
    0F86 : F2F2F2;
    0F87 : F2F2F2;
    0F88 : F2F2F2;
    0F89 : F2F2F2;
    0F8A : F2F2F2;
    0F8B : F2F2F2;
    0F8C : F2F2F2;
    0F8D : F2F2F2;
    0F8E : F2F2F2;
    0F8F : F2F2F2;
    0F90 : F2F2F2;
    0F91 : F2F2F2;
    0F92 : F2F2F2;
    0F93 : F2F2F2;
    0F94 : F2F2F2;
    0F95 : F2F2F2;
    0F96 : F2F2F2;
    0F97 : F2F2F2;
    0F98 : F2F2F2;
    0F99 : F2F2F2;
    0F9A : F2F2F2;
    0F9B : F2F2F2;
    0F9C : F2F2F2;
    0F9D : F2F2F2;
    0F9E : F2F2F2;
    0F9F : F2F2F2;
    0FA0 : F2F2F2;
    0FA1 : F2F2F2;
    0FA2 : F2F2F2;
    0FA3 : F2F2F2;
    0FA4 : F2F2F2;
    0FA5 : F2F2F2;
    0FA6 : F2F2F2;
    0FA7 : F2F2F2;
    0FA8 : F2F2F2;
    0FA9 : F2F2F2;
    0FAA : F2F2F2;
    0FAB : F2F2F2;
    0FAC : F2F2F2;
    0FAD : F2F2F2;
    0FAE : F2F2F2;
    0FAF : F2F2F2;
    0FB0 : F2F2F2;
    0FB1 : F2F2F2;
    0FB2 : F2F2F2;
    0FB3 : F2F2F2;
    0FB4 : F2F2F2;
    0FB5 : F2F2F2;
    0FB6 : F2F2F2;
    0FB7 : F2F2F2;
    0FB8 : F2F2F2;
    0FB9 : F2F2F2;
    0FBA : F2F2F2;
    0FBB : F2F2F2;
    0FBC : F2F2F2;
    0FBD : F2F2F2;
    0FBE : F2F2F2;
    0FBF : F2F2F2;
    0FC0 : F2F2F2;
    0FC1 : F2F2F2;
    0FC2 : F2F2F2;
    0FC3 : F2F2F2;
    0FC4 : F2F2F2;
    0FC5 : F2F2F2;
    0FC6 : F2F2F2;
    0FC7 : F2F2F2;
    0FC8 : F2F2F2;
    0FC9 : F2F2F2;
    0FCA : F2F2F2;
    0FCB : F2F2F2;
    0FCC : F2F2F2;
    0FCD : F2F2F2;
    0FCE : F2F2F2;
    0FCF : F2F2F2;
    0FD0 : F2F2F2;
    0FD1 : F2F2F2;
    0FD2 : F2F2F2;
    0FD3 : F2F2F2;
    0FD4 : F2F2F2;
    0FD5 : F2F2F2;
    0FD6 : F2F2F2;
    0FD7 : F2F2F2;
    0FD8 : EBEBEB;
    0FD9 : F5F5F5;
    0FDA : F7F7F7;
    0FDB : F7F7F7;
    0FDC : F7F7F7;
    0FDD : ECECEC;
    0FDE : EAEAEA;
    0FDF : FBFBFB;
    0FE0 : F4F4F4;
    0FE1 : 646464;
    0FE2 : 000000;
    0FE3 : 0C0C0C;
    0FE4 : 040404;
    0FE5 : 141414;
    0FE6 : 000000;
    0FE7 : 0A0A0A;
    0FE8 : 0C0C0C;
    0FE9 : 101010;
    0FEA : 080808;
    0FEB : 000000;
    0FEC : 000000;
    0FED : 181818;
    0FEE : 333333;
    0FEF : 3D3D3D;
    0FF0 : 313131;
    0FF1 : 303030;
    0FF2 : 505050;
    0FF3 : 909090;
    0FF4 : 8C8C8C;
    0FF5 : 707070;
    0FF6 : A2A2A2;
    0FF7 : 373737;
    0FF8 : 060606;
    0FF9 : 060606;
    0FFA : 070707;
    0FFB : 060606;
    0FFC : 090909;
    0FFD : 080808;
    0FFE : 030303;
    0FFF : 080808;
    1000 : 060606;
    1001 : 0C0C0C;
    1002 : 333333;
    1003 : 353535;
    1004 : 5D5D5D;
    1005 : 8F8F8F;
    1006 : 8A8A8A;
    1007 : 828282;
    1008 : 8D8D8D;
    1009 : 393939;
    100A : 212121;
    100B : F1F1F1;
    100C : E8E8E8;
    100D : E9E9E9;
    100E : E4E4E4;
    100F : FCFCFC;
    1010 : ECECEC;
    1011 : EFEFEF;
    1012 : F7F7F7;
    1013 : FDFDFD;
    1014 : F4F4F4;
    1015 : E8E8E8;
    1016 : EBEBEB;
    1017 : F8F8F8;
    1018 : F2F2F2;
    1019 : F2F2F2;
    101A : F2F2F2;
    101B : F2F2F2;
    101C : F2F2F2;
    101D : F2F2F2;
    101E : F2F2F2;
    101F : F2F2F2;
    1020 : F2F2F2;
    1021 : F2F2F2;
    1022 : F2F2F2;
    1023 : F2F2F2;
    1024 : F2F2F2;
    1025 : F2F2F2;
    1026 : F2F2F2;
    1027 : F2F2F2;
    1028 : F2F2F2;
    1029 : F2F2F2;
    102A : F2F2F2;
    102B : F2F2F2;
    102C : F2F2F2;
    102D : F2F2F2;
    102E : F2F2F2;
    102F : F2F2F2;
    1030 : F2F2F2;
    1031 : F2F2F2;
    1032 : F2F2F2;
    1033 : F2F2F2;
    1034 : F2F2F2;
    1035 : F2F2F2;
    1036 : F2F2F2;
    1037 : F2F2F2;
    1038 : F2F2F2;
    1039 : F2F2F2;
    103A : F2F2F2;
    103B : F2F2F2;
    103C : F2F2F2;
    103D : F2F2F2;
    103E : F2F2F2;
    103F : F2F2F2;
    1040 : F2F2F2;
    1041 : F2F2F2;
    1042 : F2F2F2;
    1043 : F2F2F2;
    1044 : F2F2F2;
    1045 : F2F2F2;
    1046 : F2F2F2;
    1047 : F2F2F2;
    1048 : F2F2F2;
    1049 : F2F2F2;
    104A : F2F2F2;
    104B : F2F2F2;
    104C : F2F2F2;
    104D : F2F2F2;
    104E : F2F2F2;
    104F : F2F2F2;
    1050 : F2F2F2;
    1051 : F2F2F2;
    1052 : F2F2F2;
    1053 : F2F2F2;
    1054 : F2F2F2;
    1055 : F2F2F2;
    1056 : F2F2F2;
    1057 : F2F2F2;
    1058 : F2F2F2;
    1059 : F2F2F2;
    105A : F2F2F2;
    105B : F2F2F2;
    105C : F2F2F2;
    105D : F2F2F2;
    105E : F2F2F2;
    105F : F2F2F2;
    1060 : F2F2F2;
    1061 : F2F2F2;
    1062 : F2F2F2;
    1063 : F2F2F2;
    1064 : F2F2F2;
    1065 : F2F2F2;
    1066 : F2F2F2;
    1067 : F2F2F2;
    1068 : F2F2F2;
    1069 : F2F2F2;
    106A : F2F2F2;
    106B : F2F2F2;
    106C : F2F2F2;
    106D : F2F2F2;
    106E : F2F2F2;
    106F : F2F2F2;
    1070 : F2F2F2;
    1071 : F2F2F2;
    1072 : F2F2F2;
    1073 : F2F2F2;
    1074 : F2F2F2;
    1075 : F2F2F2;
    1076 : F2F2F2;
    1077 : F2F2F2;
    1078 : F2F2F2;
    1079 : F2F2F2;
    107A : F2F2F2;
    107B : F2F2F2;
    107C : F2F2F2;
    107D : F2F2F2;
    107E : F2F2F2;
    107F : F2F2F2;
    1080 : F2F2F2;
    1081 : F2F2F2;
    1082 : F2F2F2;
    1083 : F2F2F2;
    1084 : F2F2F2;
    1085 : F2F2F2;
    1086 : F2F2F2;
    1087 : F2F2F2;
    1088 : F2F2F2;
    1089 : F2F2F2;
    108A : F2F2F2;
    108B : F2F2F2;
    108C : F2F2F2;
    108D : F2F2F2;
    108E : F2F2F2;
    108F : F2F2F2;
    1090 : F2F2F2;
    1091 : F2F2F2;
    1092 : F2F2F2;
    1093 : F2F2F2;
    1094 : F2F2F2;
    1095 : F2F2F2;
    1096 : F2F2F2;
    1097 : F2F2F2;
    1098 : F2F2F2;
    1099 : F2F2F2;
    109A : F2F2F2;
    109B : F2F2F2;
    109C : F2F2F2;
    109D : F2F2F2;
    109E : F2F2F2;
    109F : F2F2F2;
    10A0 : F3F3F3;
    10A1 : EEEEEE;
    10A2 : F0F0F0;
    10A3 : F6F6F6;
    10A4 : F8F8F8;
    10A5 : F5F5F5;
    10A6 : EFEFEF;
    10A7 : E7E7E7;
    10A8 : FFFFFF;
    10A9 : F0F0F0;
    10AA : 545454;
    10AB : 020202;
    10AC : 000000;
    10AD : 000000;
    10AE : 0B0B0B;
    10AF : 080808;
    10B0 : 010101;
    10B1 : 020202;
    10B2 : 090909;
    10B3 : 111111;
    10B4 : 0B0B0B;
    10B5 : 020202;
    10B6 : 0A0A0A;
    10B7 : 1C1C1C;
    10B8 : 373737;
    10B9 : 484848;
    10BA : 202020;
    10BB : 393939;
    10BC : 9C9C9C;
    10BD : 8D8D8D;
    10BE : 848484;
    10BF : 7E7E7E;
    10C0 : 1D1D1D;
    10C1 : 000000;
    10C2 : 020202;
    10C3 : 060606;
    10C4 : 030303;
    10C5 : 070707;
    10C6 : 050505;
    10C7 : 090909;
    10C8 : 080808;
    10C9 : 040404;
    10CA : 272727;
    10CB : 3A3A3A;
    10CC : 424242;
    10CD : 8F8F8F;
    10CE : 9A9A9A;
    10CF : 8A8A8A;
    10D0 : 9F9F9F;
    10D1 : 5F5F5F;
    10D2 : 191919;
    10D3 : A2A2A2;
    10D4 : F3F3F3;
    10D5 : FFFFFF;
    10D6 : FFFFFF;
    10D7 : F2F2F2;
    10D8 : FAFAFA;
    10D9 : F0F0F0;
    10DA : E9E9E9;
    10DB : ECECEC;
    10DC : F1F1F1;
    10DD : F1F1F1;
    10DE : F1F1F1;
    10DF : F2F2F2;
    10E0 : F2F2F2;
    10E1 : F2F2F2;
    10E2 : F2F2F2;
    10E3 : F2F2F2;
    10E4 : F2F2F2;
    10E5 : F2F2F2;
    10E6 : F2F2F2;
    10E7 : F2F2F2;
    10E8 : F2F2F2;
    10E9 : F2F2F2;
    10EA : F2F2F2;
    10EB : F2F2F2;
    10EC : F2F2F2;
    10ED : F2F2F2;
    10EE : F2F2F2;
    10EF : F2F2F2;
    10F0 : F2F2F2;
    10F1 : F2F2F2;
    10F2 : F2F2F2;
    10F3 : F2F2F2;
    10F4 : F2F2F2;
    10F5 : F2F2F2;
    10F6 : F2F2F2;
    10F7 : F2F2F2;
    10F8 : F2F2F2;
    10F9 : F2F2F2;
    10FA : F2F2F2;
    10FB : F2F2F2;
    10FC : F2F2F2;
    10FD : F2F2F2;
    10FE : F2F2F2;
    10FF : F2F2F2;
    1100 : F2F2F2;
    1101 : F2F2F2;
    1102 : F2F2F2;
    1103 : F2F2F2;
    1104 : F2F2F2;
    1105 : F2F2F2;
    1106 : F2F2F2;
    1107 : F2F2F2;
    1108 : F2F2F2;
    1109 : F2F2F2;
    110A : F2F2F2;
    110B : F2F2F2;
    110C : F2F2F2;
    110D : F2F2F2;
    110E : F2F2F2;
    110F : F2F2F2;
    1110 : F2F2F2;
    1111 : F2F2F2;
    1112 : F2F2F2;
    1113 : F2F2F2;
    1114 : F2F2F2;
    1115 : F2F2F2;
    1116 : F2F2F2;
    1117 : F2F2F2;
    1118 : F2F2F2;
    1119 : F2F2F2;
    111A : F2F2F2;
    111B : F2F2F2;
    111C : F2F2F2;
    111D : F2F2F2;
    111E : F2F2F2;
    111F : F2F2F2;
    1120 : F2F2F2;
    1121 : F2F2F2;
    1122 : F2F2F2;
    1123 : F2F2F2;
    1124 : F2F2F2;
    1125 : F2F2F2;
    1126 : F2F2F2;
    1127 : F2F2F2;
    1128 : F2F2F2;
    1129 : F2F2F2;
    112A : F2F2F2;
    112B : F2F2F2;
    112C : F2F2F2;
    112D : F2F2F2;
    112E : F2F2F2;
    112F : F2F2F2;
    1130 : F2F2F2;
    1131 : F2F2F2;
    1132 : F2F2F2;
    1133 : F2F2F2;
    1134 : F2F2F2;
    1135 : F2F2F2;
    1136 : F2F2F2;
    1137 : F2F2F2;
    1138 : F2F2F2;
    1139 : F2F2F2;
    113A : F2F2F2;
    113B : F2F2F2;
    113C : F2F2F2;
    113D : F2F2F2;
    113E : F2F2F2;
    113F : F2F2F2;
    1140 : F2F2F2;
    1141 : F2F2F2;
    1142 : F2F2F2;
    1143 : F2F2F2;
    1144 : F2F2F2;
    1145 : F2F2F2;
    1146 : F2F2F2;
    1147 : F2F2F2;
    1148 : F2F2F2;
    1149 : F2F2F2;
    114A : F2F2F2;
    114B : F2F2F2;
    114C : F2F2F2;
    114D : F2F2F2;
    114E : F2F2F2;
    114F : F2F2F2;
    1150 : F2F2F2;
    1151 : F2F2F2;
    1152 : F2F2F2;
    1153 : F2F2F2;
    1154 : F2F2F2;
    1155 : F2F2F2;
    1156 : F2F2F2;
    1157 : F2F2F2;
    1158 : F2F2F2;
    1159 : F2F2F2;
    115A : F2F2F2;
    115B : F2F2F2;
    115C : F2F2F2;
    115D : F2F2F2;
    115E : F2F2F2;
    115F : F2F2F2;
    1160 : F2F2F2;
    1161 : F2F2F2;
    1162 : F2F2F2;
    1163 : F2F2F2;
    1164 : F2F2F2;
    1165 : F2F2F2;
    1166 : F2F2F2;
    1167 : F2F2F2;
    1168 : F8F8F8;
    1169 : EEEEEE;
    116A : EEEEEE;
    116B : ECECEC;
    116C : E6E6E6;
    116D : F2F2F2;
    116E : FDFDFD;
    116F : F3F3F3;
    1170 : E3E3E3;
    1171 : F9F9F9;
    1172 : EBEBEB;
    1173 : 3A3A3A;
    1174 : 060606;
    1175 : 070707;
    1176 : 070707;
    1177 : 101010;
    1178 : 0E0E0E;
    1179 : 020202;
    117A : 000000;
    117B : 050505;
    117C : 070707;
    117D : 010101;
    117E : 010101;
    117F : 090909;
    1180 : 1A1A1A;
    1181 : 353535;
    1182 : 4B4B4B;
    1183 : 232323;
    1184 : 4D4D4D;
    1185 : 898989;
    1186 : 8B8B8B;
    1187 : 999999;
    1188 : 4D4D4D;
    1189 : 060606;
    118A : 020202;
    118B : 090909;
    118C : 000000;
    118D : 080808;
    118E : 080808;
    118F : 040404;
    1190 : 050505;
    1191 : 000000;
    1192 : 191919;
    1193 : 373737;
    1194 : 3B3B3B;
    1195 : 6C6C6C;
    1196 : 7B7B7B;
    1197 : 707070;
    1198 : 616161;
    1199 : 606060;
    119A : 343434;
    119B : 0F0F0F;
    119C : 242424;
    119D : 474747;
    119E : A6A6A6;
    119F : DFDFDF;
    11A0 : F3F3F3;
    11A1 : FEFEFE;
    11A2 : FEFEFE;
    11A3 : F3F3F3;
    11A4 : F3F3F3;
    11A5 : FCFCFC;
    11A6 : F7F7F7;
    11A7 : E8E8E8;
    11A8 : F2F2F2;
    11A9 : F2F2F2;
    11AA : F2F2F2;
    11AB : F2F2F2;
    11AC : F2F2F2;
    11AD : F2F2F2;
    11AE : F2F2F2;
    11AF : F2F2F2;
    11B0 : F2F2F2;
    11B1 : F2F2F2;
    11B2 : F2F2F2;
    11B3 : F2F2F2;
    11B4 : F2F2F2;
    11B5 : F2F2F2;
    11B6 : F2F2F2;
    11B7 : F2F2F2;
    11B8 : F2F2F2;
    11B9 : F2F2F2;
    11BA : F2F2F2;
    11BB : F2F2F2;
    11BC : F2F2F2;
    11BD : F2F2F2;
    11BE : F2F2F2;
    11BF : F2F2F2;
    11C0 : F2F2F2;
    11C1 : F2F2F2;
    11C2 : F2F2F2;
    11C3 : F2F2F2;
    11C4 : F2F2F2;
    11C5 : F2F2F2;
    11C6 : F2F2F2;
    11C7 : F2F2F2;
    11C8 : F2F2F2;
    11C9 : F2F2F2;
    11CA : F2F2F2;
    11CB : F2F2F2;
    11CC : F2F2F2;
    11CD : F2F2F2;
    11CE : F2F2F2;
    11CF : F2F2F2;
    11D0 : F2F2F2;
    11D1 : F2F2F2;
    11D2 : F2F2F2;
    11D3 : F2F2F2;
    11D4 : F2F2F2;
    11D5 : F2F2F2;
    11D6 : F2F2F2;
    11D7 : F2F2F2;
    11D8 : F2F2F2;
    11D9 : F2F2F2;
    11DA : F2F2F2;
    11DB : F2F2F2;
    11DC : F2F2F2;
    11DD : F2F2F2;
    11DE : F2F2F2;
    11DF : F2F2F2;
    11E0 : F2F2F2;
    11E1 : F2F2F2;
    11E2 : F2F2F2;
    11E3 : F2F2F2;
    11E4 : F2F2F2;
    11E5 : F2F2F2;
    11E6 : F2F2F2;
    11E7 : F2F2F2;
    11E8 : F2F2F2;
    11E9 : F2F2F2;
    11EA : F2F2F2;
    11EB : F2F2F2;
    11EC : F2F2F2;
    11ED : F2F2F2;
    11EE : F2F2F2;
    11EF : F2F2F2;
    11F0 : F2F2F2;
    11F1 : F2F2F2;
    11F2 : F2F2F2;
    11F3 : F2F2F2;
    11F4 : F2F2F2;
    11F5 : F2F2F2;
    11F6 : F2F2F2;
    11F7 : F2F2F2;
    11F8 : F2F2F2;
    11F9 : F2F2F2;
    11FA : F2F2F2;
    11FB : F2F2F2;
    11FC : F2F2F2;
    11FD : F2F2F2;
    11FE : F2F2F2;
    11FF : F2F2F2;
    1200 : F2F2F2;
    1201 : F2F2F2;
    1202 : F2F2F2;
    1203 : F2F2F2;
    1204 : F2F2F2;
    1205 : F2F2F2;
    1206 : F2F2F2;
    1207 : F2F2F2;
    1208 : F2F2F2;
    1209 : F2F2F2;
    120A : F2F2F2;
    120B : F2F2F2;
    120C : F2F2F2;
    120D : F2F2F2;
    120E : F2F2F2;
    120F : F2F2F2;
    1210 : F2F2F2;
    1211 : F2F2F2;
    1212 : F2F2F2;
    1213 : F2F2F2;
    1214 : F2F2F2;
    1215 : F2F2F2;
    1216 : F2F2F2;
    1217 : F2F2F2;
    1218 : F2F2F2;
    1219 : F2F2F2;
    121A : F2F2F2;
    121B : F2F2F2;
    121C : F2F2F2;
    121D : F2F2F2;
    121E : F2F2F2;
    121F : F2F2F2;
    1220 : F2F2F2;
    1221 : F2F2F2;
    1222 : F2F2F2;
    1223 : F2F2F2;
    1224 : F2F2F2;
    1225 : F2F2F2;
    1226 : F2F2F2;
    1227 : F2F2F2;
    1228 : F2F2F2;
    1229 : F2F2F2;
    122A : F2F2F2;
    122B : F2F2F2;
    122C : F2F2F2;
    122D : F2F2F2;
    122E : F2F2F2;
    122F : F2F2F2;
    1230 : EEEEEE;
    1231 : F4F4F4;
    1232 : F1F1F1;
    1233 : F0F0F0;
    1234 : F4F4F4;
    1235 : EFEFEF;
    1236 : EBEBEB;
    1237 : F3F3F3;
    1238 : F0F0F0;
    1239 : F6F6F6;
    123A : F9F9F9;
    123B : D0D0D0;
    123C : 303030;
    123D : 000000;
    123E : 0C0C0C;
    123F : 000000;
    1240 : 000000;
    1241 : 090909;
    1242 : 0A0A0A;
    1243 : 030303;
    1244 : 040404;
    1245 : 0C0C0C;
    1246 : 0B0B0B;
    1247 : 020202;
    1248 : 070707;
    1249 : 1F1F1F;
    124A : 343434;
    124B : 3E3E3E;
    124C : 303030;
    124D : 4D4D4D;
    124E : 8F8F8F;
    124F : 8A8A8A;
    1250 : 797979;
    1251 : 131313;
    1252 : 050505;
    1253 : 0D0D0D;
    1254 : 000000;
    1255 : 0A0A0A;
    1256 : 090909;
    1257 : 000000;
    1258 : 050505;
    1259 : 000000;
    125A : 121212;
    125B : 2F2F2F;
    125C : 353535;
    125D : 363636;
    125E : 393939;
    125F : 333333;
    1260 : 383838;
    1261 : 282828;
    1262 : 272727;
    1263 : 010101;
    1264 : 070707;
    1265 : 010101;
    1266 : 060606;
    1267 : 212121;
    1268 : 6E6E6E;
    1269 : C3C3C3;
    126A : FFFFFF;
    126B : FBFBFB;
    126C : E6E6E6;
    126D : EEEEEE;
    126E : F9F9F9;
    126F : F3F3F3;
    1270 : F2F2F2;
    1271 : F2F2F2;
    1272 : F2F2F2;
    1273 : F2F2F2;
    1274 : F2F2F2;
    1275 : F2F2F2;
    1276 : F2F2F2;
    1277 : F2F2F2;
    1278 : F2F2F2;
    1279 : F2F2F2;
    127A : F2F2F2;
    127B : F2F2F2;
    127C : F2F2F2;
    127D : F2F2F2;
    127E : F2F2F2;
    127F : F2F2F2;
    1280 : F2F2F2;
    1281 : F2F2F2;
    1282 : F2F2F2;
    1283 : F2F2F2;
    1284 : F2F2F2;
    1285 : F2F2F2;
    1286 : F2F2F2;
    1287 : F2F2F2;
    1288 : F2F2F2;
    1289 : F2F2F2;
    128A : F2F2F2;
    128B : F2F2F2;
    128C : F2F2F2;
    128D : F2F2F2;
    128E : F2F2F2;
    128F : F2F2F2;
    1290 : F2F2F2;
    1291 : F2F2F2;
    1292 : F2F2F2;
    1293 : F2F2F2;
    1294 : F2F2F2;
    1295 : F2F2F2;
    1296 : F2F2F2;
    1297 : F2F2F2;
    1298 : F2F2F2;
    1299 : F2F2F2;
    129A : F2F2F2;
    129B : F2F2F2;
    129C : F2F2F2;
    129D : F2F2F2;
    129E : F2F2F2;
    129F : F2F2F2;
    12A0 : F2F2F2;
    12A1 : F2F2F2;
    12A2 : F2F2F2;
    12A3 : F2F2F2;
    12A4 : F2F2F2;
    12A5 : F2F2F2;
    12A6 : F2F2F2;
    12A7 : F2F2F2;
    12A8 : F2F2F2;
    12A9 : F2F2F2;
    12AA : F2F2F2;
    12AB : F2F2F2;
    12AC : F2F2F2;
    12AD : F2F2F2;
    12AE : F2F2F2;
    12AF : F2F2F2;
    12B0 : F2F2F2;
    12B1 : F2F2F2;
    12B2 : F2F2F2;
    12B3 : F2F2F2;
    12B4 : F2F2F2;
    12B5 : F2F2F2;
    12B6 : F2F2F2;
    12B7 : F2F2F2;
    12B8 : F2F2F2;
    12B9 : F2F2F2;
    12BA : F2F2F2;
    12BB : F2F2F2;
    12BC : F2F2F2;
    12BD : F2F2F2;
    12BE : F2F2F2;
    12BF : F2F2F2;
    12C0 : F2F2F2;
    12C1 : F2F2F2;
    12C2 : F2F2F2;
    12C3 : F2F2F2;
    12C4 : F2F2F2;
    12C5 : F2F2F2;
    12C6 : F2F2F2;
    12C7 : F2F2F2;
    12C8 : F2F2F2;
    12C9 : F2F2F2;
    12CA : F2F2F2;
    12CB : F2F2F2;
    12CC : F2F2F2;
    12CD : F2F2F2;
    12CE : F2F2F2;
    12CF : F2F2F2;
    12D0 : F2F2F2;
    12D1 : F2F2F2;
    12D2 : F2F2F2;
    12D3 : F2F2F2;
    12D4 : F2F2F2;
    12D5 : F2F2F2;
    12D6 : F2F2F2;
    12D7 : F2F2F2;
    12D8 : F2F2F2;
    12D9 : F2F2F2;
    12DA : F2F2F2;
    12DB : F2F2F2;
    12DC : F2F2F2;
    12DD : F2F2F2;
    12DE : F2F2F2;
    12DF : F2F2F2;
    12E0 : F2F2F2;
    12E1 : F2F2F2;
    12E2 : F2F2F2;
    12E3 : F2F2F2;
    12E4 : F2F2F2;
    12E5 : F2F2F2;
    12E6 : F2F2F2;
    12E7 : F2F2F2;
    12E8 : F2F2F2;
    12E9 : F2F2F2;
    12EA : F2F2F2;
    12EB : F2F2F2;
    12EC : F2F2F2;
    12ED : F2F2F2;
    12EE : F2F2F2;
    12EF : F2F2F2;
    12F0 : F7F7F7;
    12F1 : F0F0F0;
    12F2 : ECECEC;
    12F3 : EFEFEF;
    12F4 : F3F3F3;
    12F5 : F4F4F4;
    12F6 : F6F6F6;
    12F7 : F9F9F9;
    12F8 : EEEEEE;
    12F9 : F2F2F2;
    12FA : F3F3F3;
    12FB : F1F1F1;
    12FC : F0F0F0;
    12FD : F3F3F3;
    12FE : F4F4F4;
    12FF : F2F2F2;
    1300 : E9E9E9;
    1301 : F0F0F0;
    1302 : F5F5F5;
    1303 : FEFEFE;
    1304 : C8C8C8;
    1305 : 0F0F0F;
    1306 : 060606;
    1307 : 060606;
    1308 : 010101;
    1309 : 050505;
    130A : 070707;
    130B : 050505;
    130C : 030303;
    130D : 040404;
    130E : 050505;
    130F : 060606;
    1310 : 050505;
    1311 : 050505;
    1312 : 1A1A1A;
    1313 : 353535;
    1314 : 393939;
    1315 : 383838;
    1316 : 595959;
    1317 : 888888;
    1318 : 414141;
    1319 : 1B1B1B;
    131A : 000000;
    131B : 060606;
    131C : 0E0E0E;
    131D : 060606;
    131E : 010101;
    131F : 060606;
    1320 : 060606;
    1321 : 000000;
    1322 : 060606;
    1323 : 1F1F1F;
    1324 : 303030;
    1325 : 2A2A2A;
    1326 : 1B1B1B;
    1327 : 131313;
    1328 : 0B0B0B;
    1329 : 080808;
    132A : 050505;
    132B : 050505;
    132C : 080808;
    132D : 0E0E0E;
    132E : 161616;
    132F : 1A1A1A;
    1330 : 333333;
    1331 : 1D1D1D;
    1332 : 757575;
    1333 : F0F0F0;
    1334 : FFFFFF;
    1335 : EAEAEA;
    1336 : EEEEEE;
    1337 : F8F8F8;
    1338 : EFEFEF;
    1339 : EFEFEF;
    133A : F0F0F0;
    133B : FDFDFD;
    133C : F0F0F0;
    133D : E9E9E9;
    133E : FBFBFB;
    133F : EFEFEF;
    1340 : F2F2F2;
    1341 : F2F2F2;
    1342 : F2F2F2;
    1343 : F2F2F2;
    1344 : F2F2F2;
    1345 : F2F2F2;
    1346 : F2F2F2;
    1347 : F2F2F2;
    1348 : F2F2F2;
    1349 : F2F2F2;
    134A : F2F2F2;
    134B : F2F2F2;
    134C : F2F2F2;
    134D : F2F2F2;
    134E : F2F2F2;
    134F : F2F2F2;
    1350 : F2F2F2;
    1351 : F2F2F2;
    1352 : F2F2F2;
    1353 : F2F2F2;
    1354 : F2F2F2;
    1355 : F2F2F2;
    1356 : F2F2F2;
    1357 : F2F2F2;
    1358 : F2F2F2;
    1359 : F2F2F2;
    135A : F2F2F2;
    135B : F2F2F2;
    135C : F2F2F2;
    135D : F2F2F2;
    135E : F2F2F2;
    135F : F2F2F2;
    1360 : F2F2F2;
    1361 : F2F2F2;
    1362 : F2F2F2;
    1363 : F2F2F2;
    1364 : F2F2F2;
    1365 : F2F2F2;
    1366 : F2F2F2;
    1367 : F2F2F2;
    1368 : F2F2F2;
    1369 : F2F2F2;
    136A : F2F2F2;
    136B : F2F2F2;
    136C : F2F2F2;
    136D : F2F2F2;
    136E : F2F2F2;
    136F : F2F2F2;
    1370 : F2F2F2;
    1371 : F2F2F2;
    1372 : F2F2F2;
    1373 : F2F2F2;
    1374 : F2F2F2;
    1375 : F2F2F2;
    1376 : F2F2F2;
    1377 : F2F2F2;
    1378 : F2F2F2;
    1379 : F2F2F2;
    137A : F2F2F2;
    137B : F2F2F2;
    137C : F2F2F2;
    137D : F2F2F2;
    137E : F2F2F2;
    137F : F2F2F2;
    1380 : F2F2F2;
    1381 : F2F2F2;
    1382 : F2F2F2;
    1383 : F2F2F2;
    1384 : F2F2F2;
    1385 : F2F2F2;
    1386 : F2F2F2;
    1387 : F2F2F2;
    1388 : F2F2F2;
    1389 : F2F2F2;
    138A : F2F2F2;
    138B : F2F2F2;
    138C : F2F2F2;
    138D : F2F2F2;
    138E : F2F2F2;
    138F : F2F2F2;
    1390 : F2F2F2;
    1391 : F2F2F2;
    1392 : F2F2F2;
    1393 : F2F2F2;
    1394 : F2F2F2;
    1395 : F2F2F2;
    1396 : F2F2F2;
    1397 : F2F2F2;
    1398 : F2F2F2;
    1399 : F2F2F2;
    139A : F2F2F2;
    139B : F2F2F2;
    139C : F2F2F2;
    139D : F2F2F2;
    139E : F2F2F2;
    139F : F2F2F2;
    13A0 : F2F2F2;
    13A1 : F2F2F2;
    13A2 : F2F2F2;
    13A3 : F2F2F2;
    13A4 : F2F2F2;
    13A5 : F2F2F2;
    13A6 : F2F2F2;
    13A7 : F2F2F2;
    13A8 : F2F2F2;
    13A9 : F2F2F2;
    13AA : F2F2F2;
    13AB : F2F2F2;
    13AC : F2F2F2;
    13AD : F2F2F2;
    13AE : F2F2F2;
    13AF : F2F2F2;
    13B0 : F2F2F2;
    13B1 : F2F2F2;
    13B2 : F2F2F2;
    13B3 : F2F2F2;
    13B4 : F2F2F2;
    13B5 : F2F2F2;
    13B6 : F2F2F2;
    13B7 : F2F2F2;
    13B8 : EAEAEA;
    13B9 : F4F4F4;
    13BA : FAFAFA;
    13BB : F6F6F6;
    13BC : F0F0F0;
    13BD : EEEEEE;
    13BE : EDEDED;
    13BF : EBEBEB;
    13C0 : F5F5F5;
    13C1 : ECECEC;
    13C2 : E9E9E9;
    13C3 : EFEFEF;
    13C4 : F5F5F5;
    13C5 : F4F4F4;
    13C6 : F0F0F0;
    13C7 : EFEFEF;
    13C8 : FAFAFA;
    13C9 : FFFFFF;
    13CA : E3E3E3;
    13CB : EAEAEA;
    13CC : F4F4F4;
    13CD : 949494;
    13CE : 000000;
    13CF : 141414;
    13D0 : 070707;
    13D1 : 090909;
    13D2 : 0B0B0B;
    13D3 : 0A0A0A;
    13D4 : 0A0A0A;
    13D5 : 090909;
    13D6 : 070707;
    13D7 : 060606;
    13D8 : 0C0C0C;
    13D9 : 050505;
    13DA : 080808;
    13DB : 1A1A1A;
    13DC : 2D2D2D;
    13DD : 393939;
    13DE : 414141;
    13DF : 474747;
    13E0 : 222222;
    13E1 : 0B0B0B;
    13E2 : 000000;
    13E3 : 040404;
    13E4 : 090909;
    13E5 : 050505;
    13E6 : 040404;
    13E7 : 090909;
    13E8 : 0D0D0D;
    13E9 : 040404;
    13EA : 020202;
    13EB : 0B0B0B;
    13EC : 0F0F0F;
    13ED : 090909;
    13EE : 040404;
    13EF : 050505;
    13F0 : 0A0A0A;
    13F1 : 080808;
    13F2 : 070707;
    13F3 : 050505;
    13F4 : 060606;
    13F5 : 070707;
    13F6 : 090909;
    13F7 : 0B0B0B;
    13F8 : 131313;
    13F9 : 565656;
    13FA : 353535;
    13FB : 2C2C2C;
    13FC : C1C1C1;
    13FD : FBFBFB;
    13FE : FFFFFF;
    13FF : D1D1D1;
    1400 : F4F4F4;
    1401 : F9F9F9;
    1402 : F0F0F0;
    1403 : EFEFEF;
    1404 : F5F5F5;
    1405 : F4F4F4;
    1406 : F2F2F2;
    1407 : EFEFEF;
    1408 : F2F2F2;
    1409 : F2F2F2;
    140A : F2F2F2;
    140B : F2F2F2;
    140C : F2F2F2;
    140D : F2F2F2;
    140E : F2F2F2;
    140F : F2F2F2;
    1410 : F2F2F2;
    1411 : F2F2F2;
    1412 : F2F2F2;
    1413 : F2F2F2;
    1414 : F2F2F2;
    1415 : F2F2F2;
    1416 : F2F2F2;
    1417 : F2F2F2;
    1418 : F2F2F2;
    1419 : F2F2F2;
    141A : F2F2F2;
    141B : F2F2F2;
    141C : F2F2F2;
    141D : F2F2F2;
    141E : F2F2F2;
    141F : F2F2F2;
    1420 : F2F2F2;
    1421 : F2F2F2;
    1422 : F2F2F2;
    1423 : F2F2F2;
    1424 : F2F2F2;
    1425 : F2F2F2;
    1426 : F2F2F2;
    1427 : F2F2F2;
    1428 : F2F2F2;
    1429 : F2F2F2;
    142A : F2F2F2;
    142B : F2F2F2;
    142C : F2F2F2;
    142D : F2F2F2;
    142E : F2F2F2;
    142F : F2F2F2;
    1430 : F2F2F2;
    1431 : F2F2F2;
    1432 : F2F2F2;
    1433 : F2F2F2;
    1434 : F2F2F2;
    1435 : F2F2F2;
    1436 : F2F2F2;
    1437 : F2F2F2;
    1438 : F2F2F2;
    1439 : F2F2F2;
    143A : F2F2F2;
    143B : F2F2F2;
    143C : F2F2F2;
    143D : F2F2F2;
    143E : F2F2F2;
    143F : F2F2F2;
    1440 : F2F2F2;
    1441 : F2F2F2;
    1442 : F2F2F2;
    1443 : F2F2F2;
    1444 : F2F2F2;
    1445 : F2F2F2;
    1446 : F2F2F2;
    1447 : F2F2F2;
    1448 : F2F2F2;
    1449 : F2F2F2;
    144A : F2F2F2;
    144B : F2F2F2;
    144C : F2F2F2;
    144D : F2F2F2;
    144E : F2F2F2;
    144F : F2F2F2;
    1450 : F2F2F2;
    1451 : F2F2F2;
    1452 : F2F2F2;
    1453 : F2F2F2;
    1454 : F2F2F2;
    1455 : F2F2F2;
    1456 : F2F2F2;
    1457 : F2F2F2;
    1458 : F2F2F2;
    1459 : F2F2F2;
    145A : F2F2F2;
    145B : F2F2F2;
    145C : F2F2F2;
    145D : F2F2F2;
    145E : F2F2F2;
    145F : F2F2F2;
    1460 : F2F2F2;
    1461 : F2F2F2;
    1462 : F2F2F2;
    1463 : F2F2F2;
    1464 : F2F2F2;
    1465 : F2F2F2;
    1466 : F2F2F2;
    1467 : F2F2F2;
    1468 : F2F2F2;
    1469 : F2F2F2;
    146A : F2F2F2;
    146B : F2F2F2;
    146C : F2F2F2;
    146D : F2F2F2;
    146E : F2F2F2;
    146F : F2F2F2;
    1470 : F2F2F2;
    1471 : F2F2F2;
    1472 : F2F2F2;
    1473 : F2F2F2;
    1474 : F2F2F2;
    1475 : F2F2F2;
    1476 : F2F2F2;
    1477 : F2F2F2;
    1478 : F2F2F2;
    1479 : F2F2F2;
    147A : F2F2F2;
    147B : F2F2F2;
    147C : F2F2F2;
    147D : F2F2F2;
    147E : F2F2F2;
    147F : F2F2F2;
    1480 : EEEEEE;
    1481 : F6F6F6;
    1482 : F7F7F7;
    1483 : EFEFEF;
    1484 : EDEDED;
    1485 : F3F3F3;
    1486 : F6F6F6;
    1487 : F2F2F2;
    1488 : EEEEEE;
    1489 : EDEDED;
    148A : F4F4F4;
    148B : FDFDFD;
    148C : FAFAFA;
    148D : EEEEEE;
    148E : EBEBEB;
    148F : F1F1F1;
    1490 : E8E8E8;
    1491 : E7E7E7;
    1492 : EEEEEE;
    1493 : F4F4F4;
    1494 : F5F5F5;
    1495 : FFFFFF;
    1496 : 4C4C4C;
    1497 : 000000;
    1498 : 040404;
    1499 : 040404;
    149A : 040404;
    149B : 050505;
    149C : 060606;
    149D : 060606;
    149E : 070707;
    149F : 080808;
    14A0 : 080808;
    14A1 : 050505;
    14A2 : 000000;
    14A3 : 070707;
    14A4 : 222222;
    14A5 : 383838;
    14A6 : 303030;
    14A7 : 181818;
    14A8 : 050505;
    14A9 : 010101;
    14AA : 000000;
    14AB : 040404;
    14AC : 060606;
    14AD : 050505;
    14AE : 060606;
    14AF : 0A0A0A;
    14B0 : 090909;
    14B1 : 030303;
    14B2 : 020202;
    14B3 : 040404;
    14B4 : 010101;
    14B5 : 000000;
    14B6 : 010101;
    14B7 : 0B0B0B;
    14B8 : 070707;
    14B9 : 070707;
    14BA : 080808;
    14BB : 070707;
    14BC : 060606;
    14BD : 040404;
    14BE : 020202;
    14BF : 010101;
    14C0 : 080808;
    14C1 : 000000;
    14C2 : 434343;
    14C3 : 525252;
    14C4 : 131313;
    14C5 : ACACAC;
    14C6 : F1F1F1;
    14C7 : FBFBFB;
    14C8 : ECECEC;
    14C9 : F6F6F6;
    14CA : F3F3F3;
    14CB : E9E9E9;
    14CC : F7F7F7;
    14CD : F8F8F8;
    14CE : E8E8E8;
    14CF : F4F4F4;
    14D0 : F2F2F2;
    14D1 : F2F2F2;
    14D2 : F2F2F2;
    14D3 : F2F2F2;
    14D4 : F2F2F2;
    14D5 : F2F2F2;
    14D6 : F2F2F2;
    14D7 : F2F2F2;
    14D8 : F2F2F2;
    14D9 : F2F2F2;
    14DA : F2F2F2;
    14DB : F2F2F2;
    14DC : F2F2F2;
    14DD : F2F2F2;
    14DE : F2F2F2;
    14DF : F2F2F2;
    14E0 : F2F2F2;
    14E1 : F2F2F2;
    14E2 : F2F2F2;
    14E3 : F2F2F2;
    14E4 : F2F2F2;
    14E5 : F2F2F2;
    14E6 : F2F2F2;
    14E7 : F2F2F2;
    14E8 : F2F2F2;
    14E9 : F2F2F2;
    14EA : F2F2F2;
    14EB : F2F2F2;
    14EC : F2F2F2;
    14ED : F2F2F2;
    14EE : F2F2F2;
    14EF : F2F2F2;
    14F0 : F2F2F2;
    14F1 : F2F2F2;
    14F2 : F2F2F2;
    14F3 : F2F2F2;
    14F4 : F2F2F2;
    14F5 : F2F2F2;
    14F6 : F2F2F2;
    14F7 : F2F2F2;
    14F8 : F2F2F2;
    14F9 : F2F2F2;
    14FA : F2F2F2;
    14FB : F2F2F2;
    14FC : F2F2F2;
    14FD : F2F2F2;
    14FE : F2F2F2;
    14FF : F2F2F2;
    1500 : F2F2F2;
    1501 : F2F2F2;
    1502 : F2F2F2;
    1503 : F2F2F2;
    1504 : F2F2F2;
    1505 : F2F2F2;
    1506 : F2F2F2;
    1507 : F2F2F2;
    1508 : F2F2F2;
    1509 : F2F2F2;
    150A : F2F2F2;
    150B : F2F2F2;
    150C : F2F2F2;
    150D : F2F2F2;
    150E : F2F2F2;
    150F : F2F2F2;
    1510 : F2F2F2;
    1511 : F2F2F2;
    1512 : F2F2F2;
    1513 : F2F2F2;
    1514 : F2F2F2;
    1515 : F2F2F2;
    1516 : F2F2F2;
    1517 : F2F2F2;
    1518 : F2F2F2;
    1519 : F2F2F2;
    151A : F2F2F2;
    151B : F2F2F2;
    151C : F2F2F2;
    151D : F2F2F2;
    151E : F2F2F2;
    151F : F2F2F2;
    1520 : F2F2F2;
    1521 : F2F2F2;
    1522 : F2F2F2;
    1523 : F2F2F2;
    1524 : F2F2F2;
    1525 : F2F2F2;
    1526 : F2F2F2;
    1527 : F2F2F2;
    1528 : F2F2F2;
    1529 : F2F2F2;
    152A : F2F2F2;
    152B : F2F2F2;
    152C : F2F2F2;
    152D : F2F2F2;
    152E : F2F2F2;
    152F : F2F2F2;
    1530 : F2F2F2;
    1531 : F2F2F2;
    1532 : F2F2F2;
    1533 : F2F2F2;
    1534 : F2F2F2;
    1535 : F2F2F2;
    1536 : F2F2F2;
    1537 : F2F2F2;
    1538 : F2F2F2;
    1539 : F2F2F2;
    153A : F2F2F2;
    153B : F2F2F2;
    153C : F2F2F2;
    153D : F2F2F2;
    153E : F2F2F2;
    153F : F2F2F2;
    1540 : F2F2F2;
    1541 : F2F2F2;
    1542 : F2F2F2;
    1543 : F2F2F2;
    1544 : F2F2F2;
    1545 : F2F2F2;
    1546 : F2F2F2;
    1547 : F2F2F2;
    1548 : F8F8F8;
    1549 : F2F2F2;
    154A : ECECEC;
    154B : EEEEEE;
    154C : F5F5F5;
    154D : F9F9F9;
    154E : F6F6F6;
    154F : F0F0F0;
    1550 : F4F4F4;
    1551 : EEEEEE;
    1552 : E7E7E7;
    1553 : E5E5E5;
    1554 : E7E7E7;
    1555 : EEEEEE;
    1556 : F6F6F6;
    1557 : FBFBFB;
    1558 : FFFFFF;
    1559 : F0F0F0;
    155A : FFFFFF;
    155B : FFFFFF;
    155C : E8E8E8;
    155D : FFFFFF;
    155E : DCDCDC;
    155F : 282828;
    1560 : 070707;
    1561 : 060606;
    1562 : 060606;
    1563 : 050505;
    1564 : 030303;
    1565 : 010101;
    1566 : 040404;
    1567 : 0A0A0A;
    1568 : 000000;
    1569 : 080808;
    156A : 090909;
    156B : 070707;
    156C : 121212;
    156D : 212121;
    156E : 1C1C1C;
    156F : 0A0A0A;
    1570 : 000000;
    1571 : 050505;
    1572 : 080808;
    1573 : 060606;
    1574 : 060606;
    1575 : 080808;
    1576 : 080808;
    1577 : 060606;
    1578 : 020202;
    1579 : 020202;
    157A : 060606;
    157B : 0B0B0B;
    157C : 090909;
    157D : 050505;
    157E : 080808;
    157F : 0F0F0F;
    1580 : 040404;
    1581 : 060606;
    1582 : 070707;
    1583 : 090909;
    1584 : 090909;
    1585 : 080808;
    1586 : 060606;
    1587 : 050505;
    1588 : 000000;
    1589 : 000000;
    158A : 0E0E0E;
    158B : 3F3F3F;
    158C : 6A6A6A;
    158D : 050505;
    158E : B1B1B1;
    158F : FFFFFF;
    1590 : E9E9E9;
    1591 : E7E7E7;
    1592 : F5F5F5;
    1593 : F3F3F3;
    1594 : F2F2F2;
    1595 : F1F1F1;
    1596 : E8E8E8;
    1597 : F9F9F9;
    1598 : F2F2F2;
    1599 : F2F2F2;
    159A : F2F2F2;
    159B : F2F2F2;
    159C : F2F2F2;
    159D : F2F2F2;
    159E : F2F2F2;
    159F : F2F2F2;
    15A0 : F2F2F2;
    15A1 : F2F2F2;
    15A2 : F2F2F2;
    15A3 : F2F2F2;
    15A4 : F2F2F2;
    15A5 : F2F2F2;
    15A6 : F2F2F2;
    15A7 : F2F2F2;
    15A8 : F2F2F2;
    15A9 : F2F2F2;
    15AA : F2F2F2;
    15AB : F2F2F2;
    15AC : F2F2F2;
    15AD : F2F2F2;
    15AE : F2F2F2;
    15AF : F2F2F2;
    15B0 : F2F2F2;
    15B1 : F2F2F2;
    15B2 : F2F2F2;
    15B3 : F2F2F2;
    15B4 : F2F2F2;
    15B5 : F2F2F2;
    15B6 : F2F2F2;
    15B7 : F2F2F2;
    15B8 : F2F2F2;
    15B9 : F2F2F2;
    15BA : F2F2F2;
    15BB : F2F2F2;
    15BC : F2F2F2;
    15BD : F2F2F2;
    15BE : F2F2F2;
    15BF : F2F2F2;
    15C0 : F2F2F2;
    15C1 : F2F2F2;
    15C2 : F2F2F2;
    15C3 : F2F2F2;
    15C4 : F2F2F2;
    15C5 : F2F2F2;
    15C6 : F2F2F2;
    15C7 : F2F2F2;
    15C8 : F2F2F2;
    15C9 : F2F2F2;
    15CA : F2F2F2;
    15CB : F2F2F2;
    15CC : F2F2F2;
    15CD : F2F2F2;
    15CE : F2F2F2;
    15CF : F2F2F2;
    15D0 : F2F2F2;
    15D1 : F2F2F2;
    15D2 : F2F2F2;
    15D3 : F2F2F2;
    15D4 : F2F2F2;
    15D5 : F2F2F2;
    15D6 : F2F2F2;
    15D7 : F2F2F2;
    15D8 : F2F2F2;
    15D9 : F2F2F2;
    15DA : F2F2F2;
    15DB : F2F2F2;
    15DC : F2F2F2;
    15DD : F2F2F2;
    15DE : F2F2F2;
    15DF : F2F2F2;
    15E0 : F2F2F2;
    15E1 : F2F2F2;
    15E2 : F2F2F2;
    15E3 : F2F2F2;
    15E4 : F2F2F2;
    15E5 : F2F2F2;
    15E6 : F2F2F2;
    15E7 : F2F2F2;
    15E8 : F2F2F2;
    15E9 : F2F2F2;
    15EA : F2F2F2;
    15EB : F2F2F2;
    15EC : F2F2F2;
    15ED : F2F2F2;
    15EE : F2F2F2;
    15EF : F2F2F2;
    15F0 : F2F2F2;
    15F1 : F2F2F2;
    15F2 : F2F2F2;
    15F3 : F2F2F2;
    15F4 : F2F2F2;
    15F5 : F2F2F2;
    15F6 : F2F2F2;
    15F7 : F2F2F2;
    15F8 : F2F2F2;
    15F9 : F2F2F2;
    15FA : F2F2F2;
    15FB : F2F2F2;
    15FC : F2F2F2;
    15FD : F2F2F2;
    15FE : F2F2F2;
    15FF : F2F2F2;
    1600 : F2F2F2;
    1601 : F2F2F2;
    1602 : F2F2F2;
    1603 : F2F2F2;
    1604 : F2F2F2;
    1605 : F2F2F2;
    1606 : F2F2F2;
    1607 : F2F2F2;
    1608 : F2F2F2;
    1609 : F2F2F2;
    160A : F2F2F2;
    160B : F2F2F2;
    160C : F2F2F2;
    160D : F2F2F2;
    160E : F2F2F2;
    160F : F2F2F2;
    1610 : F6F6F6;
    1611 : EDEDED;
    1612 : EEEEEE;
    1613 : F9F9F9;
    1614 : FCFCFC;
    1615 : F2F2F2;
    1616 : E9E9E9;
    1617 : E9E9E9;
    1618 : F0F0F0;
    1619 : F3F3F3;
    161A : F4F4F4;
    161B : F8F8F8;
    161C : FFFFFF;
    161D : FFFFFF;
    161E : F0F0F0;
    161F : D2D2D2;
    1620 : AEAEAE;
    1621 : 959595;
    1622 : 848484;
    1623 : 828282;
    1624 : 8A8A8A;
    1625 : 757575;
    1626 : A6A6A6;
    1627 : 616161;
    1628 : 070707;
    1629 : 070707;
    162A : 0B0B0B;
    162B : 0E0E0E;
    162C : 090909;
    162D : 020202;
    162E : 030303;
    162F : 090909;
    1630 : 050505;
    1631 : 090909;
    1632 : 0B0B0B;
    1633 : 080808;
    1634 : 040404;
    1635 : 030303;
    1636 : 030303;
    1637 : 010101;
    1638 : 070707;
    1639 : 0A0A0A;
    163A : 090909;
    163B : 060606;
    163C : 070707;
    163D : 0B0B0B;
    163E : 0A0A0A;
    163F : 040404;
    1640 : 080808;
    1641 : 060606;
    1642 : 070707;
    1643 : 0A0A0A;
    1644 : 090909;
    1645 : 050505;
    1646 : 030303;
    1647 : 030303;
    1648 : 050505;
    1649 : 050505;
    164A : 060606;
    164B : 070707;
    164C : 070707;
    164D : 080808;
    164E : 090909;
    164F : 0A0A0A;
    1650 : 070707;
    1651 : 1C1C1C;
    1652 : 000000;
    1653 : 020202;
    1654 : 404040;
    1655 : 747474;
    1656 : 000000;
    1657 : D7D7D7;
    1658 : FFFFFF;
    1659 : E7E7E7;
    165A : F2F2F2;
    165B : FCFCFC;
    165C : EEEEEE;
    165D : EDEDED;
    165E : F3F3F3;
    165F : F4F4F4;
    1660 : F2F2F2;
    1661 : F2F2F2;
    1662 : F2F2F2;
    1663 : F2F2F2;
    1664 : F2F2F2;
    1665 : F2F2F2;
    1666 : F2F2F2;
    1667 : F2F2F2;
    1668 : F2F2F2;
    1669 : F2F2F2;
    166A : F2F2F2;
    166B : F2F2F2;
    166C : F2F2F2;
    166D : F2F2F2;
    166E : F2F2F2;
    166F : F2F2F2;
    1670 : F2F2F2;
    1671 : F2F2F2;
    1672 : F2F2F2;
    1673 : F2F2F2;
    1674 : F2F2F2;
    1675 : F2F2F2;
    1676 : F2F2F2;
    1677 : F2F2F2;
    1678 : F2F2F2;
    1679 : F2F2F2;
    167A : F2F2F2;
    167B : F2F2F2;
    167C : F2F2F2;
    167D : F2F2F2;
    167E : F2F2F2;
    167F : F2F2F2;
    1680 : F2F2F2;
    1681 : F2F2F2;
    1682 : F2F2F2;
    1683 : F2F2F2;
    1684 : F2F2F2;
    1685 : F2F2F2;
    1686 : F2F2F2;
    1687 : F2F2F2;
    1688 : F2F2F2;
    1689 : F2F2F2;
    168A : F2F2F2;
    168B : F2F2F2;
    168C : F2F2F2;
    168D : F2F2F2;
    168E : F2F2F2;
    168F : F2F2F2;
    1690 : F2F2F2;
    1691 : F2F2F2;
    1692 : F2F2F2;
    1693 : F2F2F2;
    1694 : F2F2F2;
    1695 : F2F2F2;
    1696 : F2F2F2;
    1697 : F2F2F2;
    1698 : F2F2F2;
    1699 : F2F2F2;
    169A : F2F2F2;
    169B : F2F2F2;
    169C : F2F2F2;
    169D : F2F2F2;
    169E : F2F2F2;
    169F : F2F2F2;
    16A0 : F2F2F2;
    16A1 : F2F2F2;
    16A2 : F2F2F2;
    16A3 : F2F2F2;
    16A4 : F2F2F2;
    16A5 : F2F2F2;
    16A6 : F2F2F2;
    16A7 : F2F2F2;
    16A8 : F2F2F2;
    16A9 : F2F2F2;
    16AA : F2F2F2;
    16AB : F2F2F2;
    16AC : F2F2F2;
    16AD : F2F2F2;
    16AE : F2F2F2;
    16AF : F2F2F2;
    16B0 : F2F2F2;
    16B1 : F2F2F2;
    16B2 : F2F2F2;
    16B3 : F2F2F2;
    16B4 : F2F2F2;
    16B5 : F2F2F2;
    16B6 : F2F2F2;
    16B7 : F2F2F2;
    16B8 : F2F2F2;
    16B9 : F2F2F2;
    16BA : F2F2F2;
    16BB : F2F2F2;
    16BC : F2F2F2;
    16BD : F2F2F2;
    16BE : F2F2F2;
    16BF : F2F2F2;
    16C0 : F2F2F2;
    16C1 : F2F2F2;
    16C2 : F2F2F2;
    16C3 : F2F2F2;
    16C4 : F2F2F2;
    16C5 : F2F2F2;
    16C6 : F2F2F2;
    16C7 : F2F2F2;
    16C8 : F2F2F2;
    16C9 : F2F2F2;
    16CA : F2F2F2;
    16CB : F2F2F2;
    16CC : F2F2F2;
    16CD : F2F2F2;
    16CE : F2F2F2;
    16CF : F2F2F2;
    16D0 : F2F2F2;
    16D1 : F2F2F2;
    16D2 : F2F2F2;
    16D3 : F2F2F2;
    16D4 : F2F2F2;
    16D5 : F2F2F2;
    16D6 : F2F2F2;
    16D7 : F2F2F2;
    16D8 : F4F4F4;
    16D9 : F1F1F1;
    16DA : F2F2F2;
    16DB : F6F6F6;
    16DC : F2F2F2;
    16DD : EDEDED;
    16DE : F3F3F3;
    16DF : FFFFFF;
    16E0 : F7F7F7;
    16E1 : FFFFFF;
    16E2 : F7F7F7;
    16E3 : D6D6D6;
    16E4 : A2A2A2;
    16E5 : 656565;
    16E6 : 262626;
    16E7 : 000000;
    16E8 : 000000;
    16E9 : 000000;
    16EA : 000000;
    16EB : 000000;
    16EC : 070707;
    16ED : 000000;
    16EE : 000000;
    16EF : 000000;
    16F0 : 010101;
    16F1 : 000000;
    16F2 : 000000;
    16F3 : 070707;
    16F4 : 090909;
    16F5 : 040404;
    16F6 : 030303;
    16F7 : 070707;
    16F8 : 0A0A0A;
    16F9 : 040404;
    16FA : 020202;
    16FB : 050505;
    16FC : 060606;
    16FD : 020202;
    16FE : 020202;
    16FF : 040404;
    1700 : 080808;
    1701 : 080808;
    1702 : 050505;
    1703 : 040404;
    1704 : 070707;
    1705 : 0B0B0B;
    1706 : 0A0A0A;
    1707 : 050505;
    1708 : 0B0B0B;
    1709 : 070707;
    170A : 020202;
    170B : 020202;
    170C : 040404;
    170D : 060606;
    170E : 050505;
    170F : 040404;
    1710 : 070707;
    1711 : 060606;
    1712 : 050505;
    1713 : 040404;
    1714 : 040404;
    1715 : 050505;
    1716 : 060606;
    1717 : 070707;
    1718 : 060606;
    1719 : 040404;
    171A : 141414;
    171B : 070707;
    171C : 000000;
    171D : 595959;
    171E : 363636;
    171F : 484848;
    1720 : FFFFFF;
    1721 : F7F7F7;
    1722 : EDEDED;
    1723 : F8F8F8;
    1724 : F1F1F1;
    1725 : F0F0F0;
    1726 : FFFFFF;
    1727 : ECECEC;
    1728 : F2F2F2;
    1729 : F2F2F2;
    172A : F2F2F2;
    172B : F2F2F2;
    172C : F2F2F2;
    172D : F2F2F2;
    172E : F2F2F2;
    172F : F2F2F2;
    1730 : F2F2F2;
    1731 : F2F2F2;
    1732 : F2F2F2;
    1733 : F2F2F2;
    1734 : F2F2F2;
    1735 : F2F2F2;
    1736 : F2F2F2;
    1737 : F2F2F2;
    1738 : F2F2F2;
    1739 : F2F2F2;
    173A : F2F2F2;
    173B : F2F2F2;
    173C : F2F2F2;
    173D : F2F2F2;
    173E : F2F2F2;
    173F : F2F2F2;
    1740 : F2F2F2;
    1741 : F2F2F2;
    1742 : F2F2F2;
    1743 : F2F2F2;
    1744 : F2F2F2;
    1745 : F2F2F2;
    1746 : F2F2F2;
    1747 : F2F2F2;
    1748 : F2F2F2;
    1749 : F2F2F2;
    174A : F2F2F2;
    174B : F2F2F2;
    174C : F2F2F2;
    174D : F2F2F2;
    174E : F2F2F2;
    174F : F2F2F2;
    1750 : F2F2F2;
    1751 : F2F2F2;
    1752 : F2F2F2;
    1753 : F2F2F2;
    1754 : F2F2F2;
    1755 : F2F2F2;
    1756 : F2F2F2;
    1757 : F2F2F2;
    1758 : F2F2F2;
    1759 : F2F2F2;
    175A : F2F2F2;
    175B : F2F2F2;
    175C : F2F2F2;
    175D : F2F2F2;
    175E : F2F2F2;
    175F : F2F2F2;
    1760 : F2F2F2;
    1761 : F2F2F2;
    1762 : F2F2F2;
    1763 : F2F2F2;
    1764 : F2F2F2;
    1765 : F2F2F2;
    1766 : F2F2F2;
    1767 : F2F2F2;
    1768 : F2F2F2;
    1769 : F2F2F2;
    176A : F2F2F2;
    176B : F2F2F2;
    176C : F2F2F2;
    176D : F2F2F2;
    176E : F2F2F2;
    176F : F2F2F2;
    1770 : F2F2F2;
    1771 : F2F2F2;
    1772 : F2F2F2;
    1773 : F2F2F2;
    1774 : F2F2F2;
    1775 : F2F2F2;
    1776 : F2F2F2;
    1777 : F2F2F2;
    1778 : F2F2F2;
    1779 : F2F2F2;
    177A : F2F2F2;
    177B : F2F2F2;
    177C : F2F2F2;
    177D : F2F2F2;
    177E : F2F2F2;
    177F : F2F2F2;
    1780 : F2F2F2;
    1781 : F2F2F2;
    1782 : F2F2F2;
    1783 : F2F2F2;
    1784 : F2F2F2;
    1785 : F2F2F2;
    1786 : F2F2F2;
    1787 : F2F2F2;
    1788 : F2F2F2;
    1789 : F2F2F2;
    178A : F2F2F2;
    178B : F2F2F2;
    178C : F2F2F2;
    178D : F2F2F2;
    178E : F2F2F2;
    178F : F2F2F2;
    1790 : F2F2F2;
    1791 : F2F2F2;
    1792 : F2F2F2;
    1793 : F2F2F2;
    1794 : F2F2F2;
    1795 : F2F2F2;
    1796 : F2F2F2;
    1797 : F2F2F2;
    1798 : F2F2F2;
    1799 : F2F2F2;
    179A : F2F2F2;
    179B : F2F2F2;
    179C : F2F2F2;
    179D : F2F2F2;
    179E : F2F2F2;
    179F : F2F2F2;
    17A0 : F3F3F3;
    17A1 : F6F6F6;
    17A2 : F2F2F2;
    17A3 : EAEAEA;
    17A4 : EDEDED;
    17A5 : F7F7F7;
    17A6 : F7F7F7;
    17A7 : EFEFEF;
    17A8 : F0F0F0;
    17A9 : B4B4B4;
    17AA : 646464;
    17AB : 232323;
    17AC : 030303;
    17AD : 0E0E0E;
    17AE : 3E3E3E;
    17AF : 6C6C6C;
    17B0 : 747474;
    17B1 : 7A7A7A;
    17B2 : 8D8D8D;
    17B3 : 8C8C8C;
    17B4 : 797979;
    17B5 : 8B8B8B;
    17B6 : 636363;
    17B7 : 4F4F4F;
    17B8 : 363636;
    17B9 : 1A1A1A;
    17BA : 020202;
    17BB : 000000;
    17BC : 060606;
    17BD : 060606;
    17BE : 050505;
    17BF : 070707;
    17C0 : 070707;
    17C1 : 040404;
    17C2 : 020202;
    17C3 : 050505;
    17C4 : 090909;
    17C5 : 0C0C0C;
    17C6 : 0C0C0C;
    17C7 : 0C0C0C;
    17C8 : 060606;
    17C9 : 040404;
    17CA : 040404;
    17CB : 060606;
    17CC : 080808;
    17CD : 070707;
    17CE : 070707;
    17CF : 090909;
    17D0 : 050505;
    17D1 : 040404;
    17D2 : 030303;
    17D3 : 020202;
    17D4 : 050505;
    17D5 : 090909;
    17D6 : 0B0B0B;
    17D7 : 0B0B0B;
    17D8 : 060606;
    17D9 : 060606;
    17DA : 050505;
    17DB : 040404;
    17DC : 040404;
    17DD : 040404;
    17DE : 040404;
    17DF : 050505;
    17E0 : 080808;
    17E1 : 030303;
    17E2 : 0B0B0B;
    17E3 : 080808;
    17E4 : 121212;
    17E5 : 0E0E0E;
    17E6 : 727272;
    17E7 : 0A0A0A;
    17E8 : B2B2B2;
    17E9 : FEFEFE;
    17EA : EFEFEF;
    17EB : EEEEEE;
    17EC : F9F9F9;
    17ED : EEEEEE;
    17EE : FEFEFE;
    17EF : ECECEC;
    17F0 : F2F2F2;
    17F1 : F2F2F2;
    17F2 : F2F2F2;
    17F3 : F2F2F2;
    17F4 : F2F2F2;
    17F5 : F2F2F2;
    17F6 : F2F2F2;
    17F7 : F2F2F2;
    17F8 : F2F2F2;
    17F9 : F2F2F2;
    17FA : F2F2F2;
    17FB : F2F2F2;
    17FC : F2F2F2;
    17FD : F2F2F2;
    17FE : F2F2F2;
    17FF : F2F2F2;
    1800 : F2F2F2;
    1801 : F2F2F2;
    1802 : F2F2F2;
    1803 : F2F2F2;
    1804 : F2F2F2;
    1805 : F2F2F2;
    1806 : F2F2F2;
    1807 : F2F2F2;
    1808 : F2F2F2;
    1809 : F2F2F2;
    180A : F2F2F2;
    180B : F2F2F2;
    180C : F2F2F2;
    180D : F2F2F2;
    180E : F2F2F2;
    180F : F2F2F2;
    1810 : F2F2F2;
    1811 : F2F2F2;
    1812 : F2F2F2;
    1813 : F2F2F2;
    1814 : F2F2F2;
    1815 : F2F2F2;
    1816 : F2F2F2;
    1817 : F2F2F2;
    1818 : F2F2F2;
    1819 : F2F2F2;
    181A : F2F2F2;
    181B : F2F2F2;
    181C : F2F2F2;
    181D : F2F2F2;
    181E : F2F2F2;
    181F : F2F2F2;
    1820 : F2F2F2;
    1821 : F2F2F2;
    1822 : F2F2F2;
    1823 : F2F2F2;
    1824 : F2F2F2;
    1825 : F2F2F2;
    1826 : F2F2F2;
    1827 : F2F2F2;
    1828 : F2F2F2;
    1829 : F2F2F2;
    182A : F2F2F2;
    182B : F2F2F2;
    182C : F2F2F2;
    182D : F2F2F2;
    182E : F2F2F2;
    182F : F2F2F2;
    1830 : F2F2F2;
    1831 : F2F2F2;
    1832 : F2F2F2;
    1833 : F2F2F2;
    1834 : F2F2F2;
    1835 : F2F2F2;
    1836 : F2F2F2;
    1837 : F2F2F2;
    1838 : F2F2F2;
    1839 : F2F2F2;
    183A : F2F2F2;
    183B : F2F2F2;
    183C : F2F2F2;
    183D : F2F2F2;
    183E : F2F2F2;
    183F : F2F2F2;
    1840 : F2F2F2;
    1841 : F2F2F2;
    1842 : F2F2F2;
    1843 : F2F2F2;
    1844 : F2F2F2;
    1845 : F2F2F2;
    1846 : F2F2F2;
    1847 : F2F2F2;
    1848 : F2F2F2;
    1849 : F2F2F2;
    184A : F2F2F2;
    184B : F2F2F2;
    184C : F2F2F2;
    184D : F2F2F2;
    184E : F2F2F2;
    184F : F2F2F2;
    1850 : F2F2F2;
    1851 : F2F2F2;
    1852 : F2F2F2;
    1853 : F2F2F2;
    1854 : F2F2F2;
    1855 : F2F2F2;
    1856 : F2F2F2;
    1857 : F2F2F2;
    1858 : F2F2F2;
    1859 : F2F2F2;
    185A : F2F2F2;
    185B : F2F2F2;
    185C : F2F2F2;
    185D : F2F2F2;
    185E : F2F2F2;
    185F : F2F2F2;
    1860 : F2F2F2;
    1861 : F2F2F2;
    1862 : F2F2F2;
    1863 : F2F2F2;
    1864 : F2F2F2;
    1865 : F2F2F2;
    1866 : F2F2F2;
    1867 : F2F2F2;
    1868 : E9E9E9;
    1869 : F5F5F5;
    186A : F4F4F4;
    186B : ECECEC;
    186C : FAFAFA;
    186D : FFFFFF;
    186E : DFDFDF;
    186F : A7A7A7;
    1870 : 2B2B2B;
    1871 : 090909;
    1872 : 0D0D0D;
    1873 : 474747;
    1874 : 7B7B7B;
    1875 : 838383;
    1876 : 7D7D7D;
    1877 : 808080;
    1878 : 7B7B7B;
    1879 : 767676;
    187A : 6B6B6B;
    187B : 737373;
    187C : 888888;
    187D : 8D8D8D;
    187E : 949494;
    187F : A1A1A1;
    1880 : 959595;
    1881 : 5D5D5D;
    1882 : 222222;
    1883 : 0A0A0A;
    1884 : 090909;
    1885 : 0A0A0A;
    1886 : 090909;
    1887 : 090909;
    1888 : 040402;
    1889 : 0B0D0A;
    188A : 0E0E0C;
    188B : 060604;
    188C : 020200;
    188D : 060604;
    188E : 080806;
    188F : 060606;
    1890 : 060606;
    1891 : 040404;
    1892 : 070707;
    1893 : 0C0C0C;
    1894 : 0A0A0A;
    1895 : 030303;
    1896 : 050304;
    1897 : 0C0C0C;
    1898 : 000000;
    1899 : 050505;
    189A : 090909;
    189B : 080808;
    189C : 070707;
    189D : 060606;
    189E : 050505;
    189F : 030303;
    18A0 : 050304;
    18A1 : 050505;
    18A2 : 070506;
    18A3 : 070707;
    18A4 : 090708;
    18A5 : 070707;
    18A6 : 070707;
    18A7 : 060606;
    18A8 : 0D0D0D;
    18A9 : 050505;
    18AA : 010101;
    18AB : 020202;
    18AC : 060606;
    18AD : 090909;
    18AE : 3A3A3A;
    18AF : 434343;
    18B0 : 505050;
    18B1 : F8F8F8;
    18B2 : F6F6F6;
    18B3 : E9E9E9;
    18B4 : FEFEFE;
    18B5 : E7E7E7;
    18B6 : F8F8F8;
    18B7 : F4F4F4;
    18B8 : F2F2F2;
    18B9 : F2F2F2;
    18BA : F2F2F2;
    18BB : F2F2F2;
    18BC : F2F2F2;
    18BD : F2F2F2;
    18BE : F2F2F2;
    18BF : F2F2F2;
    18C0 : F2F2F2;
    18C1 : F2F2F2;
    18C2 : F2F2F2;
    18C3 : F2F2F2;
    18C4 : F2F2F2;
    18C5 : F2F2F2;
    18C6 : F2F2F2;
    18C7 : F2F2F2;
    18C8 : F2F2F2;
    18C9 : F2F2F2;
    18CA : F2F2F2;
    18CB : F2F2F2;
    18CC : F2F2F2;
    18CD : F2F2F2;
    18CE : F2F2F2;
    18CF : F2F2F2;
    18D0 : F2F2F2;
    18D1 : F2F2F2;
    18D2 : F2F2F2;
    18D3 : F2F2F2;
    18D4 : F2F2F2;
    18D5 : F2F2F2;
    18D6 : F2F2F2;
    18D7 : F2F2F2;
    18D8 : F2F2F2;
    18D9 : F2F2F2;
    18DA : F2F2F2;
    18DB : F2F2F2;
    18DC : F2F2F2;
    18DD : F2F2F2;
    18DE : F2F2F2;
    18DF : F2F2F2;
    18E0 : F2F2F2;
    18E1 : F2F2F2;
    18E2 : F2F2F2;
    18E3 : F2F2F2;
    18E4 : F2F2F2;
    18E5 : F2F2F2;
    18E6 : F2F2F2;
    18E7 : F2F2F2;
    18E8 : F2F2F2;
    18E9 : F2F2F2;
    18EA : F2F2F2;
    18EB : F2F2F2;
    18EC : F2F2F2;
    18ED : F2F2F2;
    18EE : F2F2F2;
    18EF : F2F2F2;
    18F0 : F2F2F2;
    18F1 : F2F2F2;
    18F2 : F2F2F2;
    18F3 : F2F2F2;
    18F4 : F2F2F2;
    18F5 : F2F2F2;
    18F6 : F2F2F2;
    18F7 : F2F2F2;
    18F8 : F2F2F2;
    18F9 : F2F2F2;
    18FA : F2F2F2;
    18FB : F2F2F2;
    18FC : F2F2F2;
    18FD : F2F2F2;
    18FE : F2F2F2;
    18FF : F2F2F2;
    1900 : F2F2F2;
    1901 : F2F2F2;
    1902 : F2F2F2;
    1903 : F2F2F2;
    1904 : F2F2F2;
    1905 : F2F2F2;
    1906 : F2F2F2;
    1907 : F2F2F2;
    1908 : F2F2F2;
    1909 : F2F2F2;
    190A : F2F2F2;
    190B : F2F2F2;
    190C : F2F2F2;
    190D : F2F2F2;
    190E : F2F2F2;
    190F : F2F2F2;
    1910 : F2F2F2;
    1911 : F2F2F2;
    1912 : F2F2F2;
    1913 : F2F2F2;
    1914 : F2F2F2;
    1915 : F2F2F2;
    1916 : F2F2F2;
    1917 : F2F2F2;
    1918 : F2F2F2;
    1919 : F2F2F2;
    191A : F2F2F2;
    191B : F2F2F2;
    191C : F2F2F2;
    191D : F2F2F2;
    191E : F2F2F2;
    191F : F2F2F2;
    1920 : F2F2F2;
    1921 : F2F2F2;
    1922 : F2F2F2;
    1923 : F2F2F2;
    1924 : F2F2F2;
    1925 : F2F2F2;
    1926 : F2F2F2;
    1927 : F2F2F2;
    1928 : F2F2F2;
    1929 : F2F2F2;
    192A : F2F2F2;
    192B : F2F2F2;
    192C : F2F2F2;
    192D : F2F2F2;
    192E : F2F2F2;
    192F : F2F2F2;
    1930 : EEEEEE;
    1931 : FAFAFA;
    1932 : E9E9E9;
    1933 : F4F4F4;
    1934 : FFFFFF;
    1935 : B9B9B9;
    1936 : 353535;
    1937 : 000000;
    1938 : 2F2F2F;
    1939 : 555555;
    193A : 6E6E6E;
    193B : 606060;
    193C : 484848;
    193D : 3C3C3C;
    193E : 343434;
    193F : 2B2B2B;
    1940 : 313131;
    1941 : 303030;
    1942 : 2F2F2F;
    1943 : 303030;
    1944 : 363636;
    1945 : 414141;
    1946 : 4F4F4F;
    1947 : 585858;
    1948 : 6B6B6B;
    1949 : 929292;
    194A : 5E5E5E;
    194B : 000000;
    194C : 0F0F0F;
    194D : 0E0E0E;
    194E : 000000;
    194F : 131311;
    1950 : 050702;
    1951 : 030801;
    1952 : 050801;
    1953 : 050801;
    1954 : 050702;
    1955 : 050702;
    1956 : 060702;
    1957 : 060604;
    1958 : 060604;
    1959 : 010100;
    195A : 030102;
    195B : 0A0809;
    195C : 0C0A0D;
    195D : 080609;
    195E : 080307;
    195F : 080609;
    1960 : 050507;
    1961 : 0A0B0D;
    1962 : 070709;
    1963 : 040406;
    1964 : 090708;
    1965 : 070506;
    1966 : 030200;
    1967 : 0A0907;
    1968 : 090504;
    1969 : 0B0A08;
    196A : 0C0807;
    196B : 050402;
    196C : 070304;
    196D : 0A0809;
    196E : 0B090A;
    196F : 070506;
    1970 : 070707;
    1971 : 010101;
    1972 : 0F0F0F;
    1973 : 000000;
    1974 : 030303;
    1975 : 070707;
    1976 : 0C0C0C;
    1977 : 626262;
    1978 : 191919;
    1979 : D4D4D4;
    197A : FEFEFE;
    197B : EDEDED;
    197C : FCFCFC;
    197D : F7F7F7;
    197E : F3F3F3;
    197F : EAEAEA;
    1980 : F3F3F3;
    1981 : F4F4F4;
    1982 : F5F5F5;
    1983 : F5F5F5;
    1984 : F3F3F3;
    1985 : F0F0F0;
    1986 : EDEDED;
    1987 : EBEBEB;
    1988 : F0F0F0;
    1989 : F3F3F3;
    198A : F3F3F3;
    198B : F1F1F1;
    198C : F4F4F4;
    198D : F9F9F9;
    198E : F6F6F6;
    198F : EFEFEF;
    1990 : F4F4F4;
    1991 : F3F3F3;
    1992 : F3F3F3;
    1993 : F4F4F4;
    1994 : F1F1F1;
    1995 : EEEEEE;
    1996 : F2F2F2;
    1997 : F8F8F8;
    1998 : F2F2F2;
    1999 : F2F2F2;
    199A : F2F2F2;
    199B : F2F2F2;
    199C : F2F2F2;
    199D : F2F2F2;
    199E : F2F2F2;
    199F : F2F2F2;
    19A0 : F2F2F2;
    19A1 : F2F2F2;
    19A2 : F2F2F2;
    19A3 : F2F2F2;
    19A4 : F2F2F2;
    19A5 : F2F2F2;
    19A6 : F2F2F2;
    19A7 : F2F2F2;
    19A8 : F2F2F2;
    19A9 : F2F2F2;
    19AA : F2F2F2;
    19AB : F2F2F2;
    19AC : F2F2F2;
    19AD : F2F2F2;
    19AE : F2F2F2;
    19AF : F2F2F2;
    19B0 : F2F2F2;
    19B1 : F2F2F2;
    19B2 : F2F2F2;
    19B3 : F2F2F2;
    19B4 : F2F2F2;
    19B5 : F2F2F2;
    19B6 : F2F2F2;
    19B7 : F2F2F2;
    19B8 : F2F2F2;
    19B9 : F2F2F2;
    19BA : F2F2F2;
    19BB : F2F2F2;
    19BC : F2F2F2;
    19BD : F2F2F2;
    19BE : F2F2F2;
    19BF : F2F2F2;
    19C0 : F2F2F2;
    19C1 : F2F2F2;
    19C2 : F2F2F2;
    19C3 : F2F2F2;
    19C4 : F2F2F2;
    19C5 : F2F2F2;
    19C6 : F2F2F2;
    19C7 : F2F2F2;
    19C8 : F2F2F2;
    19C9 : F2F2F2;
    19CA : F2F2F2;
    19CB : F2F2F2;
    19CC : F2F2F2;
    19CD : F2F2F2;
    19CE : F2F2F2;
    19CF : F2F2F2;
    19D0 : F2F2F2;
    19D1 : F2F2F2;
    19D2 : F2F2F2;
    19D3 : F2F2F2;
    19D4 : F2F2F2;
    19D5 : F2F2F2;
    19D6 : F2F2F2;
    19D7 : F2F2F2;
    19D8 : F2F2F2;
    19D9 : F2F2F2;
    19DA : F2F2F2;
    19DB : F2F2F2;
    19DC : F2F2F2;
    19DD : F2F2F2;
    19DE : F2F2F2;
    19DF : F2F2F2;
    19E0 : F2F2F2;
    19E1 : F2F2F2;
    19E2 : F2F2F2;
    19E3 : F2F2F2;
    19E4 : F2F2F2;
    19E5 : F2F2F2;
    19E6 : F2F2F2;
    19E7 : F2F2F2;
    19E8 : F2F2F2;
    19E9 : F2F2F2;
    19EA : F2F2F2;
    19EB : F2F2F2;
    19EC : F2F2F2;
    19ED : F2F2F2;
    19EE : F2F2F2;
    19EF : F2F2F2;
    19F0 : F2F2F2;
    19F1 : F2F2F2;
    19F2 : F2F2F2;
    19F3 : F2F2F2;
    19F4 : F2F2F2;
    19F5 : F2F2F2;
    19F6 : F2F2F2;
    19F7 : F2F2F2;
    19F8 : EEEEEE;
    19F9 : F4F4F4;
    19FA : FFFFFF;
    19FB : DCDCDC;
    19FC : 606060;
    19FD : 0B0B0B;
    19FE : 202020;
    19FF : 535353;
    1A00 : 454545;
    1A01 : 3C3C3C;
    1A02 : 2E2E2E;
    1A03 : 262626;
    1A04 : 292929;
    1A05 : 323232;
    1A06 : 383838;
    1A07 : 393939;
    1A08 : 3B3B3B;
    1A09 : 3D3D3D;
    1A0A : 3F3F3F;
    1A0B : 3E3E3E;
    1A0C : 3A3A3A;
    1A0D : 363636;
    1A0E : 343434;
    1A0F : 333333;
    1A10 : 424242;
    1A11 : 535353;
    1A12 : 464646;
    1A13 : 050505;
    1A14 : 0A0A0A;
    1A15 : 080808;
    1A16 : 010101;
    1A17 : 0A0A08;
    1A18 : 050801;
    1A19 : 030900;
    1A1A : 030900;
    1A1B : 030900;
    1A1C : 050801;
    1A1D : 050801;
    1A1E : 060702;
    1A1F : 060702;
    1A20 : 0A0A08;
    1A21 : 030301;
    1A22 : 030102;
    1A23 : 080607;
    1A24 : 0B090C;
    1A25 : 0A080B;
    1A26 : 0B060A;
    1A27 : 0B090C;
    1A28 : 08070C;
    1A29 : 090A0E;
    1A2A : 060608;
    1A2B : 070709;
    1A2C : 100E11;
    1A2D : 0F0D0E;
    1A2E : 080405;
    1A2F : 060201;
    1A30 : 060201;
    1A31 : 0A0605;
    1A32 : 0B0706;
    1A33 : 070302;
    1A34 : 070304;
    1A35 : 0B0708;
    1A36 : 080607;
    1A37 : 040203;
    1A38 : 070707;
    1A39 : 010101;
    1A3A : 0F0F0F;
    1A3B : 020202;
    1A3C : 060606;
    1A3D : 060606;
    1A3E : 060606;
    1A3F : 505050;
    1A40 : 171717;
    1A41 : B0B0B0;
    1A42 : FEFEFE;
    1A43 : E9E9E9;
    1A44 : EDEDED;
    1A45 : ECECEC;
    1A46 : EFEFEF;
    1A47 : F3F3F3;
    1A48 : F1F1F1;
    1A49 : EEEEEE;
    1A4A : EBEBEB;
    1A4B : EAEAEA;
    1A4C : ECECEC;
    1A4D : F2F2F2;
    1A4E : F9F9F9;
    1A4F : FDFDFD;
    1A50 : F1F1F1;
    1A51 : F3F3F3;
    1A52 : F0F0F0;
    1A53 : EAEAEA;
    1A54 : EAEAEA;
    1A55 : EFEFEF;
    1A56 : F2F2F2;
    1A57 : F1F1F1;
    1A58 : EEEEEE;
    1A59 : F0F0F0;
    1A5A : F1F1F1;
    1A5B : F3F3F3;
    1A5C : F8F8F8;
    1A5D : FBFBFB;
    1A5E : F4F4F4;
    1A5F : EAEAEA;
    1A60 : F2F2F2;
    1A61 : F2F2F2;
    1A62 : F2F2F2;
    1A63 : F2F2F2;
    1A64 : F2F2F2;
    1A65 : F2F2F2;
    1A66 : F2F2F2;
    1A67 : F2F2F2;
    1A68 : F2F2F2;
    1A69 : F2F2F2;
    1A6A : F2F2F2;
    1A6B : F2F2F2;
    1A6C : F2F2F2;
    1A6D : F2F2F2;
    1A6E : F2F2F2;
    1A6F : F2F2F2;
    1A70 : F2F2F2;
    1A71 : F2F2F2;
    1A72 : F2F2F2;
    1A73 : F2F2F2;
    1A74 : F2F2F2;
    1A75 : F2F2F2;
    1A76 : F2F2F2;
    1A77 : F2F2F2;
    1A78 : F2F2F2;
    1A79 : F2F2F2;
    1A7A : F2F2F2;
    1A7B : F2F2F2;
    1A7C : F2F2F2;
    1A7D : F2F2F2;
    1A7E : F2F2F2;
    1A7F : F2F2F2;
    1A80 : F2F2F2;
    1A81 : F2F2F2;
    1A82 : F2F2F2;
    1A83 : F2F2F2;
    1A84 : F2F2F2;
    1A85 : F2F2F2;
    1A86 : F2F2F2;
    1A87 : F2F2F2;
    1A88 : F2F2F2;
    1A89 : F2F2F2;
    1A8A : F2F2F2;
    1A8B : F2F2F2;
    1A8C : F2F2F2;
    1A8D : F2F2F2;
    1A8E : F2F2F2;
    1A8F : F2F2F2;
    1A90 : F2F2F2;
    1A91 : F2F2F2;
    1A92 : F2F2F2;
    1A93 : F2F2F2;
    1A94 : F2F2F2;
    1A95 : F2F2F2;
    1A96 : F2F2F2;
    1A97 : F2F2F2;
    1A98 : F2F2F2;
    1A99 : F2F2F2;
    1A9A : F2F2F2;
    1A9B : F2F2F2;
    1A9C : F2F2F2;
    1A9D : F2F2F2;
    1A9E : F2F2F2;
    1A9F : F2F2F2;
    1AA0 : F2F2F2;
    1AA1 : F2F2F2;
    1AA2 : F2F2F2;
    1AA3 : F2F2F2;
    1AA4 : F2F2F2;
    1AA5 : F2F2F2;
    1AA6 : F2F2F2;
    1AA7 : F2F2F2;
    1AA8 : F2F2F2;
    1AA9 : F2F2F2;
    1AAA : F2F2F2;
    1AAB : F2F2F2;
    1AAC : F2F2F2;
    1AAD : F2F2F2;
    1AAE : F2F2F2;
    1AAF : F2F2F2;
    1AB0 : F2F2F2;
    1AB1 : F2F2F2;
    1AB2 : F2F2F2;
    1AB3 : F2F2F2;
    1AB4 : F2F2F2;
    1AB5 : F2F2F2;
    1AB6 : F2F2F2;
    1AB7 : F2F2F2;
    1AB8 : F2F2F2;
    1AB9 : F2F2F2;
    1ABA : F2F2F2;
    1ABB : F2F2F2;
    1ABC : F2F2F2;
    1ABD : F2F2F2;
    1ABE : F2F2F2;
    1ABF : F2F2F2;
    1AC0 : FDFDFD;
    1AC1 : F6F6F6;
    1AC2 : A6A6A6;
    1AC3 : 2E2E2E;
    1AC4 : 000000;
    1AC5 : 222222;
    1AC6 : 353535;
    1AC7 : 1E1E1E;
    1AC8 : 131313;
    1AC9 : 080808;
    1ACA : 030303;
    1ACB : 050505;
    1ACC : 040404;
    1ACD : 000000;
    1ACE : 040404;
    1ACF : 0D0D0D;
    1AD0 : 1C1C1C;
    1AD1 : 232323;
    1AD2 : 2D2D2D;
    1AD3 : 343434;
    1AD4 : 363636;
    1AD5 : 363636;
    1AD6 : 343434;
    1AD7 : 343434;
    1AD8 : 2E2E2E;
    1AD9 : 252525;
    1ADA : 393939;
    1ADB : 161616;
    1ADC : 030303;
    1ADD : 010101;
    1ADE : 0A0A0A;
    1ADF : 020200;
    1AE0 : 050702;
    1AE1 : 050801;
    1AE2 : 050801;
    1AE3 : 050801;
    1AE4 : 050702;
    1AE5 : 050702;
    1AE6 : 050704;
    1AE7 : 050704;
    1AE8 : 080A09;
    1AE9 : 040605;
    1AEA : 050507;
    1AEB : 08080A;
    1AEC : 09090B;
    1AED : 070709;
    1AEE : 060409;
    1AEF : 06050A;
    1AF0 : 08090D;
    1AF1 : 06070B;
    1AF2 : 040308;
    1AF3 : 030305;
    1AF4 : 050507;
    1AF5 : 060606;
    1AF6 : 070506;
    1AF7 : 080607;
    1AF8 : 040203;
    1AF9 : 080607;
    1AFA : 090708;
    1AFB : 070506;
    1AFC : 070506;
    1AFD : 090708;
    1AFE : 080609;
    1AFF : 040205;
    1B00 : 060606;
    1B01 : 010101;
    1B02 : 0E0E0E;
    1B03 : 060606;
    1B04 : 0A0A0A;
    1B05 : 060606;
    1B06 : 000000;
    1B07 : 373737;
    1B08 : 222222;
    1B09 : 7C7C7C;
    1B0A : FAFAFA;
    1B0B : EDEDED;
    1B0C : F4F4F4;
    1B0D : F8F8F8;
    1B0E : F1F1F1;
    1B0F : F5F5F5;
    1B10 : F0F0F0;
    1B11 : F1F1F1;
    1B12 : F2F2F2;
    1B13 : F2F2F2;
    1B14 : F0F0F0;
    1B15 : EEEEEE;
    1B16 : EBEBEB;
    1B17 : E9E9E9;
    1B18 : F1F1F1;
    1B19 : F5F5F5;
    1B1A : F6F6F6;
    1B1B : F1F1F1;
    1B1C : EDEDED;
    1B1D : EEEEEE;
    1B1E : F0F0F0;
    1B1F : F1F1F1;
    1B20 : F7F7F7;
    1B21 : FAFAFA;
    1B22 : F6F6F6;
    1B23 : EEEEEE;
    1B24 : F0F0F0;
    1B25 : F8F8F8;
    1B26 : F6F6F6;
    1B27 : EEEEEE;
    1B28 : F2F2F2;
    1B29 : F2F2F2;
    1B2A : F2F2F2;
    1B2B : F2F2F2;
    1B2C : F2F2F2;
    1B2D : F2F2F2;
    1B2E : F2F2F2;
    1B2F : F2F2F2;
    1B30 : F2F2F2;
    1B31 : F2F2F2;
    1B32 : F2F2F2;
    1B33 : F2F2F2;
    1B34 : F2F2F2;
    1B35 : F2F2F2;
    1B36 : F2F2F2;
    1B37 : F2F2F2;
    1B38 : F2F2F2;
    1B39 : F2F2F2;
    1B3A : F2F2F2;
    1B3B : F2F2F2;
    1B3C : F2F2F2;
    1B3D : F2F2F2;
    1B3E : F2F2F2;
    1B3F : F2F2F2;
    1B40 : F2F2F2;
    1B41 : F2F2F2;
    1B42 : F2F2F2;
    1B43 : F2F2F2;
    1B44 : F2F2F2;
    1B45 : F2F2F2;
    1B46 : F2F2F2;
    1B47 : F2F2F2;
    1B48 : F2F2F2;
    1B49 : F2F2F2;
    1B4A : F2F2F2;
    1B4B : F2F2F2;
    1B4C : F2F2F2;
    1B4D : F2F2F2;
    1B4E : F2F2F2;
    1B4F : F2F2F2;
    1B50 : F2F2F2;
    1B51 : F2F2F2;
    1B52 : F2F2F2;
    1B53 : F2F2F2;
    1B54 : F2F2F2;
    1B55 : F2F2F2;
    1B56 : F2F2F2;
    1B57 : F2F2F2;
    1B58 : F2F2F2;
    1B59 : F2F2F2;
    1B5A : F2F2F2;
    1B5B : F2F2F2;
    1B5C : F2F2F2;
    1B5D : F2F2F2;
    1B5E : F2F2F2;
    1B5F : F2F2F2;
    1B60 : F2F2F2;
    1B61 : F2F2F2;
    1B62 : F2F2F2;
    1B63 : F2F2F2;
    1B64 : F2F2F2;
    1B65 : F2F2F2;
    1B66 : F2F2F2;
    1B67 : F2F2F2;
    1B68 : F2F2F2;
    1B69 : F2F2F2;
    1B6A : F2F2F2;
    1B6B : F2F2F2;
    1B6C : F2F2F2;
    1B6D : F2F2F2;
    1B6E : F2F2F2;
    1B6F : F2F2F2;
    1B70 : F2F2F2;
    1B71 : F2F2F2;
    1B72 : F2F2F2;
    1B73 : F2F2F2;
    1B74 : F2F2F2;
    1B75 : F2F2F2;
    1B76 : F2F2F2;
    1B77 : F2F2F2;
    1B78 : F2F2F2;
    1B79 : F2F2F2;
    1B7A : F2F2F2;
    1B7B : F2F2F2;
    1B7C : F2F2F2;
    1B7D : F2F2F2;
    1B7E : F2F2F2;
    1B7F : F2F2F2;
    1B80 : F2F2F2;
    1B81 : F2F2F2;
    1B82 : F2F2F2;
    1B83 : F2F2F2;
    1B84 : F2F2F2;
    1B85 : F2F2F2;
    1B86 : F2F2F2;
    1B87 : F2F2F2;
    1B88 : EEEEEE;
    1B89 : 717171;
    1B8A : 0C0C0C;
    1B8B : 0E0E0E;
    1B8C : 272727;
    1B8D : 111111;
    1B8E : 000000;
    1B8F : 060606;
    1B90 : 000000;
    1B91 : 000000;
    1B92 : 0A0A0A;
    1B93 : 121212;
    1B94 : 0E0E0E;
    1B95 : 060606;
    1B96 : 070707;
    1B97 : 0E0E0E;
    1B98 : 000000;
    1B99 : 020202;
    1B9A : 0A0A0A;
    1B9B : 141414;
    1B9C : 202020;
    1B9D : 2C2C2C;
    1B9E : 383838;
    1B9F : 3F3F3F;
    1BA0 : 3B3B3B;
    1BA1 : 2E2E2E;
    1BA2 : 404040;
    1BA3 : 191919;
    1BA4 : 010101;
    1BA5 : 000000;
    1BA6 : 0C0C0C;
    1BA7 : 020200;
    1BA8 : 050702;
    1BA9 : 050801;
    1BAA : 050702;
    1BAB : 050702;
    1BAC : 050702;
    1BAD : 050704;
    1BAE : 050704;
    1BAF : 050704;
    1BB0 : 030504;
    1BB1 : 050706;
    1BB2 : 08090B;
    1BB3 : 090A0C;
    1BB4 : 070709;
    1BB5 : 020305;
    1BB6 : 020307;
    1BB7 : 040509;
    1BB8 : 020307;
    1BB9 : 030408;
    1BBA : 0A090E;
    1BBB : 09080D;
    1BBC : 010103;
    1BBD : 000002;
    1BBE : 060608;
    1BBF : 060606;
    1BC0 : 080609;
    1BC1 : 090708;
    1BC2 : 09070A;
    1BC3 : 080607;
    1BC4 : 080607;
    1BC5 : 090708;
    1BC6 : 09070A;
    1BC7 : 080609;
    1BC8 : 060606;
    1BC9 : 000000;
    1BCA : 090909;
    1BCB : 060606;
    1BCC : 0A0A0A;
    1BCD : 060606;
    1BCE : 000000;
    1BCF : 222222;
    1BD0 : 2A2A2A;
    1BD1 : 575757;
    1BD2 : FAFAFA;
    1BD3 : F2F2F2;
    1BD4 : F4F4F4;
    1BD5 : F7F7F7;
    1BD6 : F0F0F0;
    1BD7 : FAFAFA;
    1BD8 : F5F5F5;
    1BD9 : F7F7F7;
    1BDA : FAFAFA;
    1BDB : FCFCFC;
    1BDC : FCFCFC;
    1BDD : F9F9F9;
    1BDE : F5F5F5;
    1BDF : F3F3F3;
    1BE0 : EAEAEA;
    1BE1 : EDEDED;
    1BE2 : F0F0F0;
    1BE3 : F0F0F0;
    1BE4 : F2F2F2;
    1BE5 : F6F6F6;
    1BE6 : F9F9F9;
    1BE7 : FBFBFB;
    1BE8 : F0F0F0;
    1BE9 : F5F5F5;
    1BEA : F7F7F7;
    1BEB : F2F2F2;
    1BEC : EBEBEB;
    1BED : EBEBEB;
    1BEE : F2F2F2;
    1BEF : FAFAFA;
    1BF0 : F2F2F2;
    1BF1 : F2F2F2;
    1BF2 : F2F2F2;
    1BF3 : F2F2F2;
    1BF4 : F2F2F2;
    1BF5 : F2F2F2;
    1BF6 : F2F2F2;
    1BF7 : F2F2F2;
    1BF8 : F2F2F2;
    1BF9 : F2F2F2;
    1BFA : F2F2F2;
    1BFB : F2F2F2;
    1BFC : F2F2F2;
    1BFD : F2F2F2;
    1BFE : F2F2F2;
    1BFF : F2F2F2;
    1C00 : F2F2F2;
    1C01 : F2F2F2;
    1C02 : F2F2F2;
    1C03 : F2F2F2;
    1C04 : F2F2F2;
    1C05 : F2F2F2;
    1C06 : F2F2F2;
    1C07 : F2F2F2;
    1C08 : F2F2F2;
    1C09 : F2F2F2;
    1C0A : F2F2F2;
    1C0B : F2F2F2;
    1C0C : F2F2F2;
    1C0D : F2F2F2;
    1C0E : F2F2F2;
    1C0F : F2F2F2;
    1C10 : F2F2F2;
    1C11 : F2F2F2;
    1C12 : F2F2F2;
    1C13 : F2F2F2;
    1C14 : F2F2F2;
    1C15 : F2F2F2;
    1C16 : F2F2F2;
    1C17 : F2F2F2;
    1C18 : F2F2F2;
    1C19 : F2F2F2;
    1C1A : F2F2F2;
    1C1B : F2F2F2;
    1C1C : F2F2F2;
    1C1D : F2F2F2;
    1C1E : F2F2F2;
    1C1F : F2F2F2;
    1C20 : F2F2F2;
    1C21 : F2F2F2;
    1C22 : F2F2F2;
    1C23 : F2F2F2;
    1C24 : F2F2F2;
    1C25 : F2F2F2;
    1C26 : F2F2F2;
    1C27 : F2F2F2;
    1C28 : F2F2F2;
    1C29 : F2F2F2;
    1C2A : F2F2F2;
    1C2B : F2F2F2;
    1C2C : F2F2F2;
    1C2D : F2F2F2;
    1C2E : F2F2F2;
    1C2F : F2F2F2;
    1C30 : F2F2F2;
    1C31 : F2F2F2;
    1C32 : F2F2F2;
    1C33 : F2F2F2;
    1C34 : F2F2F2;
    1C35 : F2F2F2;
    1C36 : F2F2F2;
    1C37 : F2F2F2;
    1C38 : F2F2F2;
    1C39 : F2F2F2;
    1C3A : F2F2F2;
    1C3B : F2F2F2;
    1C3C : F2F2F2;
    1C3D : F2F2F2;
    1C3E : F2F2F2;
    1C3F : F2F2F2;
    1C40 : F2F2F2;
    1C41 : F2F2F2;
    1C42 : F2F2F2;
    1C43 : F2F2F2;
    1C44 : F2F2F2;
    1C45 : F2F2F2;
    1C46 : F2F2F2;
    1C47 : F2F2F2;
    1C48 : F2F2F2;
    1C49 : F2F2F2;
    1C4A : F2F2F2;
    1C4B : F2F2F2;
    1C4C : F2F2F2;
    1C4D : F2F2F2;
    1C4E : F2F2F2;
    1C4F : F2F2F2;
    1C50 : 464646;
    1C51 : 000000;
    1C52 : 000000;
    1C53 : 0D0D0D;
    1C54 : 000000;
    1C55 : 030303;
    1C56 : 1C1C1C;
    1C57 : 000000;
    1C58 : 0D0D0D;
    1C59 : 0B0B0B;
    1C5A : 030303;
    1C5B : 000000;
    1C5C : 000000;
    1C5D : 050505;
    1C5E : 050505;
    1C5F : 000000;
    1C60 : 060606;
    1C61 : 050505;
    1C62 : 030303;
    1C63 : 030303;
    1C64 : 060606;
    1C65 : 0F0F0F;
    1C66 : 1A1A1A;
    1C67 : 212121;
    1C68 : 363636;
    1C69 : 3C3C3C;
    1C6A : 404040;
    1C6B : 0C0C0C;
    1C6C : 050505;
    1C6D : 060606;
    1C6E : 080808;
    1C6F : 050505;
    1C70 : 060604;
    1C71 : 060702;
    1C72 : 060604;
    1C73 : 060604;
    1C74 : 050704;
    1C75 : 050706;
    1C76 : 050706;
    1C77 : 050706;
    1C78 : 000405;
    1C79 : 05090A;
    1C7A : 070B0C;
    1C7B : 030708;
    1C7C : 020307;
    1C7D : 04080B;
    1C7E : 101417;
    1C7F : 191D20;
    1C80 : 0F1012;
    1C81 : 070709;
    1C82 : 0B0B0D;
    1C83 : 0F0F11;
    1C84 : 08070C;
    1C85 : 09080D;
    1C86 : 0A090E;
    1C87 : 000002;
    1C88 : 09080D;
    1C89 : 070709;
    1C8A : 050409;
    1C8B : 050507;
    1C8C : 050507;
    1C8D : 050507;
    1C8E : 070709;
    1C8F : 09090B;
    1C90 : 070707;
    1C91 : 000000;
    1C92 : 040404;
    1C93 : 050505;
    1C94 : 080808;
    1C95 : 050505;
    1C96 : 020202;
    1C97 : 161616;
    1C98 : 2A2A2A;
    1C99 : 515151;
    1C9A : FCFCFC;
    1C9B : FCFCFC;
    1C9C : EFEFEF;
    1C9D : E0E0E0;
    1C9E : D0D0D0;
    1C9F : D6D6D6;
    1CA0 : C1C1C1;
    1CA1 : BFBFBF;
    1CA2 : BDBDBD;
    1CA3 : C0C0C0;
    1CA4 : C8C8C8;
    1CA5 : D5D5D5;
    1CA6 : E3E3E3;
    1CA7 : ECECEC;
    1CA8 : FEFEFE;
    1CA9 : FDFDFD;
    1CAA : FCFCFC;
    1CAB : FBFBFB;
    1CAC : F8F8F8;
    1CAD : F1F1F1;
    1CAE : EAEAEA;
    1CAF : E5E5E5;
    1CB0 : E8E8E8;
    1CB1 : E7E7E7;
    1CB2 : EFEFEF;
    1CB3 : F9F9F9;
    1CB4 : F7F7F7;
    1CB5 : EDEDED;
    1CB6 : EEEEEE;
    1CB7 : F8F8F8;
    1CB8 : F2F2F2;
    1CB9 : F2F2F2;
    1CBA : F2F2F2;
    1CBB : F2F2F2;
    1CBC : F2F2F2;
    1CBD : F2F2F2;
    1CBE : F2F2F2;
    1CBF : F2F2F2;
    1CC0 : F2F2F2;
    1CC1 : F2F2F2;
    1CC2 : F2F2F2;
    1CC3 : F2F2F2;
    1CC4 : F2F2F2;
    1CC5 : F2F2F2;
    1CC6 : F2F2F2;
    1CC7 : F2F2F2;
    1CC8 : F2F2F2;
    1CC9 : F2F2F2;
    1CCA : F2F2F2;
    1CCB : F2F2F2;
    1CCC : F2F2F2;
    1CCD : F2F2F2;
    1CCE : F2F2F2;
    1CCF : F2F2F2;
    1CD0 : F2F2F2;
    1CD1 : F2F2F2;
    1CD2 : F2F2F2;
    1CD3 : F2F2F2;
    1CD4 : F2F2F2;
    1CD5 : F2F2F2;
    1CD6 : F2F2F2;
    1CD7 : F2F2F2;
    1CD8 : F2F2F2;
    1CD9 : F2F2F2;
    1CDA : F2F2F2;
    1CDB : F2F2F2;
    1CDC : F2F2F2;
    1CDD : F2F2F2;
    1CDE : F2F2F2;
    1CDF : F2F2F2;
    1CE0 : F2F2F2;
    1CE1 : F2F2F2;
    1CE2 : F2F2F2;
    1CE3 : F2F2F2;
    1CE4 : F2F2F2;
    1CE5 : F2F2F2;
    1CE6 : F2F2F2;
    1CE7 : F2F2F2;
    1CE8 : F2F2F2;
    1CE9 : F2F2F2;
    1CEA : F2F2F2;
    1CEB : F2F2F2;
    1CEC : F2F2F2;
    1CED : F2F2F2;
    1CEE : F2F2F2;
    1CEF : F2F2F2;
    1CF0 : F2F2F2;
    1CF1 : F2F2F2;
    1CF2 : F2F2F2;
    1CF3 : F2F2F2;
    1CF4 : F2F2F2;
    1CF5 : F2F2F2;
    1CF6 : F2F2F2;
    1CF7 : F2F2F2;
    1CF8 : F2F2F2;
    1CF9 : F2F2F2;
    1CFA : F2F2F2;
    1CFB : F2F2F2;
    1CFC : F2F2F2;
    1CFD : F2F2F2;
    1CFE : F2F2F2;
    1CFF : F2F2F2;
    1D00 : F2F2F2;
    1D01 : F2F2F2;
    1D02 : F2F2F2;
    1D03 : F2F2F2;
    1D04 : F2F2F2;
    1D05 : F2F2F2;
    1D06 : F2F2F2;
    1D07 : F2F2F2;
    1D08 : F2F2F2;
    1D09 : F2F2F2;
    1D0A : F2F2F2;
    1D0B : F2F2F2;
    1D0C : F2F2F2;
    1D0D : F2F2F2;
    1D0E : F2F2F2;
    1D0F : F2F2F2;
    1D10 : F2F2F2;
    1D11 : F2F2F2;
    1D12 : F2F2F2;
    1D13 : F2F2F2;
    1D14 : F2F2F2;
    1D15 : F2F2F2;
    1D16 : F2F2F2;
    1D17 : F2F2F2;
    1D18 : CBCBCB;
    1D19 : 919191;
    1D1A : 6B6B6B;
    1D1B : 444444;
    1D1C : 0D0D0D;
    1D1D : 020202;
    1D1E : 0A0A0A;
    1D1F : 000000;
    1D20 : 060606;
    1D21 : 0D0D0D;
    1D22 : 0E0E0E;
    1D23 : 090909;
    1D24 : 080808;
    1D25 : 0D0D0D;
    1D26 : 0B0B0B;
    1D27 : 040404;
    1D28 : 0C0C0C;
    1D29 : 0B0B0B;
    1D2A : 080808;
    1D2B : 040404;
    1D2C : 010101;
    1D2D : 010101;
    1D2E : 040404;
    1D2F : 070707;
    1D30 : 141414;
    1D31 : 272727;
    1D32 : 2C2C2C;
    1D33 : 000000;
    1D34 : 0A0A0A;
    1D35 : 0B0B0B;
    1D36 : 050505;
    1D37 : 080808;
    1D38 : 060606;
    1D39 : 060604;
    1D3A : 060606;
    1D3B : 060606;
    1D3C : 050706;
    1D3D : 050706;
    1D3E : 050706;
    1D3F : 050706;
    1D40 : 060A0B;
    1D41 : 060A0B;
    1D42 : 030708;
    1D43 : 000203;
    1D44 : 03070A;
    1D45 : 15191C;
    1D46 : 292E31;
    1D47 : 373B3E;
    1D48 : 39393B;
    1D49 : 171719;
    1D4A : 060608;
    1D4B : 000002;
    1D4C : 000004;
    1D4D : 07060B;
    1D4E : 111216;
    1D4F : 020307;
    1D50 : 07080C;
    1D51 : 030408;
    1D52 : 030207;
    1D53 : 050409;
    1D54 : 050409;
    1D55 : 030305;
    1D56 : 040406;
    1D57 : 08080A;
    1D58 : 070707;
    1D59 : 010101;
    1D5A : 020202;
    1D5B : 060606;
    1D5C : 060606;
    1D5D : 050505;
    1D5E : 080808;
    1D5F : 0E0E0E;
    1D60 : 262626;
    1D61 : 1F1F1F;
    1D62 : 545454;
    1D63 : 303030;
    1D64 : 232323;
    1D65 : 202020;
    1D66 : 222222;
    1D67 : 262626;
    1D68 : 1A1A1A;
    1D69 : 191919;
    1D6A : 171717;
    1D6B : 181818;
    1D6C : 1C1C1C;
    1D6D : 232323;
    1D6E : 2B2B2B;
    1D6F : 2F2F2F;
    1D70 : 454545;
    1D71 : 616161;
    1D72 : 929292;
    1D73 : C6C6C6;
    1D74 : EBEBEB;
    1D75 : FAFAFA;
    1D76 : FFFFFF;
    1D77 : FFFFFF;
    1D78 : FFFFFF;
    1D79 : F5F5F5;
    1D7A : EDEDED;
    1D7B : F2F2F2;
    1D7C : F5F5F5;
    1D7D : F2F2F2;
    1D7E : F1F1F1;
    1D7F : F5F5F5;
    1D80 : F2F2F2;
    1D81 : F2F2F2;
    1D82 : F2F2F2;
    1D83 : F2F2F2;
    1D84 : F2F2F2;
    1D85 : F2F2F2;
    1D86 : F2F2F2;
    1D87 : F2F2F2;
    1D88 : F2F2F2;
    1D89 : F2F2F2;
    1D8A : F2F2F2;
    1D8B : F2F2F2;
    1D8C : F2F2F2;
    1D8D : F2F2F2;
    1D8E : F2F2F2;
    1D8F : F2F2F2;
    1D90 : F2F2F2;
    1D91 : F2F2F2;
    1D92 : F2F2F2;
    1D93 : F2F2F2;
    1D94 : F2F2F2;
    1D95 : F2F2F2;
    1D96 : F2F2F2;
    1D97 : F2F2F2;
    1D98 : F2F2F2;
    1D99 : F2F2F2;
    1D9A : F2F2F2;
    1D9B : F2F2F2;
    1D9C : F2F2F2;
    1D9D : F2F2F2;
    1D9E : F2F2F2;
    1D9F : F2F2F2;
    1DA0 : F2F2F2;
    1DA1 : F2F2F2;
    1DA2 : F2F2F2;
    1DA3 : F2F2F2;
    1DA4 : F2F2F2;
    1DA5 : F2F2F2;
    1DA6 : F2F2F2;
    1DA7 : F2F2F2;
    1DA8 : F2F2F2;
    1DA9 : F2F2F2;
    1DAA : F2F2F2;
    1DAB : F2F2F2;
    1DAC : F2F2F2;
    1DAD : F2F2F2;
    1DAE : F2F2F2;
    1DAF : F2F2F2;
    1DB0 : F2F2F2;
    1DB1 : F2F2F2;
    1DB2 : F2F2F2;
    1DB3 : F2F2F2;
    1DB4 : F2F2F2;
    1DB5 : F2F2F2;
    1DB6 : F2F2F2;
    1DB7 : F2F2F2;
    1DB8 : F2F2F2;
    1DB9 : F2F2F2;
    1DBA : F2F2F2;
    1DBB : F2F2F2;
    1DBC : F2F2F2;
    1DBD : F2F2F2;
    1DBE : F2F2F2;
    1DBF : F2F2F2;
    1DC0 : F2F2F2;
    1DC1 : F2F2F2;
    1DC2 : F2F2F2;
    1DC3 : F2F2F2;
    1DC4 : F2F2F2;
    1DC5 : F2F2F2;
    1DC6 : F2F2F2;
    1DC7 : F2F2F2;
    1DC8 : F2F2F2;
    1DC9 : F2F2F2;
    1DCA : F2F2F2;
    1DCB : F2F2F2;
    1DCC : F2F2F2;
    1DCD : F2F2F2;
    1DCE : F2F2F2;
    1DCF : F2F2F2;
    1DD0 : F2F2F2;
    1DD1 : F2F2F2;
    1DD2 : F2F2F2;
    1DD3 : F2F2F2;
    1DD4 : F2F2F2;
    1DD5 : F2F2F2;
    1DD6 : F2F2F2;
    1DD7 : F2F2F2;
    1DD8 : F2F2F2;
    1DD9 : F2F2F2;
    1DDA : F2F2F2;
    1DDB : F2F2F2;
    1DDC : F2F2F2;
    1DDD : F2F2F2;
    1DDE : F2F2F2;
    1DDF : F2F2F2;
    1DE0 : E9E9E9;
    1DE1 : FFFFFF;
    1DE2 : FFFFFF;
    1DE3 : F7F7F7;
    1DE4 : E0E0E0;
    1DE5 : A5A5A5;
    1DE6 : 595959;
    1DE7 : 2F2F2F;
    1DE8 : 030303;
    1DE9 : 000000;
    1DEA : 000000;
    1DEB : 030303;
    1DEC : 070707;
    1DED : 070707;
    1DEE : 080808;
    1DEF : 090909;
    1DF0 : 030303;
    1DF1 : 050505;
    1DF2 : 070707;
    1DF3 : 080808;
    1DF4 : 070707;
    1DF5 : 060606;
    1DF6 : 070707;
    1DF7 : 090909;
    1DF8 : 040404;
    1DF9 : 060606;
    1DFA : 161616;
    1DFB : 000000;
    1DFC : 090909;
    1DFD : 090909;
    1DFE : 060606;
    1DFF : 080808;
    1E00 : 060606;
    1E01 : 060606;
    1E02 : 060608;
    1E03 : 060608;
    1E04 : 060608;
    1E05 : 060608;
    1E06 : 050608;
    1E07 : 050608;
    1E08 : 070B0C;
    1E09 : 040809;
    1E0A : 000404;
    1E0B : 010707;
    1E0C : 13181B;
    1E0D : 2A2F32;
    1E0E : 373C3F;
    1E0F : 3A3E3F;
    1E10 : 464646;
    1E11 : 2D2B2C;
    1E12 : 252324;
    1E13 : 171516;
    1E14 : 000002;
    1E15 : 000004;
    1E16 : 101115;
    1E17 : 06090E;
    1E18 : 04070C;
    1E19 : 010409;
    1E1A : 05060B;
    1E1B : 0A0B0F;
    1E1C : 0A0B0F;
    1E1D : 05060A;
    1E1E : 040406;
    1E1F : 070709;
    1E20 : 070707;
    1E21 : 040404;
    1E22 : 040404;
    1E23 : 090909;
    1E24 : 060606;
    1E25 : 050505;
    1E26 : 0B0B0B;
    1E27 : 070707;
    1E28 : 050505;
    1E29 : 292929;
    1E2A : 434343;
    1E2B : 4D4D4D;
    1E2C : 646464;
    1E2D : 636363;
    1E2E : 5D5D5D;
    1E2F : 4A4A4A;
    1E30 : 515151;
    1E31 : 515151;
    1E32 : 515151;
    1E33 : 4E4E4E;
    1E34 : 474747;
    1E35 : 3D3D3D;
    1E36 : 343434;
    1E37 : 2E2E2E;
    1E38 : 1D1D1D;
    1E39 : 101010;
    1E3A : 030303;
    1E3B : 080808;
    1E3C : 262626;
    1E3D : 626262;
    1E3E : B0B0B0;
    1E3F : EAEAEA;
    1E40 : EDEDED;
    1E41 : F6F6F6;
    1E42 : F7F7F7;
    1E43 : EEEEEE;
    1E44 : EBEBEB;
    1E45 : F3F3F3;
    1E46 : F7F7F7;
    1E47 : F3F3F3;
    1E48 : F2F2F2;
    1E49 : F2F2F2;
    1E4A : F2F2F2;
    1E4B : F2F2F2;
    1E4C : F2F2F2;
    1E4D : F2F2F2;
    1E4E : F2F2F2;
    1E4F : F2F2F2;
    1E50 : F2F2F2;
    1E51 : F2F2F2;
    1E52 : F2F2F2;
    1E53 : F2F2F2;
    1E54 : F2F2F2;
    1E55 : F2F2F2;
    1E56 : F2F2F2;
    1E57 : F2F2F2;
    1E58 : F2F2F2;
    1E59 : F2F2F2;
    1E5A : F2F2F2;
    1E5B : F2F2F2;
    1E5C : F2F2F2;
    1E5D : F2F2F2;
    1E5E : F2F2F2;
    1E5F : F2F2F2;
    1E60 : F2F2F2;
    1E61 : F2F2F2;
    1E62 : F2F2F2;
    1E63 : F2F2F2;
    1E64 : F2F2F2;
    1E65 : F2F2F2;
    1E66 : F2F2F2;
    1E67 : F2F2F2;
    1E68 : F2F2F2;
    1E69 : F2F2F2;
    1E6A : F2F2F2;
    1E6B : F2F2F2;
    1E6C : F2F2F2;
    1E6D : F2F2F2;
    1E6E : F2F2F2;
    1E6F : F2F2F2;
    1E70 : F2F2F2;
    1E71 : F2F2F2;
    1E72 : F2F2F2;
    1E73 : F2F2F2;
    1E74 : F2F2F2;
    1E75 : F2F2F2;
    1E76 : F2F2F2;
    1E77 : F2F2F2;
    1E78 : F2F2F2;
    1E79 : F2F2F2;
    1E7A : F2F2F2;
    1E7B : F2F2F2;
    1E7C : F2F2F2;
    1E7D : F2F2F2;
    1E7E : F2F2F2;
    1E7F : F2F2F2;
    1E80 : F2F2F2;
    1E81 : F2F2F2;
    1E82 : F2F2F2;
    1E83 : F2F2F2;
    1E84 : F2F2F2;
    1E85 : F2F2F2;
    1E86 : F2F2F2;
    1E87 : F2F2F2;
    1E88 : F2F2F2;
    1E89 : F2F2F2;
    1E8A : F2F2F2;
    1E8B : F2F2F2;
    1E8C : F2F2F2;
    1E8D : F2F2F2;
    1E8E : F2F2F2;
    1E8F : F2F2F2;
    1E90 : F2F2F2;
    1E91 : F2F2F2;
    1E92 : F2F2F2;
    1E93 : F2F2F2;
    1E94 : F2F2F2;
    1E95 : F2F2F2;
    1E96 : F2F2F2;
    1E97 : F2F2F2;
    1E98 : F2F2F2;
    1E99 : F2F2F2;
    1E9A : F2F2F2;
    1E9B : F2F2F2;
    1E9C : F2F2F2;
    1E9D : F2F2F2;
    1E9E : F2F2F2;
    1E9F : F2F2F2;
    1EA0 : F2F2F2;
    1EA1 : F2F2F2;
    1EA2 : F2F2F2;
    1EA3 : F2F2F2;
    1EA4 : F2F2F2;
    1EA5 : F2F2F2;
    1EA6 : F2F2F2;
    1EA7 : F2F2F2;
    1EA8 : FAFAFA;
    1EA9 : E8E8E8;
    1EAA : EDEDED;
    1EAB : F2F2F2;
    1EAC : EEEEEE;
    1EAD : FFFFFF;
    1EAE : FFFFFF;
    1EAF : D7D7D7;
    1EB0 : 989898;
    1EB1 : 555555;
    1EB2 : 131313;
    1EB3 : 010101;
    1EB4 : 080808;
    1EB5 : 0A0A0A;
    1EB6 : 080808;
    1EB7 : 090909;
    1EB8 : 060606;
    1EB9 : 080808;
    1EBA : 080808;
    1EBB : 080808;
    1EBC : 070707;
    1EBD : 070707;
    1EBE : 080808;
    1EBF : 0A0A0A;
    1EC0 : 0E0E0E;
    1EC1 : 000000;
    1EC2 : 0D0D0D;
    1EC3 : 050505;
    1EC4 : 060606;
    1EC5 : 020202;
    1EC6 : 090909;
    1EC7 : 080808;
    1EC8 : 060608;
    1EC9 : 060608;
    1ECA : 060608;
    1ECB : 060608;
    1ECC : 060608;
    1ECD : 060608;
    1ECE : 050608;
    1ECF : 050608;
    1ED0 : 050608;
    1ED1 : 000405;
    1ED2 : 000304;
    1ED3 : 0B1111;
    1ED4 : 262A2B;
    1ED5 : 393F3F;
    1ED6 : 383C3F;
    1ED7 : 2C2D2F;
    1ED8 : 312D2C;
    1ED9 : 3E3936;
    1EDA : 5F5B5A;
    1EDB : 565455;
    1EDC : 1C1A1B;
    1EDD : 020204;
    1EDE : 08090D;
    1EDF : 000106;
    1EE0 : 04070C;
    1EE1 : 04070C;
    1EE2 : 0B0C11;
    1EE3 : 131418;
    1EE4 : 131418;
    1EE5 : 0B0C0E;
    1EE6 : 070709;
    1EE7 : 070709;
    1EE8 : 070707;
    1EE9 : 060606;
    1EEA : 060606;
    1EEB : 0D0D0D;
    1EEC : 070707;
    1EED : 040404;
    1EEE : 0C0C0C;
    1EEF : 020202;
    1EF0 : 171717;
    1EF1 : 616161;
    1EF2 : 555555;
    1EF3 : 494949;
    1EF4 : 3D3D3D;
    1EF5 : 282828;
    1EF6 : 3A3A3A;
    1EF7 : 3B3B3B;
    1EF8 : 323232;
    1EF9 : 2F2F2F;
    1EFA : 282828;
    1EFB : 212121;
    1EFC : 181818;
    1EFD : 111111;
    1EFE : 0C0C0C;
    1EFF : 090909;
    1F00 : 090909;
    1F01 : 0D0D0D;
    1F02 : 101010;
    1F03 : 0A0A0A;
    1F04 : 000000;
    1F05 : 000000;
    1F06 : 131313;
    1F07 : 2E2E2E;
    1F08 : 9D9D9D;
    1F09 : D7D7D7;
    1F0A : FFFFFF;
    1F0B : F8F8F8;
    1F0C : EDEDED;
    1F0D : F6F6F6;
    1F0E : F8F8F8;
    1F0F : EBEBEB;
    1F10 : F2F2F2;
    1F11 : F2F2F2;
    1F12 : F2F2F2;
    1F13 : F2F2F2;
    1F14 : F2F2F2;
    1F15 : F2F2F2;
    1F16 : F2F2F2;
    1F17 : F2F2F2;
    1F18 : F2F2F2;
    1F19 : F2F2F2;
    1F1A : F2F2F2;
    1F1B : F2F2F2;
    1F1C : F2F2F2;
    1F1D : F2F2F2;
    1F1E : F2F2F2;
    1F1F : F2F2F2;
    1F20 : F2F2F2;
    1F21 : F2F2F2;
    1F22 : F2F2F2;
    1F23 : F2F2F2;
    1F24 : F2F2F2;
    1F25 : F2F2F2;
    1F26 : F2F2F2;
    1F27 : F2F2F2;
    1F28 : F2F2F2;
    1F29 : F2F2F2;
    1F2A : F2F2F2;
    1F2B : F2F2F2;
    1F2C : F2F2F2;
    1F2D : F2F2F2;
    1F2E : F2F2F2;
    1F2F : F2F2F2;
    1F30 : F2F2F2;
    1F31 : F2F2F2;
    1F32 : F2F2F2;
    1F33 : F2F2F2;
    1F34 : F2F2F2;
    1F35 : F2F2F2;
    1F36 : F2F2F2;
    1F37 : F2F2F2;
    1F38 : F2F2F2;
    1F39 : F2F2F2;
    1F3A : F2F2F2;
    1F3B : F2F2F2;
    1F3C : F2F2F2;
    1F3D : F2F2F2;
    1F3E : F2F2F2;
    1F3F : F2F2F2;
    1F40 : F2F2F2;
    1F41 : F2F2F2;
    1F42 : F2F2F2;
    1F43 : F2F2F2;
    1F44 : F2F2F2;
    1F45 : F2F2F2;
    1F46 : F2F2F2;
    1F47 : F2F2F2;
    1F48 : F2F2F2;
    1F49 : F2F2F2;
    1F4A : F2F2F2;
    1F4B : F2F2F2;
    1F4C : F2F2F2;
    1F4D : F2F2F2;
    1F4E : F2F2F2;
    1F4F : F2F2F2;
    1F50 : F2F2F2;
    1F51 : F2F2F2;
    1F52 : F2F2F2;
    1F53 : F2F2F2;
    1F54 : F2F2F2;
    1F55 : F2F2F2;
    1F56 : F2F2F2;
    1F57 : F2F2F2;
    1F58 : F2F2F2;
    1F59 : F2F2F2;
    1F5A : F2F2F2;
    1F5B : F2F2F2;
    1F5C : F2F2F2;
    1F5D : F2F2F2;
    1F5E : F2F2F2;
    1F5F : F2F2F2;
    1F60 : F2F2F2;
    1F61 : F2F2F2;
    1F62 : F2F2F2;
    1F63 : F2F2F2;
    1F64 : F2F2F2;
    1F65 : F2F2F2;
    1F66 : F2F2F2;
    1F67 : F2F2F2;
    1F68 : F2F2F2;
    1F69 : F2F2F2;
    1F6A : F2F2F2;
    1F6B : F2F2F2;
    1F6C : F2F2F2;
    1F6D : F2F2F2;
    1F6E : F2F2F2;
    1F6F : F2F2F2;
    1F70 : F2F2F2;
    1F71 : F2F2F2;
    1F72 : F2F2F2;
    1F73 : F2F2F2;
    1F74 : F2F2F2;
    1F75 : F2F2F2;
    1F76 : F2F2F2;
    1F77 : F2F2F2;
    1F78 : FFFFFF;
    1F79 : FAFAFA;
    1F7A : D4D4D4;
    1F7B : 848484;
    1F7C : 2D2D2D;
    1F7D : 000000;
    1F7E : 000000;
    1F7F : 0E0E0E;
    1F80 : 040404;
    1F81 : 040404;
    1F82 : 080808;
    1F83 : 0D0D0D;
    1F84 : 0B0B0B;
    1F85 : 050505;
    1F86 : 060606;
    1F87 : 0C0C0C;
    1F88 : 050505;
    1F89 : 050505;
    1F8A : 050505;
    1F8B : 060606;
    1F8C : 060606;
    1F8D : 070707;
    1F8E : 070707;
    1F8F : 080808;
    1F90 : 010002;
    1F91 : 0D0B0E;
    1F92 : 121013;
    1F93 : 010002;
    1F94 : 060608;
    1F95 : 000002;
    1F96 : 040406;
    1F97 : 08080A;
    1F98 : 0C0C0C;
    1F99 : 000201;
    1F9A : 090B0A;
    1F9B : 131716;
    1F9C : 3B3D3C;
    1F9D : 3D4140;
    1F9E : 2A2B2D;
    1F9F : 393939;
    1FA0 : 3A3532;
    1FA1 : 5D5351;
    1FA2 : AAA2A0;
    1FA3 : 645F5C;
    1FA4 : 1C1A1B;
    1FA5 : 121214;
    1FA6 : 030408;
    1FA7 : 040509;
    1FA8 : 090C11;
    1FA9 : 000005;
    1FAA : 232428;
    1FAB : 3A3B3F;
    1FAC : 36353A;
    1FAD : 434345;
    1FAE : 010002;
    1FAF : 080607;
    1FB0 : 0B0B0B;
    1FB1 : 030303;
    1FB2 : 000000;
    1FB3 : 0D0D0D;
    1FB4 : 090909;
    1FB5 : 030303;
    1FB6 : 121212;
    1FB7 : 000000;
    1FB8 : 060606;
    1FB9 : 242424;
    1FBA : 363636;
    1FBB : 323232;
    1FBC : 343434;
    1FBD : 3D3D3D;
    1FBE : 343434;
    1FBF : 1D1D1D;
    1FC0 : 191919;
    1FC1 : 0D0D0D;
    1FC2 : 010101;
    1FC3 : 000000;
    1FC4 : 020202;
    1FC5 : 050505;
    1FC6 : 050505;
    1FC7 : 050505;
    1FC8 : 090909;
    1FC9 : 0A0A0A;
    1FCA : 0C0C0C;
    1FCB : 0D0D0D;
    1FCC : 0C0C0C;
    1FCD : 070707;
    1FCE : 010101;
    1FCF : 000000;
    1FD0 : 3F3F3F;
    1FD1 : CFCFCF;
    1FD2 : F9F9F9;
    1FD3 : EBEBEB;
    1FD4 : F2F2F2;
    1FD5 : EEEEEE;
    1FD6 : F3F3F3;
    1FD7 : F6F6F6;
    1FD8 : F2F2F2;
    1FD9 : F2F2F2;
    1FDA : F2F2F2;
    1FDB : F2F2F2;
    1FDC : F2F2F2;
    1FDD : F2F2F2;
    1FDE : F2F2F2;
    1FDF : F2F2F2;
    1FE0 : F2F2F2;
    1FE1 : F2F2F2;
    1FE2 : F2F2F2;
    1FE3 : F2F2F2;
    1FE4 : F2F2F2;
    1FE5 : F2F2F2;
    1FE6 : F2F2F2;
    1FE7 : F2F2F2;
    1FE8 : F2F2F2;
    1FE9 : F2F2F2;
    1FEA : F2F2F2;
    1FEB : F2F2F2;
    1FEC : F2F2F2;
    1FED : F2F2F2;
    1FEE : F2F2F2;
    1FEF : F2F2F2;
    1FF0 : F2F2F2;
    1FF1 : F2F2F2;
    1FF2 : F2F2F2;
    1FF3 : F2F2F2;
    1FF4 : F2F2F2;
    1FF5 : F2F2F2;
    1FF6 : F2F2F2;
    1FF7 : F2F2F2;
    1FF8 : F2F2F2;
    1FF9 : F2F2F2;
    1FFA : F2F2F2;
    1FFB : F2F2F2;
    1FFC : F2F2F2;
    1FFD : F2F2F2;
    1FFE : F2F2F2;
    1FFF : F2F2F2;
    2000 : F2F2F2;
    2001 : F2F2F2;
    2002 : F2F2F2;
    2003 : F2F2F2;
    2004 : F2F2F2;
    2005 : F2F2F2;
    2006 : F2F2F2;
    2007 : F2F2F2;
    2008 : F2F2F2;
    2009 : F2F2F2;
    200A : F2F2F2;
    200B : F2F2F2;
    200C : F2F2F2;
    200D : F2F2F2;
    200E : F2F2F2;
    200F : F2F2F2;
    2010 : F2F2F2;
    2011 : F2F2F2;
    2012 : F2F2F2;
    2013 : F2F2F2;
    2014 : F2F2F2;
    2015 : F2F2F2;
    2016 : F2F2F2;
    2017 : F2F2F2;
    2018 : F2F2F2;
    2019 : F2F2F2;
    201A : F2F2F2;
    201B : F2F2F2;
    201C : F2F2F2;
    201D : F2F2F2;
    201E : F2F2F2;
    201F : F2F2F2;
    2020 : F2F2F2;
    2021 : F2F2F2;
    2022 : F2F2F2;
    2023 : F2F2F2;
    2024 : F2F2F2;
    2025 : F2F2F2;
    2026 : F2F2F2;
    2027 : F2F2F2;
    2028 : F2F2F2;
    2029 : F2F2F2;
    202A : F2F2F2;
    202B : F2F2F2;
    202C : F2F2F2;
    202D : F2F2F2;
    202E : F2F2F2;
    202F : F2F2F2;
    2030 : F2F2F2;
    2031 : F2F2F2;
    2032 : F2F2F2;
    2033 : F2F2F2;
    2034 : F2F2F2;
    2035 : F2F2F2;
    2036 : F2F2F2;
    2037 : F2F2F2;
    2038 : F2F2F2;
    2039 : F2F2F2;
    203A : F2F2F2;
    203B : F2F2F2;
    203C : F2F2F2;
    203D : F2F2F2;
    203E : F2F2F2;
    203F : F2F2F2;
    2040 : EDEDED;
    2041 : E9E9E9;
    2042 : F5F5F5;
    2043 : FFFFFF;
    2044 : E6E6E6;
    2045 : 909090;
    2046 : 303030;
    2047 : 000000;
    2048 : 0B0B0B;
    2049 : 0F0F0F;
    204A : 090909;
    204B : 000000;
    204C : 000000;
    204D : 080808;
    204E : 090909;
    204F : 000000;
    2050 : 040404;
    2051 : 050505;
    2052 : 050505;
    2053 : 050505;
    2054 : 060606;
    2055 : 060606;
    2056 : 070707;
    2057 : 070707;
    2058 : 09070A;
    2059 : 030104;
    205A : 010002;
    205B : 060407;
    205C : 1A1A1C;
    205D : 3D3D3F;
    205E : 1B1B1D;
    205F : 000000;
    2060 : 040203;
    2061 : 111111;
    2062 : 000000;
    2063 : 40403E;
    2064 : 3B3B3B;
    2065 : 21211F;
    2066 : 434341;
    2067 : 35312E;
    2068 : 776E69;
    2069 : A89D97;
    206A : 49403B;
    206B : 241C19;
    206C : 928E8D;
    206D : 1F1D1E;
    206E : 101012;
    206F : 020307;
    2070 : 020308;
    2071 : 24282B;
    2072 : 212226;
    2073 : 3B3B3D;
    2074 : 3C3C3E;
    2075 : 312F30;
    2076 : 757374;
    2077 : 32312F;
    2078 : 000000;
    2079 : 141414;
    207A : 090909;
    207B : 010101;
    207C : 0F0F0F;
    207D : 040404;
    207E : 000000;
    207F : 171717;
    2080 : 020202;
    2081 : 1C1C1C;
    2082 : 2F2F2F;
    2083 : 282828;
    2084 : 151515;
    2085 : 0A0A0A;
    2086 : 070707;
    2087 : 060606;
    2088 : 070707;
    2089 : 040404;
    208A : 040404;
    208B : 080808;
    208C : 0B0B0B;
    208D : 090909;
    208E : 070707;
    208F : 070707;
    2090 : 0E0E0E;
    2091 : 000000;
    2092 : 000000;
    2093 : 080808;
    2094 : 000000;
    2095 : 000000;
    2096 : 4C4C4C;
    2097 : B5B5B5;
    2098 : E8E8E8;
    2099 : FFFFFF;
    209A : F4F4F4;
    209B : EDEDED;
    209C : FEFEFE;
    209D : F1F1F1;
    209E : ECECEC;
    209F : F1F1F1;
    20A0 : F2F2F2;
    20A1 : F2F2F2;
    20A2 : F2F2F2;
    20A3 : F2F2F2;
    20A4 : F2F2F2;
    20A5 : F2F2F2;
    20A6 : F2F2F2;
    20A7 : F2F2F2;
    20A8 : F2F2F2;
    20A9 : F2F2F2;
    20AA : F2F2F2;
    20AB : F2F2F2;
    20AC : F2F2F2;
    20AD : F2F2F2;
    20AE : F2F2F2;
    20AF : F2F2F2;
    20B0 : F2F2F2;
    20B1 : F2F2F2;
    20B2 : F2F2F2;
    20B3 : F2F2F2;
    20B4 : F2F2F2;
    20B5 : F2F2F2;
    20B6 : F2F2F2;
    20B7 : F2F2F2;
    20B8 : F2F2F2;
    20B9 : F2F2F2;
    20BA : F2F2F2;
    20BB : F2F2F2;
    20BC : F2F2F2;
    20BD : F2F2F2;
    20BE : F2F2F2;
    20BF : F2F2F2;
    20C0 : F2F2F2;
    20C1 : F2F2F2;
    20C2 : F2F2F2;
    20C3 : F2F2F2;
    20C4 : F2F2F2;
    20C5 : F2F2F2;
    20C6 : F2F2F2;
    20C7 : F2F2F2;
    20C8 : F2F2F2;
    20C9 : F2F2F2;
    20CA : F2F2F2;
    20CB : F2F2F2;
    20CC : F2F2F2;
    20CD : F2F2F2;
    20CE : F2F2F2;
    20CF : F2F2F2;
    20D0 : F2F2F2;
    20D1 : F2F2F2;
    20D2 : F2F2F2;
    20D3 : F2F2F2;
    20D4 : F2F2F2;
    20D5 : F2F2F2;
    20D6 : F2F2F2;
    20D7 : F2F2F2;
    20D8 : F2F2F2;
    20D9 : F2F2F2;
    20DA : F2F2F2;
    20DB : F2F2F2;
    20DC : F2F2F2;
    20DD : F2F2F2;
    20DE : F2F2F2;
    20DF : F2F2F2;
    20E0 : F2F2F2;
    20E1 : F2F2F2;
    20E2 : F2F2F2;
    20E3 : F2F2F2;
    20E4 : F2F2F2;
    20E5 : F2F2F2;
    20E6 : F2F2F2;
    20E7 : F2F2F2;
    20E8 : F2F2F2;
    20E9 : F2F2F2;
    20EA : F2F2F2;
    20EB : F2F2F2;
    20EC : F2F2F2;
    20ED : F2F2F2;
    20EE : F2F2F2;
    20EF : F2F2F2;
    20F0 : F2F2F2;
    20F1 : F2F2F2;
    20F2 : F2F2F2;
    20F3 : F2F2F2;
    20F4 : F2F2F2;
    20F5 : F2F2F2;
    20F6 : F2F2F2;
    20F7 : F2F2F2;
    20F8 : F2F2F2;
    20F9 : F2F2F2;
    20FA : F2F2F2;
    20FB : F2F2F2;
    20FC : F2F2F2;
    20FD : F2F2F2;
    20FE : F2F2F2;
    20FF : F2F2F2;
    2100 : F2F2F2;
    2101 : F2F2F2;
    2102 : F2F2F2;
    2103 : F2F2F2;
    2104 : F2F2F2;
    2105 : F2F2F2;
    2106 : F2F2F2;
    2107 : F2F2F2;
    2108 : ECECEC;
    2109 : FCFCFC;
    210A : F6F6F6;
    210B : E4E4E4;
    210C : F1F1F1;
    210D : FFFFFF;
    210E : DDDDDD;
    210F : 9E9E9E;
    2110 : 0A0A0A;
    2111 : 000000;
    2112 : 050505;
    2113 : 131313;
    2114 : 0F0F0F;
    2115 : 000000;
    2116 : 020202;
    2117 : 161616;
    2118 : 040404;
    2119 : 040404;
    211A : 040404;
    211B : 050505;
    211C : 050505;
    211D : 050505;
    211E : 060606;
    211F : 060606;
    2120 : 0B0B0B;
    2121 : 020202;
    2122 : 020001;
    2123 : 1C1A1B;
    2124 : 5A5859;
    2125 : 5A5859;
    2126 : 141213;
    2127 : 060503;
    2128 : 080403;
    2129 : 0C0807;
    212A : 1E1A19;
    212B : 4D4946;
    212C : 2D2727;
    212D : 3D3835;
    212E : 35302D;
    212F : 847D77;
    2130 : 988B83;
    2131 : 36281F;
    2132 : 53463E;
    2133 : A39A95;
    2134 : 77726F;
    2135 : 030000;
    2136 : 121214;
    2137 : 030406;
    2138 : 06070B;
    2139 : 26272B;
    213A : 414045;
    213B : 343436;
    213C : 444243;
    213D : 908C8B;
    213E : 9E9996;
    213F : 7E7A77;
    2140 : 161513;
    2141 : 040404;
    2142 : 050505;
    2143 : 020202;
    2144 : 010101;
    2145 : 111111;
    2146 : 0D0D0D;
    2147 : 000000;
    2148 : 000000;
    2149 : 000000;
    214A : 050505;
    214B : 0B0B0B;
    214C : 090909;
    214D : 040404;
    214E : 040404;
    214F : 090909;
    2150 : 030303;
    2151 : 060606;
    2152 : 0B0B0B;
    2153 : 0D0D0D;
    2154 : 080808;
    2155 : 020202;
    2156 : 030303;
    2157 : 0A0A0A;
    2158 : 000000;
    2159 : 141414;
    215A : 131313;
    215B : 131313;
    215C : 555555;
    215D : C1C1C1;
    215E : F9F9F9;
    215F : F3F3F3;
    2160 : FAFAFA;
    2161 : F6F6F6;
    2162 : E0E0E0;
    2163 : EBEBEB;
    2164 : F8F8F8;
    2165 : ECECEC;
    2166 : F0F0F0;
    2167 : FAFAFA;
    2168 : F2F2F2;
    2169 : F2F2F2;
    216A : F2F2F2;
    216B : F2F2F2;
    216C : F2F2F2;
    216D : F2F2F2;
    216E : F2F2F2;
    216F : F2F2F2;
    2170 : F2F2F2;
    2171 : F2F2F2;
    2172 : F2F2F2;
    2173 : F2F2F2;
    2174 : F2F2F2;
    2175 : F2F2F2;
    2176 : F2F2F2;
    2177 : F2F2F2;
    2178 : F2F2F2;
    2179 : F2F2F2;
    217A : F2F2F2;
    217B : F2F2F2;
    217C : F2F2F2;
    217D : F2F2F2;
    217E : F2F2F2;
    217F : F2F2F2;
    2180 : F2F2F2;
    2181 : F2F2F2;
    2182 : F2F2F2;
    2183 : F2F2F2;
    2184 : F2F2F2;
    2185 : F2F2F2;
    2186 : F2F2F2;
    2187 : F2F2F2;
    2188 : F2F2F2;
    2189 : F2F2F2;
    218A : F2F2F2;
    218B : F2F2F2;
    218C : F2F2F2;
    218D : F2F2F2;
    218E : F2F2F2;
    218F : F2F2F2;
    2190 : F2F2F2;
    2191 : F2F2F2;
    2192 : F2F2F2;
    2193 : F2F2F2;
    2194 : F2F2F2;
    2195 : F2F2F2;
    2196 : F2F2F2;
    2197 : F2F2F2;
    2198 : F2F2F2;
    2199 : F2F2F2;
    219A : F2F2F2;
    219B : F2F2F2;
    219C : F2F2F2;
    219D : F2F2F2;
    219E : F2F2F2;
    219F : F2F2F2;
    21A0 : F2F2F2;
    21A1 : F2F2F2;
    21A2 : F2F2F2;
    21A3 : F2F2F2;
    21A4 : F2F2F2;
    21A5 : F2F2F2;
    21A6 : F2F2F2;
    21A7 : F2F2F2;
    21A8 : F2F2F2;
    21A9 : F2F2F2;
    21AA : F2F2F2;
    21AB : F2F2F2;
    21AC : F2F2F2;
    21AD : F2F2F2;
    21AE : F2F2F2;
    21AF : F2F2F2;
    21B0 : F2F2F2;
    21B1 : F2F2F2;
    21B2 : F2F2F2;
    21B3 : F2F2F2;
    21B4 : F2F2F2;
    21B5 : F2F2F2;
    21B6 : F2F2F2;
    21B7 : F2F2F2;
    21B8 : F2F2F2;
    21B9 : F2F2F2;
    21BA : F2F2F2;
    21BB : F2F2F2;
    21BC : F2F2F2;
    21BD : F2F2F2;
    21BE : F2F2F2;
    21BF : F2F2F2;
    21C0 : F2F2F2;
    21C1 : F2F2F2;
    21C2 : F2F2F2;
    21C3 : F2F2F2;
    21C4 : F2F2F2;
    21C5 : F2F2F2;
    21C6 : F2F2F2;
    21C7 : F2F2F2;
    21C8 : F2F2F2;
    21C9 : F2F2F2;
    21CA : F2F2F2;
    21CB : F2F2F2;
    21CC : F2F2F2;
    21CD : F2F2F2;
    21CE : F2F2F2;
    21CF : F2F2F2;
    21D0 : ECECEC;
    21D1 : EEEEEE;
    21D2 : F1F1F1;
    21D3 : F5F5F5;
    21D4 : F9F9F9;
    21D5 : FCFCFC;
    21D6 : FAFAFA;
    21D7 : F6F6F6;
    21D8 : E1E1E1;
    21D9 : 717171;
    21DA : 0A0A0A;
    21DB : 000000;
    21DC : 090909;
    21DD : 0A0A0A;
    21DE : 000000;
    21DF : 000000;
    21E0 : 040404;
    21E1 : 040404;
    21E2 : 040404;
    21E3 : 050505;
    21E4 : 050505;
    21E5 : 050505;
    21E6 : 050505;
    21E7 : 050505;
    21E8 : 020202;
    21E9 : 060606;
    21EA : 141213;
    21EB : 353334;
    21EC : 8B898A;
    21ED : 262221;
    21EE : 030000;
    21EF : 0F0A07;
    21F0 : 060100;
    21F1 : 0F0A07;
    21F2 : 3E3634;
    21F3 : 2D2522;
    21F4 : 4A403E;
    21F5 : 3E3432;
    21F6 : 7E7472;
    21F7 : 7C6F69;
    21F8 : 311F15;
    21F9 : A79589;
    21FA : A49389;
    21FB : B0A39B;
    21FC : 2D241F;
    21FD : 0B0603;
    21FE : 110F10;
    21FF : 030305;
    2200 : 343436;
    2201 : 3B3B3D;
    2202 : 363638;
    2203 : 5F5D5E;
    2204 : 989493;
    2205 : 9B9693;
    2206 : 857D7A;
    2207 : 524D49;
    2208 : 080705;
    2209 : 000000;
    220A : 171717;
    220B : 292929;
    220C : 000000;
    220D : 000000;
    220E : 131313;
    220F : 000000;
    2210 : 101010;
    2211 : 060606;
    2212 : 000000;
    2213 : 010101;
    2214 : 060606;
    2215 : 070707;
    2216 : 060606;
    2217 : 080808;
    2218 : 0F0F0F;
    2219 : 020202;
    221A : 000000;
    221B : 010101;
    221C : 070707;
    221D : 050505;
    221E : 000000;
    221F : 000000;
    2220 : 000000;
    2221 : 131313;
    2222 : 5F5F5F;
    2223 : C8C8C8;
    2224 : FFFFFF;
    2225 : FFFFFF;
    2226 : F4F4F4;
    2227 : F3F3F3;
    2228 : E2E2E2;
    2229 : EFEFEF;
    222A : F8F8F8;
    222B : F9F9F9;
    222C : F1F1F1;
    222D : F0F0F0;
    222E : F6F6F6;
    222F : EFEFEF;
    2230 : F2F2F2;
    2231 : F2F2F2;
    2232 : F2F2F2;
    2233 : F2F2F2;
    2234 : F2F2F2;
    2235 : F2F2F2;
    2236 : F2F2F2;
    2237 : F2F2F2;
    2238 : F2F2F2;
    2239 : F2F2F2;
    223A : F2F2F2;
    223B : F2F2F2;
    223C : F2F2F2;
    223D : F2F2F2;
    223E : F2F2F2;
    223F : F2F2F2;
    2240 : F2F2F2;
    2241 : F2F2F2;
    2242 : F2F2F2;
    2243 : F2F2F2;
    2244 : F2F2F2;
    2245 : F2F2F2;
    2246 : F2F2F2;
    2247 : F2F2F2;
    2248 : F2F2F2;
    2249 : F2F2F2;
    224A : F2F2F2;
    224B : F2F2F2;
    224C : F2F2F2;
    224D : F2F2F2;
    224E : F2F2F2;
    224F : F2F2F2;
    2250 : F2F2F2;
    2251 : F2F2F2;
    2252 : F2F2F2;
    2253 : F2F2F2;
    2254 : F2F2F2;
    2255 : F2F2F2;
    2256 : F2F2F2;
    2257 : F2F2F2;
    2258 : F2F2F2;
    2259 : F2F2F2;
    225A : F2F2F2;
    225B : F2F2F2;
    225C : F2F2F2;
    225D : F2F2F2;
    225E : F2F2F2;
    225F : F2F2F2;
    2260 : F2F2F2;
    2261 : F2F2F2;
    2262 : F2F2F2;
    2263 : F2F2F2;
    2264 : F2F2F2;
    2265 : F2F2F2;
    2266 : F2F2F2;
    2267 : F2F2F2;
    2268 : F2F2F2;
    2269 : F2F2F2;
    226A : F2F2F2;
    226B : F2F2F2;
    226C : F2F2F2;
    226D : F2F2F2;
    226E : F2F2F2;
    226F : F2F2F2;
    2270 : F2F2F2;
    2271 : F2F2F2;
    2272 : F2F2F2;
    2273 : F2F2F2;
    2274 : F2F2F2;
    2275 : F2F2F2;
    2276 : F2F2F2;
    2277 : F2F2F2;
    2278 : F2F2F2;
    2279 : F2F2F2;
    227A : F2F2F2;
    227B : F2F2F2;
    227C : F2F2F2;
    227D : F2F2F2;
    227E : F2F2F2;
    227F : F2F2F2;
    2280 : F2F2F2;
    2281 : F2F2F2;
    2282 : F2F2F2;
    2283 : F2F2F2;
    2284 : F2F2F2;
    2285 : F2F2F2;
    2286 : F2F2F2;
    2287 : F2F2F2;
    2288 : F2F2F2;
    2289 : F2F2F2;
    228A : F2F2F2;
    228B : F2F2F2;
    228C : F2F2F2;
    228D : F2F2F2;
    228E : F2F2F2;
    228F : F2F2F2;
    2290 : F2F2F2;
    2291 : F2F2F2;
    2292 : F2F2F2;
    2293 : F2F2F2;
    2294 : F2F2F2;
    2295 : F2F2F2;
    2296 : F2F2F2;
    2297 : F2F2F2;
    2298 : FFFFFF;
    2299 : F3F3F3;
    229A : ECECEC;
    229B : F0F0F0;
    229C : EEEEEE;
    229D : E6E6E6;
    229E : EBEBEB;
    229F : F7F7F7;
    22A0 : F7F7F7;
    22A1 : FFFFFF;
    22A2 : C9C9C9;
    22A3 : 4A4A4A;
    22A4 : 000000;
    22A5 : 040404;
    22A6 : 161616;
    22A7 : 0C0C0C;
    22A8 : 050505;
    22A9 : 050505;
    22AA : 050505;
    22AB : 050505;
    22AC : 050505;
    22AD : 050505;
    22AE : 050505;
    22AF : 050505;
    22B0 : 000000;
    22B1 : 000000;
    22B2 : 1B1B19;
    22B3 : 51504E;
    22B4 : 636260;
    22B5 : 030000;
    22B6 : 0C0704;
    22B7 : 0A0200;
    22B8 : 0D0301;
    22B9 : 0C0300;
    22BA : 453A36;
    22BB : 342925;
    22BC : 453734;
    22BD : 7B6C69;
    22BE : 847572;
    22BF : 513E38;
    22C0 : B49E91;
    22C1 : AB9587;
    22C2 : BEAB9D;
    22C3 : A19086;
    22C4 : 140903;
    22C5 : 060000;
    22C6 : 090504;
    22C7 : 312F30;
    22C8 : 313133;
    22C9 : 3F3F41;
    22CA : 7E7C7D;
    22CB : 837F7E;
    22CC : A5A09D;
    22CD : 6F6764;
    22CE : 5A514C;
    22CF : 6F6764;
    22D0 : 0B0A08;
    22D1 : 080808;
    22D2 : 0B0B0B;
    22D3 : 535353;
    22D4 : 545454;
    22D5 : 060606;
    22D6 : 020202;
    22D7 : 101010;
    22D8 : 020202;
    22D9 : 0C0C0C;
    22DA : 111111;
    22DB : 0A0A0A;
    22DC : 020202;
    22DD : 020202;
    22DE : 080808;
    22DF : 0C0C0C;
    22E0 : 020202;
    22E1 : 090909;
    22E2 : 111111;
    22E3 : 0C0C0C;
    22E4 : 000000;
    22E5 : 000000;
    22E6 : 1B1B1B;
    22E7 : 414141;
    22E8 : AAAAAA;
    22E9 : E0E0E0;
    22EA : FFFFFF;
    22EB : F9F9F9;
    22EC : E9E9E9;
    22ED : EEEEEE;
    22EE : F2F2F2;
    22EF : EBEBEB;
    22F0 : FAFAFA;
    22F1 : F8F8F8;
    22F2 : FCFCFC;
    22F3 : F1F1F1;
    22F4 : ECECEC;
    22F5 : FCFCFC;
    22F6 : FBFBFB;
    22F7 : E7E7E7;
    22F8 : F2F2F2;
    22F9 : F2F2F2;
    22FA : F2F2F2;
    22FB : F2F2F2;
    22FC : F2F2F2;
    22FD : F2F2F2;
    22FE : F2F2F2;
    22FF : F2F2F2;
    2300 : F2F2F2;
    2301 : F2F2F2;
    2302 : F2F2F2;
    2303 : F2F2F2;
    2304 : F2F2F2;
    2305 : F2F2F2;
    2306 : F2F2F2;
    2307 : F2F2F2;
    2308 : F2F2F2;
    2309 : F2F2F2;
    230A : F2F2F2;
    230B : F2F2F2;
    230C : F2F2F2;
    230D : F2F2F2;
    230E : F2F2F2;
    230F : F2F2F2;
    2310 : F2F2F2;
    2311 : F2F2F2;
    2312 : F2F2F2;
    2313 : F2F2F2;
    2314 : F2F2F2;
    2315 : F2F2F2;
    2316 : F2F2F2;
    2317 : F2F2F2;
    2318 : F2F2F2;
    2319 : F2F2F2;
    231A : F2F2F2;
    231B : F2F2F2;
    231C : F2F2F2;
    231D : F2F2F2;
    231E : F2F2F2;
    231F : F2F2F2;
    2320 : F2F2F2;
    2321 : F2F2F2;
    2322 : F2F2F2;
    2323 : F2F2F2;
    2324 : F2F2F2;
    2325 : F2F2F2;
    2326 : F2F2F2;
    2327 : F2F2F2;
    2328 : F2F2F2;
    2329 : F2F2F2;
    232A : F2F2F2;
    232B : F2F2F2;
    232C : F2F2F2;
    232D : F2F2F2;
    232E : F2F2F2;
    232F : F2F2F2;
    2330 : F2F2F2;
    2331 : F2F2F2;
    2332 : F2F2F2;
    2333 : F2F2F2;
    2334 : F2F2F2;
    2335 : F2F2F2;
    2336 : F2F2F2;
    2337 : F2F2F2;
    2338 : F2F2F2;
    2339 : F2F2F2;
    233A : F2F2F2;
    233B : F2F2F2;
    233C : F2F2F2;
    233D : F2F2F2;
    233E : F2F2F2;
    233F : F2F2F2;
    2340 : F2F2F2;
    2341 : F2F2F2;
    2342 : F2F2F2;
    2343 : F2F2F2;
    2344 : F2F2F2;
    2345 : F2F2F2;
    2346 : F2F2F2;
    2347 : F2F2F2;
    2348 : F2F2F2;
    2349 : F2F2F2;
    234A : F2F2F2;
    234B : F2F2F2;
    234C : F2F2F2;
    234D : F2F2F2;
    234E : F2F2F2;
    234F : F2F2F2;
    2350 : F2F2F2;
    2351 : F2F2F2;
    2352 : F2F2F2;
    2353 : F2F2F2;
    2354 : F2F2F2;
    2355 : F2F2F2;
    2356 : F2F2F2;
    2357 : F2F2F2;
    2358 : F2F2F2;
    2359 : F2F2F2;
    235A : F2F2F2;
    235B : F2F2F2;
    235C : F2F2F2;
    235D : F2F2F2;
    235E : F2F2F2;
    235F : F2F2F2;
    2360 : E1E1E1;
    2361 : F1F1F1;
    2362 : F9F9F9;
    2363 : F2F2F2;
    2364 : F2F2F2;
    2365 : FBFBFB;
    2366 : F8F8F8;
    2367 : ECECEC;
    2368 : F1F1F1;
    2369 : DEDEDE;
    236A : F2F2F2;
    236B : FFFFFF;
    236C : BBBBBB;
    236D : 353535;
    236E : 000000;
    236F : 0A0A0A;
    2370 : 070707;
    2371 : 070707;
    2372 : 070707;
    2373 : 060606;
    2374 : 060606;
    2375 : 060606;
    2376 : 050505;
    2377 : 050505;
    2378 : 0F0F0D;
    2379 : 000000;
    237A : 1B1B19;
    237B : 5F605B;
    237C : 14100D;
    237D : 2F2A26;
    237E : 625A57;
    237F : 070000;
    2380 : 130804;
    2381 : 140701;
    2382 : 443731;
    2383 : 41322D;
    2384 : 685652;
    2385 : 87746E;
    2386 : 4B3633;
    2387 : A9928A;
    2388 : E3C9BC;
    2389 : 9E8473;
    238A : F0DACC;
    238B : 3D2B1F;
    238C : 0D0000;
    238D : 130A05;
    238E : 191411;
    238F : 353130;
    2390 : 424041;
    2391 : 6C6A6B;
    2392 : 8E8A89;
    2393 : 999491;
    2394 : 49413E;
    2395 : 89807B;
    2396 : BDB2AC;
    2397 : A39A95;
    2398 : 44403F;
    2399 : 020202;
    239A : 101010;
    239B : 838383;
    239C : 838383;
    239D : 1F1F1F;
    239E : 040404;
    239F : 020202;
    23A0 : 000000;
    23A1 : 030303;
    23A2 : 080808;
    23A3 : 070707;
    23A4 : 070707;
    23A5 : 090909;
    23A6 : 070707;
    23A7 : 010101;
    23A8 : 090909;
    23A9 : 000000;
    23AA : 000000;
    23AB : 101010;
    23AC : 313131;
    23AD : 696969;
    23AE : B9B9B9;
    23AF : FAFAFA;
    23B0 : F5F5F5;
    23B1 : F8F8F8;
    23B2 : F5F5F5;
    23B3 : EEEEEE;
    23B4 : F0F0F0;
    23B5 : F7F7F7;
    23B6 : F6F6F6;
    23B7 : EFEFEF;
    23B8 : F5F5F5;
    23B9 : E4E4E4;
    23BA : EBEBEB;
    23BB : EAEAEA;
    23BC : ECECEC;
    23BD : F9F9F9;
    23BE : F7F7F7;
    23BF : F8F8F8;
    23C0 : F2F2F2;
    23C1 : F2F2F2;
    23C2 : F2F2F2;
    23C3 : F2F2F2;
    23C4 : F2F2F2;
    23C5 : F2F2F2;
    23C6 : F2F2F2;
    23C7 : F2F2F2;
    23C8 : F2F2F2;
    23C9 : F2F2F2;
    23CA : F2F2F2;
    23CB : F2F2F2;
    23CC : F2F2F2;
    23CD : F2F2F2;
    23CE : F2F2F2;
    23CF : F2F2F2;
    23D0 : F2F2F2;
    23D1 : F2F2F2;
    23D2 : F2F2F2;
    23D3 : F2F2F2;
    23D4 : F2F2F2;
    23D5 : F2F2F2;
    23D6 : F2F2F2;
    23D7 : F2F2F2;
    23D8 : F2F2F2;
    23D9 : F2F2F2;
    23DA : F2F2F2;
    23DB : F2F2F2;
    23DC : F2F2F2;
    23DD : F2F2F2;
    23DE : F2F2F2;
    23DF : F2F2F2;
    23E0 : F2F2F2;
    23E1 : F2F2F2;
    23E2 : F2F2F2;
    23E3 : F2F2F2;
    23E4 : F2F2F2;
    23E5 : F2F2F2;
    23E6 : F2F2F2;
    23E7 : F2F2F2;
    23E8 : F2F2F2;
    23E9 : F2F2F2;
    23EA : F2F2F2;
    23EB : F2F2F2;
    23EC : F2F2F2;
    23ED : F2F2F2;
    23EE : F2F2F2;
    23EF : F2F2F2;
    23F0 : F2F2F2;
    23F1 : F2F2F2;
    23F2 : F2F2F2;
    23F3 : F2F2F2;
    23F4 : F2F2F2;
    23F5 : F2F2F2;
    23F6 : F2F2F2;
    23F7 : F2F2F2;
    23F8 : F2F2F2;
    23F9 : F2F2F2;
    23FA : F2F2F2;
    23FB : F2F2F2;
    23FC : F2F2F2;
    23FD : F2F2F2;
    23FE : F2F2F2;
    23FF : F2F2F2;
    2400 : F2F2F2;
    2401 : F2F2F2;
    2402 : F2F2F2;
    2403 : F2F2F2;
    2404 : F2F2F2;
    2405 : F2F2F2;
    2406 : F2F2F2;
    2407 : F2F2F2;
    2408 : F2F2F2;
    2409 : F2F2F2;
    240A : F2F2F2;
    240B : F2F2F2;
    240C : F2F2F2;
    240D : F2F2F2;
    240E : F2F2F2;
    240F : F2F2F2;
    2410 : F2F2F2;
    2411 : F2F2F2;
    2412 : F2F2F2;
    2413 : F2F2F2;
    2414 : F2F2F2;
    2415 : F2F2F2;
    2416 : F2F2F2;
    2417 : F2F2F2;
    2418 : F2F2F2;
    2419 : F2F2F2;
    241A : F2F2F2;
    241B : F2F2F2;
    241C : F2F2F2;
    241D : F2F2F2;
    241E : F2F2F2;
    241F : F2F2F2;
    2420 : F2F2F2;
    2421 : F2F2F2;
    2422 : F2F2F2;
    2423 : F2F2F2;
    2424 : F2F2F2;
    2425 : F2F2F2;
    2426 : F2F2F2;
    2427 : F2F2F2;
    2428 : FFFFFF;
    2429 : EFEFEF;
    242A : EAEAEA;
    242B : F6F6F6;
    242C : F4F4F4;
    242D : E6E6E6;
    242E : E8E8E8;
    242F : FAFAFA;
    2430 : FFFFFF;
    2431 : FAFAFA;
    2432 : F1F1F1;
    2433 : E9E9E9;
    2434 : C8C8C8;
    2435 : 848484;
    2436 : 333333;
    2437 : 000000;
    2438 : 090909;
    2439 : 080808;
    243A : 080808;
    243B : 080808;
    243C : 070707;
    243D : 070707;
    243E : 060606;
    243F : 060606;
    2440 : 121411;
    2441 : 000100;
    2442 : 22231E;
    2443 : 42433E;
    2444 : 030000;
    2445 : 817C78;
    2446 : 9B9390;
    2447 : 0D0400;
    2448 : 0C0000;
    2449 : 352621;
    244A : 402E2A;
    244B : 4D3A34;
    244C : A18C87;
    244D : 47332C;
    244E : 99817D;
    244F : ECD4CA;
    2450 : A18577;
    2451 : D6BBA8;
    2452 : C0A999;
    2453 : 180500;
    2454 : 170600;
    2455 : 090000;
    2456 : 4F4744;
    2457 : 3F3B3A;
    2458 : 827E7F;
    2459 : A8A4A5;
    245A : 74706F;
    245B : 5A5552;
    245C : 9C938E;
    245D : F7ECE6;
    245E : 8C7F77;
    245F : DCD1CB;
    2460 : 3C3835;
    2461 : 040404;
    2462 : 575757;
    2463 : 888888;
    2464 : 3A3A3A;
    2465 : 060606;
    2466 : 070707;
    2467 : 131313;
    2468 : 252525;
    2469 : 0F0F0F;
    246A : 000000;
    246B : 020202;
    246C : 090909;
    246D : 070707;
    246E : 000000;
    246F : 000000;
    2470 : 070707;
    2471 : 000000;
    2472 : 242424;
    2473 : 808080;
    2474 : E0E0E0;
    2475 : FFFFFF;
    2476 : FFFFFF;
    2477 : F7F7F7;
    2478 : FFFFFF;
    2479 : F8F8F8;
    247A : F1F1F1;
    247B : F2F2F2;
    247C : F2F2F2;
    247D : EFEFEF;
    247E : F1F1F1;
    247F : F7F7F7;
    2480 : F6F6F6;
    2481 : EDEDED;
    2482 : FDFDFD;
    2483 : F9F9F9;
    2484 : F4F4F4;
    2485 : F3F3F3;
    2486 : E8E8E8;
    2487 : F9F9F9;
    2488 : F2F2F2;
    2489 : F2F2F2;
    248A : F2F2F2;
    248B : F2F2F2;
    248C : F2F2F2;
    248D : F2F2F2;
    248E : F2F2F2;
    248F : F2F2F2;
    2490 : F2F2F2;
    2491 : F2F2F2;
    2492 : F2F2F2;
    2493 : F2F2F2;
    2494 : F2F2F2;
    2495 : F2F2F2;
    2496 : F2F2F2;
    2497 : F2F2F2;
    2498 : F2F2F2;
    2499 : F2F2F2;
    249A : F2F2F2;
    249B : F2F2F2;
    249C : F2F2F2;
    249D : F2F2F2;
    249E : F2F2F2;
    249F : F2F2F2;
    24A0 : F2F2F2;
    24A1 : F2F2F2;
    24A2 : F2F2F2;
    24A3 : F2F2F2;
    24A4 : F2F2F2;
    24A5 : F2F2F2;
    24A6 : F2F2F2;
    24A7 : F2F2F2;
    24A8 : F2F2F2;
    24A9 : F2F2F2;
    24AA : F2F2F2;
    24AB : F2F2F2;
    24AC : F2F2F2;
    24AD : F2F2F2;
    24AE : F2F2F2;
    24AF : F2F2F2;
    24B0 : F2F2F2;
    24B1 : F2F2F2;
    24B2 : F2F2F2;
    24B3 : F2F2F2;
    24B4 : F2F2F2;
    24B5 : F2F2F2;
    24B6 : F2F2F2;
    24B7 : F2F2F2;
    24B8 : F2F2F2;
    24B9 : F2F2F2;
    24BA : F2F2F2;
    24BB : F2F2F2;
    24BC : F2F2F2;
    24BD : F2F2F2;
    24BE : F2F2F2;
    24BF : F2F2F2;
    24C0 : F2F2F2;
    24C1 : F2F2F2;
    24C2 : F2F2F2;
    24C3 : F2F2F2;
    24C4 : F2F2F2;
    24C5 : F2F2F2;
    24C6 : F2F2F2;
    24C7 : F2F2F2;
    24C8 : F2F2F2;
    24C9 : F2F2F2;
    24CA : F2F2F2;
    24CB : F2F2F2;
    24CC : F2F2F2;
    24CD : F2F2F2;
    24CE : F2F2F2;
    24CF : F2F2F2;
    24D0 : F2F2F2;
    24D1 : F2F2F2;
    24D2 : F2F2F2;
    24D3 : F2F2F2;
    24D4 : F2F2F2;
    24D5 : F2F2F2;
    24D6 : F2F2F2;
    24D7 : F2F2F2;
    24D8 : F2F2F2;
    24D9 : F2F2F2;
    24DA : F2F2F2;
    24DB : F2F2F2;
    24DC : F2F2F2;
    24DD : F2F2F2;
    24DE : F2F2F2;
    24DF : F2F2F2;
    24E0 : F2F2F2;
    24E1 : F2F2F2;
    24E2 : F2F2F2;
    24E3 : F2F2F2;
    24E4 : F2F2F2;
    24E5 : F2F2F2;
    24E6 : F2F2F2;
    24E7 : F2F2F2;
    24E8 : F2F2F2;
    24E9 : F2F2F2;
    24EA : F2F2F2;
    24EB : F2F2F2;
    24EC : F2F2F2;
    24ED : F2F2F2;
    24EE : F2F2F2;
    24EF : F2F2F2;
    24F0 : ECECEC;
    24F1 : F2F2F2;
    24F2 : EDEDED;
    24F3 : E7E7E7;
    24F4 : F7F7F7;
    24F5 : FFFFFF;
    24F6 : EBEBEB;
    24F7 : C0C0C0;
    24F8 : 7D7D7D;
    24F9 : 545454;
    24FA : 242424;
    24FB : 0A0A0A;
    24FC : 040404;
    24FD : 090909;
    24FE : 131313;
    24FF : 1C1C1C;
    2500 : 0A0A0A;
    2501 : 090909;
    2502 : 0A0907;
    2503 : 090806;
    2504 : 090806;
    2505 : 0A0605;
    2506 : 0A0603;
    2507 : 080703;
    2508 : 060702;
    2509 : 000100;
    250A : 2C2B27;
    250B : 16130E;
    250C : 0E0903;
    250D : ADA6A0;
    250E : 9A918A;
    250F : 170A04;
    2510 : 0E0000;
    2511 : 35241D;
    2512 : 432F28;
    2513 : 947B74;
    2514 : 4B2E26;
    2515 : A6887E;
    2516 : E6C4BA;
    2517 : D4B2A6;
    2518 : AF9483;
    2519 : FFE7D6;
    251A : 7C6555;
    251B : 0F0000;
    251C : 190800;
    251D : 3D2E27;
    251E : 3E332F;
    251F : 908684;
    2520 : 928A88;
    2521 : 4E4644;
    2522 : 6B6360;
    2523 : D4CBC6;
    2524 : FFFDF4;
    2525 : 8F8279;
    2526 : D4C6BB;
    2527 : E5DBD2;
    2528 : 15110E;
    2529 : 191917;
    252A : 6D6B6C;
    252B : 393937;
    252C : 010000;
    252D : 10100E;
    252E : 010000;
    252F : 262624;
    2530 : 282627;
    2531 : 0C0C0A;
    2532 : 010000;
    2533 : 040402;
    2534 : 060405;
    2535 : 030301;
    2536 : 191718;
    2537 : 373737;
    2538 : 212121;
    2539 : 1A1A1A;
    253A : 191919;
    253B : 1B1B1B;
    253C : 171717;
    253D : 1D1D1D;
    253E : 404040;
    253F : 686868;
    2540 : 8E8E8E;
    2541 : ADADAD;
    2542 : D6D6D6;
    2543 : F3F3F3;
    2544 : FEFEFE;
    2545 : FBFBFB;
    2546 : F3F3F3;
    2547 : EDEDED;
    2548 : F3F3F3;
    2549 : F0F0F0;
    254A : F7F7F7;
    254B : E8E8E8;
    254C : F0F0F0;
    254D : FDFDFD;
    254E : E9E9E9;
    254F : EFEFEF;
    2550 : F2F2F2;
    2551 : F2F2F2;
    2552 : F2F2F2;
    2553 : F2F2F2;
    2554 : F2F2F2;
    2555 : F2F2F2;
    2556 : F2F2F2;
    2557 : F2F2F2;
    2558 : F2F2F2;
    2559 : F2F2F2;
    255A : F2F2F2;
    255B : F2F2F2;
    255C : F2F2F2;
    255D : F2F2F2;
    255E : F2F2F2;
    255F : F2F2F2;
    2560 : F2F2F2;
    2561 : F2F2F2;
    2562 : F2F2F2;
    2563 : F2F2F2;
    2564 : F2F2F2;
    2565 : F2F2F2;
    2566 : F2F2F2;
    2567 : F2F2F2;
    2568 : F2F2F2;
    2569 : F2F2F2;
    256A : F2F2F2;
    256B : F2F2F2;
    256C : F2F2F2;
    256D : F2F2F2;
    256E : F2F2F2;
    256F : F2F2F2;
    2570 : F2F2F2;
    2571 : F2F2F2;
    2572 : F2F2F2;
    2573 : F2F2F2;
    2574 : F2F2F2;
    2575 : F2F2F2;
    2576 : F2F2F2;
    2577 : F2F2F2;
    2578 : F2F2F2;
    2579 : F2F2F2;
    257A : F2F2F2;
    257B : F2F2F2;
    257C : F2F2F2;
    257D : F2F2F2;
    257E : F2F2F2;
    257F : F2F2F2;
    2580 : F2F2F2;
    2581 : F2F2F2;
    2582 : F2F2F2;
    2583 : F2F2F2;
    2584 : F2F2F2;
    2585 : F2F2F2;
    2586 : F2F2F2;
    2587 : F2F2F2;
    2588 : F2F2F2;
    2589 : F2F2F2;
    258A : F2F2F2;
    258B : F2F2F2;
    258C : F2F2F2;
    258D : F2F2F2;
    258E : F2F2F2;
    258F : F2F2F2;
    2590 : F2F2F2;
    2591 : F2F2F2;
    2592 : F2F2F2;
    2593 : F2F2F2;
    2594 : F2F2F2;
    2595 : F2F2F2;
    2596 : F2F2F2;
    2597 : F2F2F2;
    2598 : F2F2F2;
    2599 : F2F2F2;
    259A : F2F2F2;
    259B : F2F2F2;
    259C : F2F2F2;
    259D : F2F2F2;
    259E : F2F2F2;
    259F : F2F2F2;
    25A0 : F2F2F2;
    25A1 : F2F2F2;
    25A2 : F2F2F2;
    25A3 : F2F2F2;
    25A4 : F2F2F2;
    25A5 : F2F2F2;
    25A6 : F2F2F2;
    25A7 : F2F2F2;
    25A8 : F2F2F2;
    25A9 : F2F2F2;
    25AA : F2F2F2;
    25AB : F2F2F2;
    25AC : F2F2F2;
    25AD : F2F2F2;
    25AE : F2F2F2;
    25AF : F2F2F2;
    25B0 : F2F2F2;
    25B1 : F2F2F2;
    25B2 : F2F2F2;
    25B3 : F2F2F2;
    25B4 : F2F2F2;
    25B5 : F2F2F2;
    25B6 : F2F2F2;
    25B7 : F2F2F2;
    25B8 : F1F1F1;
    25B9 : F4F4F4;
    25BA : FFFFFF;
    25BB : FFFFFF;
    25BC : CCCCCC;
    25BD : 6F6F6F;
    25BE : 242424;
    25BF : 060606;
    25C0 : 0D0F0C;
    25C1 : 1D1F1C;
    25C2 : 303231;
    25C3 : 434544;
    25C4 : 57585A;
    25C5 : 696A6C;
    25C6 : 6D6E70;
    25C7 : 69696B;
    25C8 : 1A1A1A;
    25C9 : 0D0C0A;
    25CA : 030000;
    25CB : 797470;
    25CC : D7CFCC;
    25CD : 3B322D;
    25CE : 080000;
    25CF : 0B0200;
    25D0 : 1D1916;
    25D1 : 060201;
    25D2 : 1C1713;
    25D3 : 100903;
    25D4 : 1A1007;
    25D5 : 90837A;
    25D6 : CCBEB5;
    25D7 : 2C1E15;
    25D8 : 100000;
    25D9 : 3D2922;
    25DA : 775E57;
    25DB : 67473C;
    25DC : 946D5E;
    25DD : E7B8A6;
    25DE : E2AB96;
    25DF : DEB099;
    25E0 : D0B3A1;
    25E1 : E4D1C2;
    25E2 : 392719;
    25E3 : 190700;
    25E4 : 251309;
    25E5 : 44332B;
    25E6 : 978581;
    25E7 : 746560;
    25E8 : 71625D;
    25E9 : AB9C95;
    25EA : FFF1EA;
    25EB : EADDD4;
    25EC : A89A8F;
    25ED : C8BAAD;
    25EE : FFF8E8;
    25EF : 978D81;
    25F0 : 040000;
    25F1 : 5D5C58;
    25F2 : 817D7C;
    25F3 : 504F4B;
    25F4 : 151110;
    25F5 : 0A0905;
    25F6 : 0F0B0A;
    25F7 : 5A5955;
    25F8 : 726E6D;
    25F9 : 12110D;
    25FA : 0C0807;
    25FB : 070602;
    25FC : 181413;
    25FD : 565551;
    25FE : 6C6867;
    25FF : 706F6D;
    2600 : 656565;
    2601 : 6C6C6C;
    2602 : 686868;
    2603 : 5A5A5A;
    2604 : 525252;
    2605 : 4B4B4B;
    2606 : 353535;
    2607 : 1C1C1C;
    2608 : 191919;
    2609 : 080808;
    260A : 0F0F0F;
    260B : 434343;
    260C : 8C8C8C;
    260D : C7C7C7;
    260E : EAEAEA;
    260F : FBFBFB;
    2610 : F2F2F2;
    2611 : F2F2F2;
    2612 : F2F2F2;
    2613 : F2F2F2;
    2614 : F2F2F2;
    2615 : F2F2F2;
    2616 : F2F2F2;
    2617 : F2F2F2;
    2618 : F2F2F2;
    2619 : F2F2F2;
    261A : F2F2F2;
    261B : F2F2F2;
    261C : F2F2F2;
    261D : F2F2F2;
    261E : F2F2F2;
    261F : F2F2F2;
    2620 : F2F2F2;
    2621 : F2F2F2;
    2622 : F2F2F2;
    2623 : F2F2F2;
    2624 : F2F2F2;
    2625 : F2F2F2;
    2626 : F2F2F2;
    2627 : F2F2F2;
    2628 : F2F2F2;
    2629 : F2F2F2;
    262A : F2F2F2;
    262B : F2F2F2;
    262C : F2F2F2;
    262D : F2F2F2;
    262E : F2F2F2;
    262F : F2F2F2;
    2630 : F2F2F2;
    2631 : F2F2F2;
    2632 : F2F2F2;
    2633 : F2F2F2;
    2634 : F2F2F2;
    2635 : F2F2F2;
    2636 : F2F2F2;
    2637 : F2F2F2;
    2638 : F2F2F2;
    2639 : F2F2F2;
    263A : F2F2F2;
    263B : F2F2F2;
    263C : F2F2F2;
    263D : F2F2F2;
    263E : F2F2F2;
    263F : F2F2F2;
    2640 : F2F2F2;
    2641 : F2F2F2;
    2642 : F2F2F2;
    2643 : F2F2F2;
    2644 : F2F2F2;
    2645 : F2F2F2;
    2646 : F2F2F2;
    2647 : F2F2F2;
    2648 : F2F2F2;
    2649 : F2F2F2;
    264A : F2F2F2;
    264B : F2F2F2;
    264C : F2F2F2;
    264D : F2F2F2;
    264E : F2F2F2;
    264F : F2F2F2;
    2650 : F2F2F2;
    2651 : F2F2F2;
    2652 : F2F2F2;
    2653 : F2F2F2;
    2654 : F2F2F2;
    2655 : F2F2F2;
    2656 : F2F2F2;
    2657 : F2F2F2;
    2658 : F2F2F2;
    2659 : F2F2F2;
    265A : F2F2F2;
    265B : F2F2F2;
    265C : F2F2F2;
    265D : F2F2F2;
    265E : F2F2F2;
    265F : F2F2F2;
    2660 : F2F2F2;
    2661 : F2F2F2;
    2662 : F2F2F2;
    2663 : F2F2F2;
    2664 : F2F2F2;
    2665 : F2F2F2;
    2666 : F2F2F2;
    2667 : F2F2F2;
    2668 : F2F2F2;
    2669 : F2F2F2;
    266A : F2F2F2;
    266B : F2F2F2;
    266C : F2F2F2;
    266D : F2F2F2;
    266E : F2F2F2;
    266F : F2F2F2;
    2670 : F2F2F2;
    2671 : F2F2F2;
    2672 : F2F2F2;
    2673 : F2F2F2;
    2674 : F2F2F2;
    2675 : F2F2F2;
    2676 : F2F2F2;
    2677 : F2F2F2;
    2678 : F2F2F2;
    2679 : F2F2F2;
    267A : F2F2F2;
    267B : F2F2F2;
    267C : F2F2F2;
    267D : F2F2F2;
    267E : F2F2F2;
    267F : F2F2F2;
    2680 : F1F1F1;
    2681 : F0F0F0;
    2682 : B8B8B8;
    2683 : 535353;
    2684 : 101010;
    2685 : 161616;
    2686 : 373737;
    2687 : 484848;
    2688 : 494B48;
    2689 : 4F514E;
    268A : 505251;
    268B : 4A4C4B;
    268C : 414244;
    268D : 37383A;
    268E : 303133;
    268F : 2B2B2B;
    2690 : 131112;
    2691 : 030000;
    2692 : 322A27;
    2693 : D3CAC5;
    2694 : D1C6C0;
    2695 : 766961;
    2696 : 110300;
    2697 : 0A0000;
    2698 : 2D2321;
    2699 : 7C7471;
    269A : 140905;
    269B : 0A0000;
    269C : 27190E;
    269D : 423429;
    269E : 87766C;
    269F : 48372F;
    26A0 : 100000;
    26A1 : 402D26;
    26A2 : 674E47;
    26A3 : 7B5B50;
    26A4 : DAAF9E;
    26A5 : E1AD97;
    26A6 : FFC7AD;
    26A7 : E4B196;
    26A8 : E5C8B6;
    26A9 : D5C5B6;
    26AA : 2B190D;
    26AB : 0E0000;
    26AC : 3D2B21;
    26AD : 8C7972;
    26AE : 6F5C56;
    26AF : 8A7771;
    26B0 : E8D5CE;
    26B1 : EEDDD5;
    26B2 : EAD9D1;
    26B3 : B3A59A;
    26B4 : C2B4A7;
    26B5 : FCF0E0;
    26B6 : E3D6C6;
    26B7 : 4F4637;
    26B8 : 413A32;
    26B9 : ABA6A2;
    26BA : F0EBE7;
    26BB : 302D28;
    26BC : 040000;
    26BD : 0B0704;
    26BE : 181411;
    26BF : 5F5B58;
    26C0 : CAC6C3;
    26C1 : 26221F;
    26C2 : 030000;
    26C3 : 302C29;
    26C4 : 4C4845;
    26C5 : 56524F;
    26C6 : 393532;
    26C7 : 2D2C2A;
    26C8 : 343434;
    26C9 : 373737;
    26CA : 383838;
    26CB : 3D3D3D;
    26CC : 494949;
    26CD : 555555;
    26CE : 515151;
    26CF : 454545;
    26D0 : 373737;
    26D1 : 3C3C3C;
    26D2 : 2D2D2D;
    26D3 : 030303;
    26D4 : 000000;
    26D5 : 191919;
    26D6 : 929292;
    26D7 : FEFEFE;
    26D8 : F2F2F2;
    26D9 : F2F2F2;
    26DA : F2F2F2;
    26DB : F2F2F2;
    26DC : F2F2F2;
    26DD : F2F2F2;
    26DE : F2F2F2;
    26DF : F2F2F2;
    26E0 : F2F2F2;
    26E1 : F2F2F2;
    26E2 : F2F2F2;
    26E3 : F2F2F2;
    26E4 : F2F2F2;
    26E5 : F2F2F2;
    26E6 : F2F2F2;
    26E7 : F2F2F2;
    26E8 : F2F2F2;
    26E9 : F2F2F2;
    26EA : F2F2F2;
    26EB : F2F2F2;
    26EC : F2F2F2;
    26ED : F2F2F2;
    26EE : F2F2F2;
    26EF : F2F2F2;
    26F0 : F2F2F2;
    26F1 : F2F2F2;
    26F2 : F2F2F2;
    26F3 : F2F2F2;
    26F4 : F2F2F2;
    26F5 : F2F2F2;
    26F6 : F2F2F2;
    26F7 : F2F2F2;
    26F8 : F2F2F2;
    26F9 : F2F2F2;
    26FA : F2F2F2;
    26FB : F2F2F2;
    26FC : F2F2F2;
    26FD : F2F2F2;
    26FE : F2F2F2;
    26FF : F2F2F2;
    2700 : F2F2F2;
    2701 : F2F2F2;
    2702 : F2F2F2;
    2703 : F2F2F2;
    2704 : F2F2F2;
    2705 : F2F2F2;
    2706 : F2F2F2;
    2707 : F2F2F2;
    2708 : F2F2F2;
    2709 : F2F2F2;
    270A : F2F2F2;
    270B : F2F2F2;
    270C : F2F2F2;
    270D : F2F2F2;
    270E : F2F2F2;
    270F : F2F2F2;
    2710 : F2F2F2;
    2711 : F2F2F2;
    2712 : F2F2F2;
    2713 : F2F2F2;
    2714 : F2F2F2;
    2715 : F2F2F2;
    2716 : F2F2F2;
    2717 : F2F2F2;
    2718 : F2F2F2;
    2719 : F2F2F2;
    271A : F2F2F2;
    271B : F2F2F2;
    271C : F2F2F2;
    271D : F2F2F2;
    271E : F2F2F2;
    271F : F2F2F2;
    2720 : F2F2F2;
    2721 : F2F2F2;
    2722 : F2F2F2;
    2723 : F2F2F2;
    2724 : F2F2F2;
    2725 : F2F2F2;
    2726 : F2F2F2;
    2727 : F2F2F2;
    2728 : F2F2F2;
    2729 : F2F2F2;
    272A : F2F2F2;
    272B : F2F2F2;
    272C : F2F2F2;
    272D : F2F2F2;
    272E : F2F2F2;
    272F : F2F2F2;
    2730 : F2F2F2;
    2731 : F2F2F2;
    2732 : F2F2F2;
    2733 : F2F2F2;
    2734 : F2F2F2;
    2735 : F2F2F2;
    2736 : F2F2F2;
    2737 : F2F2F2;
    2738 : F2F2F2;
    2739 : F2F2F2;
    273A : F2F2F2;
    273B : F2F2F2;
    273C : F2F2F2;
    273D : F2F2F2;
    273E : F2F2F2;
    273F : F2F2F2;
    2740 : F2F2F2;
    2741 : F2F2F2;
    2742 : F2F2F2;
    2743 : F2F2F2;
    2744 : F2F2F2;
    2745 : F2F2F2;
    2746 : F2F2F2;
    2747 : F2F2F2;
    2748 : FFFFFF;
    2749 : 808080;
    274A : 0F0F0F;
    274B : 000000;
    274C : 0D0D0D;
    274D : 070707;
    274E : 0A0A0A;
    274F : 1E1E1E;
    2750 : 1F211E;
    2751 : 1A1C19;
    2752 : 1A1C1B;
    2753 : 262827;
    2754 : 353736;
    2755 : 3D3F3E;
    2756 : 404040;
    2757 : 404040;
    2758 : 050402;
    2759 : 030000;
    275A : 2A221F;
    275B : B4ABA6;
    275C : 9D9088;
    275D : A3958C;
    275E : 0E0000;
    275F : 0D0000;
    2760 : 2F2019;
    2761 : C1B2AB;
    2762 : 776960;
    2763 : 1A0900;
    2764 : 0D0000;
    2765 : 2E1E11;
    2766 : 4D3F34;
    2767 : 362920;
    2768 : 100300;
    2769 : 4A3B36;
    276A : 4A3731;
    276B : AE938A;
    276C : D3AE9E;
    276D : E9BAA6;
    276E : ECB49B;
    276F : F2C0A7;
    2770 : E3C6B4;
    2771 : BDAC9C;
    2772 : 1D0A00;
    2773 : 130000;
    2774 : 7C685F;
    2775 : 57433C;
    2776 : 897670;
    2777 : ECD9D3;
    2778 : E9D8D1;
    2779 : CDBCB4;
    277A : CAB9B1;
    277B : D8CABF;
    277C : FFF8EC;
    277D : C9C0B1;
    277E : 584C3E;
    277F : 080000;
    2780 : 958C83;
    2781 : DBD4CE;
    2782 : 8D8680;
    2783 : 050000;
    2784 : 160E0B;
    2785 : 231E1A;
    2786 : 7D7874;
    2787 : 7F7A76;
    2788 : AEAAA7;
    2789 : 2A2623;
    278A : 1A1613;
    278B : 3A3633;
    278C : 383735;
    278D : 3D3C3A;
    278E : 393836;
    278F : 3D3C3A;
    2790 : 343434;
    2791 : 333333;
    2792 : 2D2D2D;
    2793 : 202020;
    2794 : 121212;
    2795 : 090909;
    2796 : 070707;
    2797 : 080808;
    2798 : 0F0F0F;
    2799 : 040404;
    279A : 040404;
    279B : 282828;
    279C : 6E6E6E;
    279D : B8B8B8;
    279E : E6E6E6;
    279F : F6F6F6;
    27A0 : F2F2F2;
    27A1 : F2F2F2;
    27A2 : F2F2F2;
    27A3 : F2F2F2;
    27A4 : F2F2F2;
    27A5 : F2F2F2;
    27A6 : F2F2F2;
    27A7 : F2F2F2;
    27A8 : F2F2F2;
    27A9 : F2F2F2;
    27AA : F2F2F2;
    27AB : F2F2F2;
    27AC : F2F2F2;
    27AD : F2F2F2;
    27AE : F2F2F2;
    27AF : F2F2F2;
    27B0 : F2F2F2;
    27B1 : F2F2F2;
    27B2 : F2F2F2;
    27B3 : F2F2F2;
    27B4 : F2F2F2;
    27B5 : F2F2F2;
    27B6 : F2F2F2;
    27B7 : F2F2F2;
    27B8 : F2F2F2;
    27B9 : F2F2F2;
    27BA : F2F2F2;
    27BB : F2F2F2;
    27BC : F2F2F2;
    27BD : F2F2F2;
    27BE : F2F2F2;
    27BF : F2F2F2;
    27C0 : F2F2F2;
    27C1 : F2F2F2;
    27C2 : F2F2F2;
    27C3 : F2F2F2;
    27C4 : F2F2F2;
    27C5 : F2F2F2;
    27C6 : F2F2F2;
    27C7 : F2F2F2;
    27C8 : F2F2F2;
    27C9 : F2F2F2;
    27CA : F2F2F2;
    27CB : F2F2F2;
    27CC : F2F2F2;
    27CD : F2F2F2;
    27CE : F2F2F2;
    27CF : F2F2F2;
    27D0 : F2F2F2;
    27D1 : F2F2F2;
    27D2 : F2F2F2;
    27D3 : F2F2F2;
    27D4 : F2F2F2;
    27D5 : F2F2F2;
    27D6 : F2F2F2;
    27D7 : F2F2F2;
    27D8 : F2F2F2;
    27D9 : F2F2F2;
    27DA : F2F2F2;
    27DB : F2F2F2;
    27DC : F2F2F2;
    27DD : F2F2F2;
    27DE : F2F2F2;
    27DF : F2F2F2;
    27E0 : F2F2F2;
    27E1 : F2F2F2;
    27E2 : F2F2F2;
    27E3 : F2F2F2;
    27E4 : F2F2F2;
    27E5 : F2F2F2;
    27E6 : F2F2F2;
    27E7 : F2F2F2;
    27E8 : F2F2F2;
    27E9 : F2F2F2;
    27EA : F2F2F2;
    27EB : F2F2F2;
    27EC : F2F2F2;
    27ED : F2F2F2;
    27EE : F2F2F2;
    27EF : F2F2F2;
    27F0 : F2F2F2;
    27F1 : F2F2F2;
    27F2 : F2F2F2;
    27F3 : F2F2F2;
    27F4 : F2F2F2;
    27F5 : F2F2F2;
    27F6 : F2F2F2;
    27F7 : F2F2F2;
    27F8 : F2F2F2;
    27F9 : F2F2F2;
    27FA : F2F2F2;
    27FB : F2F2F2;
    27FC : F2F2F2;
    27FD : F2F2F2;
    27FE : F2F2F2;
    27FF : F2F2F2;
    2800 : F2F2F2;
    2801 : F2F2F2;
    2802 : F2F2F2;
    2803 : F2F2F2;
    2804 : F2F2F2;
    2805 : F2F2F2;
    2806 : F2F2F2;
    2807 : F2F2F2;
    2808 : F2F2F2;
    2809 : F2F2F2;
    280A : F2F2F2;
    280B : F2F2F2;
    280C : F2F2F2;
    280D : F2F2F2;
    280E : F2F2F2;
    280F : F2F2F2;
    2810 : F2F2F2;
    2811 : C8C8C8;
    2812 : A1A1A1;
    2813 : 8D8D8D;
    2814 : 707070;
    2815 : 404040;
    2816 : 181818;
    2817 : 090909;
    2818 : 030502;
    2819 : 000100;
    281A : 000100;
    281B : 010302;
    281C : 090B0A;
    281D : 0E100F;
    281E : 171717;
    281F : 21201E;
    2820 : 0A0603;
    2821 : 17120E;
    2822 : 231A15;
    2823 : A19690;
    2824 : 9B8D84;
    2825 : D5C4BA;
    2826 : 473529;
    2827 : 0F0000;
    2828 : 1F0900;
    2829 : 8C7669;
    282A : B49E91;
    282B : 745E50;
    282C : 321F10;
    282D : 140200;
    282E : 0B0000;
    282F : 140A01;
    2830 : 17100A;
    2831 : 39302B;
    2832 : 928481;
    2833 : CCB8B1;
    2834 : E4C4B7;
    2835 : DDB4A2;
    2836 : E4B29B;
    2837 : F6C8B1;
    2838 : EFD2C0;
    2839 : B6A092;
    283A : 110000;
    283B : 4F392C;
    283C : 4F3B30;
    283D : 927E75;
    283E : F9E6DF;
    283F : E4D1CB;
    2840 : DBCAC3;
    2841 : E7D8D1;
    2842 : EDDED7;
    2843 : DACDC4;
    2844 : 9E948A;
    2845 : 1A1207;
    2846 : 070000;
    2847 : 181005;
    2848 : 473D34;
    2849 : D6CCC3;
    284A : 423932;
    284B : 150C05;
    284C : 403730;
    284D : 726B65;
    284E : FFFAF4;
    284F : B9B4B0;
    2850 : 85807C;
    2851 : 332F2C;
    2852 : 332F2C;
    2853 : 3E3D39;
    2854 : 2A2927;
    2855 : 2B2A28;
    2856 : 21201E;
    2857 : 0F0E0C;
    2858 : 070707;
    2859 : 050505;
    285A : 060606;
    285B : 080808;
    285C : 060606;
    285D : 010101;
    285E : 020202;
    285F : 070707;
    2860 : 292929;
    2861 : 6F6F6F;
    2862 : C3C3C3;
    2863 : F3F3F3;
    2864 : FFFFFF;
    2865 : FEFEFE;
    2866 : F7F7F7;
    2867 : F0F0F0;
    2868 : F2F2F2;
    2869 : F2F2F2;
    286A : F2F2F2;
    286B : F2F2F2;
    286C : F2F2F2;
    286D : F2F2F2;
    286E : F2F2F2;
    286F : F2F2F2;
    2870 : F2F2F2;
    2871 : F2F2F2;
    2872 : F2F2F2;
    2873 : F2F2F2;
    2874 : F2F2F2;
    2875 : F2F2F2;
    2876 : F2F2F2;
    2877 : F2F2F2;
    2878 : F2F2F2;
    2879 : F2F2F2;
    287A : F2F2F2;
    287B : F2F2F2;
    287C : F2F2F2;
    287D : F2F2F2;
    287E : F2F2F2;
    287F : F2F2F2;
    2880 : F2F2F2;
    2881 : F2F2F2;
    2882 : F2F2F2;
    2883 : F2F2F2;
    2884 : F2F2F2;
    2885 : F2F2F2;
    2886 : F2F2F2;
    2887 : F2F2F2;
    2888 : F2F2F2;
    2889 : F2F2F2;
    288A : F2F2F2;
    288B : F2F2F2;
    288C : F2F2F2;
    288D : F2F2F2;
    288E : F2F2F2;
    288F : F2F2F2;
    2890 : F2F2F2;
    2891 : F2F2F2;
    2892 : F2F2F2;
    2893 : F2F2F2;
    2894 : F2F2F2;
    2895 : F2F2F2;
    2896 : F2F2F2;
    2897 : F2F2F2;
    2898 : F2F2F2;
    2899 : F2F2F2;
    289A : F2F2F2;
    289B : F2F2F2;
    289C : F2F2F2;
    289D : F2F2F2;
    289E : F2F2F2;
    289F : F2F2F2;
    28A0 : F2F2F2;
    28A1 : F2F2F2;
    28A2 : F2F2F2;
    28A3 : F2F2F2;
    28A4 : F2F2F2;
    28A5 : F2F2F2;
    28A6 : F2F2F2;
    28A7 : F2F2F2;
    28A8 : F2F2F2;
    28A9 : F2F2F2;
    28AA : F2F2F2;
    28AB : F2F2F2;
    28AC : F2F2F2;
    28AD : F2F2F2;
    28AE : F2F2F2;
    28AF : F2F2F2;
    28B0 : F2F2F2;
    28B1 : F2F2F2;
    28B2 : F2F2F2;
    28B3 : F2F2F2;
    28B4 : F2F2F2;
    28B5 : F2F2F2;
    28B6 : F2F2F2;
    28B7 : F2F2F2;
    28B8 : F2F2F2;
    28B9 : F2F2F2;
    28BA : F2F2F2;
    28BB : F2F2F2;
    28BC : F2F2F2;
    28BD : F2F2F2;
    28BE : F2F2F2;
    28BF : F2F2F2;
    28C0 : F2F2F2;
    28C1 : F2F2F2;
    28C2 : F2F2F2;
    28C3 : F2F2F2;
    28C4 : F2F2F2;
    28C5 : F2F2F2;
    28C6 : F2F2F2;
    28C7 : F2F2F2;
    28C8 : F2F2F2;
    28C9 : F2F2F2;
    28CA : F2F2F2;
    28CB : F2F2F2;
    28CC : F2F2F2;
    28CD : F2F2F2;
    28CE : F2F2F2;
    28CF : F2F2F2;
    28D0 : F2F2F2;
    28D1 : F2F2F2;
    28D2 : F2F2F2;
    28D3 : F2F2F2;
    28D4 : F2F2F2;
    28D5 : F2F2F2;
    28D6 : F2F2F2;
    28D7 : F2F2F2;
    28D8 : F1F1F1;
    28D9 : FFFFFF;
    28DA : FFFFFF;
    28DB : F8F8F8;
    28DC : FAFAFA;
    28DD : FFFFFF;
    28DE : E4E4E4;
    28DF : B5B5B5;
    28E0 : 8D8F8E;
    28E1 : 646665;
    28E2 : 2E3231;
    28E3 : 0C100F;
    28E4 : 020403;
    28E5 : 010302;
    28E6 : 040402;
    28E7 : 070604;
    28E8 : 0B0704;
    28E9 : 060000;
    28EA : 110600;
    28EB : 9E9189;
    28EC : 98877D;
    28ED : C7B4A6;
    28EE : AF998B;
    28EF : 301909;
    28F0 : 210400;
    28F1 : 6E4F3D;
    28F2 : A08371;
    28F3 : A78C79;
    28F4 : A48D7D;
    28F5 : 554234;
    28F6 : 514539;
    28F7 : 282119;
    28F8 : 120E0B;
    28F9 : 030000;
    28FA : 413937;
    28FB : 7D706A;
    28FC : C5ADA1;
    28FD : F5D4C3;
    28FE : F8CEB8;
    28FF : D5AC96;
    2900 : EACBB7;
    2901 : B69C8B;
    2902 : 120000;
    2903 : 4E3729;
    2904 : 7D675C;
    2905 : DCC8BF;
    2906 : E3D0C9;
    2907 : DECBC5;
    2908 : EFDED7;
    2909 : ECDDD8;
    290A : 9D908A;
    290B : 3B302A;
    290C : 0A0100;
    290D : 060000;
    290E : 3A3329;
    290F : 1D140B;
    2910 : 776D63;
    2911 : D1C4BB;
    2912 : B6A9A0;
    2913 : BFB2A9;
    2914 : D3C9C0;
    2915 : D6CDC6;
    2916 : EEE5DE;
    2917 : CFC8C2;
    2918 : 3C3733;
    2919 : 080401;
    291A : 0C0805;
    291B : 171614;
    291C : 050304;
    291D : 000000;
    291E : 000000;
    291F : 000000;
    2920 : 101010;
    2921 : 060606;
    2922 : 000000;
    2923 : 000000;
    2924 : 0D0D0D;
    2925 : 3E3E3E;
    2926 : 838383;
    2927 : B9B9B9;
    2928 : F7F7F7;
    2929 : FEFEFE;
    292A : FDFDFD;
    292B : F1F1F1;
    292C : EBEBEB;
    292D : EFEFEF;
    292E : EFEFEF;
    292F : EBEBEB;
    2930 : F2F2F2;
    2931 : F2F2F2;
    2932 : F2F2F2;
    2933 : F2F2F2;
    2934 : F2F2F2;
    2935 : F2F2F2;
    2936 : F2F2F2;
    2937 : F2F2F2;
    2938 : F2F2F2;
    2939 : F2F2F2;
    293A : F2F2F2;
    293B : F2F2F2;
    293C : F2F2F2;
    293D : F2F2F2;
    293E : F2F2F2;
    293F : F2F2F2;
    2940 : F2F2F2;
    2941 : F2F2F2;
    2942 : F2F2F2;
    2943 : F2F2F2;
    2944 : F2F2F2;
    2945 : F2F2F2;
    2946 : F2F2F2;
    2947 : F2F2F2;
    2948 : F2F2F2;
    2949 : F2F2F2;
    294A : F2F2F2;
    294B : F2F2F2;
    294C : F2F2F2;
    294D : F2F2F2;
    294E : F2F2F2;
    294F : F2F2F2;
    2950 : F2F2F2;
    2951 : F2F2F2;
    2952 : F2F2F2;
    2953 : F2F2F2;
    2954 : F2F2F2;
    2955 : F2F2F2;
    2956 : F2F2F2;
    2957 : F2F2F2;
    2958 : F2F2F2;
    2959 : F2F2F2;
    295A : F2F2F2;
    295B : F2F2F2;
    295C : F2F2F2;
    295D : F2F2F2;
    295E : F2F2F2;
    295F : F2F2F2;
    2960 : F2F2F2;
    2961 : F2F2F2;
    2962 : F2F2F2;
    2963 : F2F2F2;
    2964 : F2F2F2;
    2965 : F2F2F2;
    2966 : F2F2F2;
    2967 : F2F2F2;
    2968 : F2F2F2;
    2969 : F2F2F2;
    296A : F2F2F2;
    296B : F2F2F2;
    296C : F2F2F2;
    296D : F2F2F2;
    296E : F2F2F2;
    296F : F2F2F2;
    2970 : F2F2F2;
    2971 : F2F2F2;
    2972 : F2F2F2;
    2973 : F2F2F2;
    2974 : F2F2F2;
    2975 : F2F2F2;
    2976 : F2F2F2;
    2977 : F2F2F2;
    2978 : F2F2F2;
    2979 : F2F2F2;
    297A : F2F2F2;
    297B : F2F2F2;
    297C : F2F2F2;
    297D : F2F2F2;
    297E : F2F2F2;
    297F : F2F2F2;
    2980 : F2F2F2;
    2981 : F2F2F2;
    2982 : F2F2F2;
    2983 : F2F2F2;
    2984 : F2F2F2;
    2985 : F2F2F2;
    2986 : F2F2F2;
    2987 : F2F2F2;
    2988 : F2F2F2;
    2989 : F2F2F2;
    298A : F2F2F2;
    298B : F2F2F2;
    298C : F2F2F2;
    298D : F2F2F2;
    298E : F2F2F2;
    298F : F2F2F2;
    2990 : F2F2F2;
    2991 : F2F2F2;
    2992 : F2F2F2;
    2993 : F2F2F2;
    2994 : F2F2F2;
    2995 : F2F2F2;
    2996 : F2F2F2;
    2997 : F2F2F2;
    2998 : F2F2F2;
    2999 : F2F2F2;
    299A : F2F2F2;
    299B : F2F2F2;
    299C : F2F2F2;
    299D : F2F2F2;
    299E : F2F2F2;
    299F : F2F2F2;
    29A0 : E8E8E8;
    29A1 : E7E7E7;
    29A2 : ECECEC;
    29A3 : F3F3F3;
    29A4 : F2F2F2;
    29A5 : EEEEEE;
    29A6 : F3F3F3;
    29A7 : FEFEFE;
    29A8 : FEFFFF;
    29A9 : FEFFFF;
    29AA : EDF1F0;
    29AB : B0B4B3;
    29AC : 636564;
    29AD : 262827;
    29AE : 0A0907;
    29AF : 040000;
    29B0 : 0D0804;
    29B1 : 090200;
    29B2 : 100500;
    29B3 : 8C7E75;
    29B4 : C6B4A8;
    29B5 : C8B2A4;
    29B6 : FAE3D3;
    29B7 : B19683;
    29B8 : 230000;
    29B9 : 431D08;
    29BA : B7937D;
    29BB : B59580;
    29BC : A28774;
    29BD : A38D7F;
    29BE : FFFCF1;
    29BF : FBF4EC;
    29C0 : 6E6D69;
    29C1 : 454545;
    29C2 : 0B0706;
    29C3 : 180F0A;
    29C4 : 4F3D33;
    29C5 : B99D8F;
    29C6 : F4CFBC;
    29C7 : E8C4AE;
    29C8 : E7C7B2;
    29C9 : BEA18F;
    29CA : 150000;
    29CB : 644A3B;
    29CC : F1D9CD;
    29CD : EAD4C9;
    29CE : D4C0B7;
    29CF : F0DDD6;
    29D0 : B2A39C;
    29D1 : 5A4D47;
    29D2 : 0F0400;
    29D3 : 170E09;
    29D4 : 6D6660;
    29D5 : D3CCC4;
    29D6 : FFFEF8;
    29D7 : B9B2A8;
    29D8 : E5D9CD;
    29D9 : FFF7EA;
    29DA : E9D9CC;
    29DB : 84766B;
    29DC : 988B82;
    29DD : DCD2C9;
    29DE : DCD2C9;
    29DF : 8E857E;
    29E0 : 0B0400;
    29E1 : 0B0803;
    29E2 : 0F0B0A;
    29E3 : 060503;
    29E4 : 000000;
    29E5 : 090909;
    29E6 : 121212;
    29E7 : 111111;
    29E8 : 000000;
    29E9 : 040404;
    29EA : 2D2D2D;
    29EB : 777777;
    29EC : C7C7C7;
    29ED : F9F9F9;
    29EE : FFFFFF;
    29EF : F3F3F3;
    29F0 : E6E6E6;
    29F1 : EAEAEA;
    29F2 : EEEEEE;
    29F3 : F3F3F3;
    29F4 : F9F9F9;
    29F5 : FCFCFC;
    29F6 : F6F6F6;
    29F7 : EDEDED;
    29F8 : F2F2F2;
    29F9 : F2F2F2;
    29FA : F2F2F2;
    29FB : F2F2F2;
    29FC : F2F2F2;
    29FD : F2F2F2;
    29FE : F2F2F2;
    29FF : F2F2F2;
    2A00 : F2F2F2;
    2A01 : F2F2F2;
    2A02 : F2F2F2;
    2A03 : F2F2F2;
    2A04 : F2F2F2;
    2A05 : F2F2F2;
    2A06 : F2F2F2;
    2A07 : F2F2F2;
    2A08 : F2F2F2;
    2A09 : F2F2F2;
    2A0A : F2F2F2;
    2A0B : F2F2F2;
    2A0C : F2F2F2;
    2A0D : F2F2F2;
    2A0E : F2F2F2;
    2A0F : F2F2F2;
    2A10 : F2F2F2;
    2A11 : F2F2F2;
    2A12 : F2F2F2;
    2A13 : F2F2F2;
    2A14 : F2F2F2;
    2A15 : F2F2F2;
    2A16 : F2F2F2;
    2A17 : F2F2F2;
    2A18 : F2F2F2;
    2A19 : F2F2F2;
    2A1A : F2F2F2;
    2A1B : F2F2F2;
    2A1C : F2F2F2;
    2A1D : F2F2F2;
    2A1E : F2F2F2;
    2A1F : F2F2F2;
    2A20 : F2F2F2;
    2A21 : F2F2F2;
    2A22 : F2F2F2;
    2A23 : F2F2F2;
    2A24 : F2F2F2;
    2A25 : F2F2F2;
    2A26 : F2F2F2;
    2A27 : F2F2F2;
    2A28 : F2F2F2;
    2A29 : F2F2F2;
    2A2A : F2F2F2;
    2A2B : F2F2F2;
    2A2C : F2F2F2;
    2A2D : F2F2F2;
    2A2E : F2F2F2;
    2A2F : F2F2F2;
    2A30 : F2F2F2;
    2A31 : F2F2F2;
    2A32 : F2F2F2;
    2A33 : F2F2F2;
    2A34 : F2F2F2;
    2A35 : F2F2F2;
    2A36 : F2F2F2;
    2A37 : F2F2F2;
    2A38 : F2F2F2;
    2A39 : F2F2F2;
    2A3A : F2F2F2;
    2A3B : F2F2F2;
    2A3C : F2F2F2;
    2A3D : F2F2F2;
    2A3E : F2F2F2;
    2A3F : F2F2F2;
    2A40 : F2F2F2;
    2A41 : F2F2F2;
    2A42 : F2F2F2;
    2A43 : F2F2F2;
    2A44 : F2F2F2;
    2A45 : F2F2F2;
    2A46 : F2F2F2;
    2A47 : F2F2F2;
    2A48 : F2F2F2;
    2A49 : F2F2F2;
    2A4A : F2F2F2;
    2A4B : F2F2F2;
    2A4C : F2F2F2;
    2A4D : F2F2F2;
    2A4E : F2F2F2;
    2A4F : F2F2F2;
    2A50 : F2F2F2;
    2A51 : F2F2F2;
    2A52 : F2F2F2;
    2A53 : F2F2F2;
    2A54 : F2F2F2;
    2A55 : F2F2F2;
    2A56 : F2F2F2;
    2A57 : F2F2F2;
    2A58 : F2F2F2;
    2A59 : F2F2F2;
    2A5A : F2F2F2;
    2A5B : F2F2F2;
    2A5C : F2F2F2;
    2A5D : F2F2F2;
    2A5E : F2F2F2;
    2A5F : F2F2F2;
    2A60 : F2F2F2;
    2A61 : F2F2F2;
    2A62 : F2F2F2;
    2A63 : F2F2F2;
    2A64 : F2F2F2;
    2A65 : F2F2F2;
    2A66 : F2F2F2;
    2A67 : F2F2F2;
    2A68 : F2F2F2;
    2A69 : F5F5F5;
    2A6A : F2F2F2;
    2A6B : ECECEC;
    2A6C : EFEFEF;
    2A6D : F6F6F6;
    2A6E : F7F7F7;
    2A6F : F1F1F1;
    2A70 : ECEEED;
    2A71 : E9EDEC;
    2A72 : ECF0EF;
    2A73 : FBFFFE;
    2A74 : FEFFFF;
    2A75 : E5E7E6;
    2A76 : 8A8987;
    2A77 : 34302D;
    2A78 : 0F0A06;
    2A79 : 070000;
    2A7A : 0A0000;
    2A7B : 48372D;
    2A7C : D8C5B7;
    2A7D : D4BEB0;
    2A7E : DFC5B6;
    2A7F : BD9E8A;
    2A80 : E2BAA1;
    2A81 : 794D34;
    2A82 : 9B7158;
    2A83 : AF8A70;
    2A84 : A1816C;
    2A85 : AA907F;
    2A86 : FFFCEF;
    2A87 : F8EFE8;
    2A88 : F6F5F1;
    2A89 : EEEEEE;
    2A8A : BEBEBC;
    2A8B : 060100;
    2A8C : 1D0F06;
    2A8D : 271103;
    2A8E : A1826E;
    2A8F : F7D4BE;
    2A90 : E8C5B1;
    2A91 : BE9E89;
    2A92 : 4E2F1B;
    2A93 : C8AB99;
    2A94 : E0C4B6;
    2A95 : FEE6DA;
    2A96 : DBC5BA;
    2A97 : 77645D;
    2A98 : 1F1009;
    2A99 : 0C0000;
    2A9A : 837874;
    2A9B : E7DED9;
    2A9C : FFFEF8;
    2A9D : FFFEF8;
    2A9E : DBD6D2;
    2A9F : 9A918A;
    2AA0 : DED0C3;
    2AA1 : EDDBCD;
    2AA2 : C0AEA0;
    2AA3 : A8988B;
    2AA4 : 9F9186;
    2AA5 : BBAEA5;
    2AA6 : BDB3AA;
    2AA7 : 625952;
    2AA8 : 060000;
    2AA9 : 15120D;
    2AAA : 090504;
    2AAB : 010000;
    2AAC : 090909;
    2AAD : 0A0B0D;
    2AAE : 000002;
    2AAF : 000002;
    2AB0 : 565656;
    2AB1 : 9B9B9B;
    2AB2 : E4E4E4;
    2AB3 : FEFEFE;
    2AB4 : F4F4F4;
    2AB5 : EAEAEA;
    2AB6 : EFEFEF;
    2AB7 : F9F9F9;
    2AB8 : F4F4F4;
    2AB9 : F8F8F8;
    2ABA : FAFAFA;
    2ABB : F2F2F2;
    2ABC : E4E4E4;
    2ABD : DFDFDF;
    2ABE : ECECEC;
    2ABF : FDFDFD;
    2AC0 : F2F2F2;
    2AC1 : F2F2F2;
    2AC2 : F2F2F2;
    2AC3 : F2F2F2;
    2AC4 : F2F2F2;
    2AC5 : F2F2F2;
    2AC6 : F2F2F2;
    2AC7 : F2F2F2;
    2AC8 : F2F2F2;
    2AC9 : F2F2F2;
    2ACA : F2F2F2;
    2ACB : F2F2F2;
    2ACC : F2F2F2;
    2ACD : F2F2F2;
    2ACE : F2F2F2;
    2ACF : F2F2F2;
    2AD0 : F2F2F2;
    2AD1 : F2F2F2;
    2AD2 : F2F2F2;
    2AD3 : F2F2F2;
    2AD4 : F2F2F2;
    2AD5 : F2F2F2;
    2AD6 : F2F2F2;
    2AD7 : F2F2F2;
    2AD8 : F2F2F2;
    2AD9 : F2F2F2;
    2ADA : F2F2F2;
    2ADB : F2F2F2;
    2ADC : F2F2F2;
    2ADD : F2F2F2;
    2ADE : F2F2F2;
    2ADF : F2F2F2;
    2AE0 : F2F2F2;
    2AE1 : F2F2F2;
    2AE2 : F2F2F2;
    2AE3 : F2F2F2;
    2AE4 : F2F2F2;
    2AE5 : F2F2F2;
    2AE6 : F2F2F2;
    2AE7 : F2F2F2;
    2AE8 : F2F2F2;
    2AE9 : F2F2F2;
    2AEA : F2F2F2;
    2AEB : F2F2F2;
    2AEC : F2F2F2;
    2AED : F2F2F2;
    2AEE : F2F2F2;
    2AEF : F2F2F2;
    2AF0 : F2F2F2;
    2AF1 : F2F2F2;
    2AF2 : F2F2F2;
    2AF3 : F2F2F2;
    2AF4 : F2F2F2;
    2AF5 : F2F2F2;
    2AF6 : F2F2F2;
    2AF7 : F2F2F2;
    2AF8 : F2F2F2;
    2AF9 : F2F2F2;
    2AFA : F2F2F2;
    2AFB : F2F2F2;
    2AFC : F2F2F2;
    2AFD : F2F2F2;
    2AFE : F2F2F2;
    2AFF : F2F2F2;
    2B00 : F2F2F2;
    2B01 : F2F2F2;
    2B02 : F2F2F2;
    2B03 : F2F2F2;
    2B04 : F2F2F2;
    2B05 : F2F2F2;
    2B06 : F2F2F2;
    2B07 : F2F2F2;
    2B08 : F2F2F2;
    2B09 : F2F2F2;
    2B0A : F2F2F2;
    2B0B : F2F2F2;
    2B0C : F2F2F2;
    2B0D : F2F2F2;
    2B0E : F2F2F2;
    2B0F : F2F2F2;
    2B10 : F2F2F2;
    2B11 : F2F2F2;
    2B12 : F2F2F2;
    2B13 : F2F2F2;
    2B14 : F2F2F2;
    2B15 : F2F2F2;
    2B16 : F2F2F2;
    2B17 : F2F2F2;
    2B18 : F2F2F2;
    2B19 : F2F2F2;
    2B1A : F2F2F2;
    2B1B : F2F2F2;
    2B1C : F2F2F2;
    2B1D : F2F2F2;
    2B1E : F2F2F2;
    2B1F : F2F2F2;
    2B20 : F2F2F2;
    2B21 : F2F2F2;
    2B22 : F2F2F2;
    2B23 : F2F2F2;
    2B24 : F2F2F2;
    2B25 : F2F2F2;
    2B26 : F2F2F2;
    2B27 : F2F2F2;
    2B28 : F2F2F2;
    2B29 : F2F2F2;
    2B2A : F2F2F2;
    2B2B : F2F2F2;
    2B2C : F2F2F2;
    2B2D : F2F2F2;
    2B2E : F2F2F2;
    2B2F : F2F2F2;
    2B30 : F4F4F4;
    2B31 : EFEFEF;
    2B32 : EFEFEF;
    2B33 : F4F4F4;
    2B34 : F3F3F3;
    2B35 : EEEEEE;
    2B36 : EEEEEE;
    2B37 : F3F3F3;
    2B38 : EAECEB;
    2B39 : F2F6F5;
    2B3A : EFF3F2;
    2B3B : E4E8E7;
    2B3C : ECEEED;
    2B3D : FEFFFF;
    2B3E : FEFDFB;
    2B3F : EFEBE8;
    2B40 : 7F7A76;
    2B41 : 110801;
    2B42 : 120500;
    2B43 : 0D0000;
    2B44 : A69385;
    2B45 : E8D2C4;
    2B46 : E0C6B7;
    2B47 : 9B7C68;
    2B48 : B48A72;
    2B49 : E5B79D;
    2B4A : A4765C;
    2B4B : BB9178;
    2B4C : BB977F;
    2B4D : 967A65;
    2B4E : FFFBEC;
    2B4F : FFF5EC;
    2B50 : F8F3EF;
    2B51 : FFFFFB;
    2B52 : E9E8E4;
    2B53 : 130E08;
    2B54 : 1A0C03;
    2B55 : 250F01;
    2B56 : 1B0000;
    2B57 : 9C7965;
    2B58 : A57F6A;
    2B59 : 9E7863;
    2B5A : D0AB98;
    2B5B : D3B29F;
    2B5C : E1C4B4;
    2B5D : 8E7465;
    2B5E : 1D0700;
    2B5F : 0E0000;
    2B60 : 0B0000;
    2B61 : 40332D;
    2B62 : FBF0EA;
    2B63 : FFFDF8;
    2B64 : F7EDEB;
    2B65 : FFF9F6;
    2B66 : D0C8C5;
    2B67 : B5ACA5;
    2B68 : F5E5D8;
    2B69 : EDDCCC;
    2B6A : 9E8C7E;
    2B6B : B1A194;
    2B6C : 8B7D72;
    2B6D : CCBFB6;
    2B6E : 998F86;
    2B6F : 251C15;
    2B70 : 060000;
    2B71 : 15110E;
    2B72 : 070604;
    2B73 : 080808;
    2B74 : 0A0B0D;
    2B75 : 020305;
    2B76 : 494D50;
    2B77 : C2C6C7;
    2B78 : F6F6F8;
    2B79 : FEFEFE;
    2B7A : FCFCFC;
    2B7B : F2F2F2;
    2B7C : F2F2F2;
    2B7D : F9F9F9;
    2B7E : F4F4F4;
    2B7F : E7E7E7;
    2B80 : F3F3F3;
    2B81 : EAEAEA;
    2B82 : EAEAEA;
    2B83 : F4F4F4;
    2B84 : FAFAFA;
    2B85 : F5F5F5;
    2B86 : F0F0F0;
    2B87 : F1F1F1;
    2B88 : F2F2F2;
    2B89 : F2F2F2;
    2B8A : F2F2F2;
    2B8B : F2F2F2;
    2B8C : F2F2F2;
    2B8D : F2F2F2;
    2B8E : F2F2F2;
    2B8F : F2F2F2;
    2B90 : F2F2F2;
    2B91 : F2F2F2;
    2B92 : F2F2F2;
    2B93 : F2F2F2;
    2B94 : F2F2F2;
    2B95 : F2F2F2;
    2B96 : F2F2F2;
    2B97 : F2F2F2;
    2B98 : F2F2F2;
    2B99 : F2F2F2;
    2B9A : F2F2F2;
    2B9B : F2F2F2;
    2B9C : F2F2F2;
    2B9D : F2F2F2;
    2B9E : F2F2F2;
    2B9F : F2F2F2;
    2BA0 : F2F2F2;
    2BA1 : F2F2F2;
    2BA2 : F2F2F2;
    2BA3 : F2F2F2;
    2BA4 : F2F2F2;
    2BA5 : F2F2F2;
    2BA6 : F2F2F2;
    2BA7 : F2F2F2;
    2BA8 : F2F2F2;
    2BA9 : F2F2F2;
    2BAA : F2F2F2;
    2BAB : F2F2F2;
    2BAC : F2F2F2;
    2BAD : F2F2F2;
    2BAE : F2F2F2;
    2BAF : F2F2F2;
    2BB0 : F2F2F2;
    2BB1 : F2F2F2;
    2BB2 : F2F2F2;
    2BB3 : F2F2F2;
    2BB4 : F2F2F2;
    2BB5 : F2F2F2;
    2BB6 : F2F2F2;
    2BB7 : F2F2F2;
    2BB8 : F2F2F2;
    2BB9 : F2F2F2;
    2BBA : F2F2F2;
    2BBB : F2F2F2;
    2BBC : F2F2F2;
    2BBD : F2F2F2;
    2BBE : F2F2F2;
    2BBF : F2F2F2;
    2BC0 : F2F2F2;
    2BC1 : F2F2F2;
    2BC2 : F2F2F2;
    2BC3 : F2F2F2;
    2BC4 : F2F2F2;
    2BC5 : F2F2F2;
    2BC6 : F2F2F2;
    2BC7 : F2F2F2;
    2BC8 : F2F2F2;
    2BC9 : F2F2F2;
    2BCA : F2F2F2;
    2BCB : F2F2F2;
    2BCC : F2F2F2;
    2BCD : F2F2F2;
    2BCE : F2F2F2;
    2BCF : F2F2F2;
    2BD0 : F2F2F2;
    2BD1 : F2F2F2;
    2BD2 : F2F2F2;
    2BD3 : F2F2F2;
    2BD4 : F2F2F2;
    2BD5 : F2F2F2;
    2BD6 : F2F2F2;
    2BD7 : F2F2F2;
    2BD8 : F2F2F2;
    2BD9 : F2F2F2;
    2BDA : F2F2F2;
    2BDB : F2F2F2;
    2BDC : F2F2F2;
    2BDD : F2F2F2;
    2BDE : F2F2F2;
    2BDF : F2F2F2;
    2BE0 : F2F2F2;
    2BE1 : F2F2F2;
    2BE2 : F2F2F2;
    2BE3 : F2F2F2;
    2BE4 : F2F2F2;
    2BE5 : F2F2F2;
    2BE6 : F2F2F2;
    2BE7 : F2F2F2;
    2BE8 : F2F2F2;
    2BE9 : F2F2F2;
    2BEA : F2F2F2;
    2BEB : F2F2F2;
    2BEC : F2F2F2;
    2BED : F2F2F2;
    2BEE : F2F2F2;
    2BEF : F2F2F2;
    2BF0 : F2F2F2;
    2BF1 : F2F2F2;
    2BF2 : F2F2F2;
    2BF3 : F2F2F2;
    2BF4 : F2F2F2;
    2BF5 : F2F2F2;
    2BF6 : F2F2F2;
    2BF7 : F2F2F2;
    2BF8 : F2F2F2;
    2BF9 : F2F2F2;
    2BFA : F2F2F2;
    2BFB : F2F2F2;
    2BFC : F2F2F2;
    2BFD : F2F2F2;
    2BFE : F2F2F2;
    2BFF : F2F2F2;
    2C00 : F2F4F3;
    2C01 : F2F4F3;
    2C02 : F2F4F3;
    2C03 : F0F2F1;
    2C04 : ECEEED;
    2C05 : EAECEB;
    2C06 : F0EFED;
    2C07 : F8F4F1;
    2C08 : FFFBF7;
    2C09 : C3BCB6;
    2C0A : 231812;
    2C0B : 150700;
    2C0C : 1B0900;
    2C0D : DBC5B8;
    2C0E : FAE3D5;
    2C0F : C8AB99;
    2C10 : AA816B;
    2C11 : 7B4D33;
    2C12 : 8E6046;
    2C13 : BE9279;
    2C14 : AF8A70;
    2C15 : 96765F;
    2C16 : E3C9B8;
    2C17 : FDEBDD;
    2C18 : F6ECE3;
    2C19 : FFFEF8;
    2C1A : FFFDF7;
    2C1B : D2C7C1;
    2C1C : DCCBC1;
    2C1D : FCE5D7;
    2C1E : B29381;
    2C1F : 56321C;
    2C20 : 320800;
    2C21 : C79D85;
    2C22 : CEA58F;
    2C23 : AA8572;
    2C24 : 4E2D1C;
    2C25 : 3A1F0E;
    2C26 : B39B8F;
    2C27 : B8A499;
    2C28 : 7A6961;
    2C29 : B7AAA2;
    2C2A : FFFCF6;
    2C2B : FFFCF6;
    2C2C : FFFCF8;
    2C2D : F0E7E2;
    2C2E : ADA49F;
    2C2F : DED3CD;
    2C30 : E4D4C7;
    2C31 : E0CEC0;
    2C32 : 837165;
    2C33 : 79695C;
    2C34 : B4A69B;
    2C35 : E0D3CA;
    2C36 : 534940;
    2C37 : 070000;
    2C38 : 0D0600;
    2C39 : 0A0603;
    2C3A : 030200;
    2C3B : 040404;
    2C3C : 1F2022;
    2C3D : BDBEC0;
    2C3E : FCFFFF;
    2C3F : F6FAFB;
    2C40 : E7E7E9;
    2C41 : F3F3F3;
    2C42 : F5F5F5;
    2C43 : EBEBEB;
    2C44 : EBEBEB;
    2C45 : F5F5F5;
    2C46 : F6F6F6;
    2C47 : EDEDED;
    2C48 : F2F2F2;
    2C49 : F2F2F2;
    2C4A : F2F2F2;
    2C4B : F2F2F2;
    2C4C : F2F2F2;
    2C4D : F2F2F2;
    2C4E : F2F2F2;
    2C4F : F2F2F2;
    2C50 : F2F2F2;
    2C51 : F2F2F2;
    2C52 : F2F2F2;
    2C53 : F2F2F2;
    2C54 : F2F2F2;
    2C55 : F2F2F2;
    2C56 : F2F2F2;
    2C57 : F2F2F2;
    2C58 : F2F2F2;
    2C59 : F2F2F2;
    2C5A : F2F2F2;
    2C5B : F2F2F2;
    2C5C : F2F2F2;
    2C5D : F2F2F2;
    2C5E : F2F2F2;
    2C5F : F2F2F2;
    2C60 : F2F2F2;
    2C61 : F2F2F2;
    2C62 : F2F2F2;
    2C63 : F2F2F2;
    2C64 : F2F2F2;
    2C65 : F2F2F2;
    2C66 : F2F2F2;
    2C67 : F2F2F2;
    2C68 : F2F2F2;
    2C69 : F2F2F2;
    2C6A : F2F2F2;
    2C6B : F2F2F2;
    2C6C : F2F2F2;
    2C6D : F2F2F2;
    2C6E : F2F2F2;
    2C6F : F2F2F2;
    2C70 : F2F2F2;
    2C71 : F2F2F2;
    2C72 : F2F2F2;
    2C73 : F2F2F2;
    2C74 : F2F2F2;
    2C75 : F2F2F2;
    2C76 : F2F2F2;
    2C77 : F2F2F2;
    2C78 : F2F2F2;
    2C79 : F2F2F2;
    2C7A : F2F2F2;
    2C7B : F2F2F2;
    2C7C : F2F2F2;
    2C7D : F2F2F2;
    2C7E : F2F2F2;
    2C7F : F2F2F2;
    2C80 : F2F2F2;
    2C81 : F2F2F2;
    2C82 : F2F2F2;
    2C83 : F2F2F2;
    2C84 : F2F2F2;
    2C85 : F2F2F2;
    2C86 : F2F2F2;
    2C87 : F2F2F2;
    2C88 : F2F2F2;
    2C89 : F2F2F2;
    2C8A : F2F2F2;
    2C8B : F2F2F2;
    2C8C : F2F2F2;
    2C8D : F2F2F2;
    2C8E : F2F2F2;
    2C8F : F2F2F2;
    2C90 : F2F2F2;
    2C91 : F2F2F2;
    2C92 : F2F2F2;
    2C93 : F2F2F2;
    2C94 : F2F2F2;
    2C95 : F2F2F2;
    2C96 : F2F2F2;
    2C97 : F2F2F2;
    2C98 : F2F2F2;
    2C99 : F2F2F2;
    2C9A : F2F2F2;
    2C9B : F2F2F2;
    2C9C : F2F2F2;
    2C9D : F2F2F2;
    2C9E : F2F2F2;
    2C9F : F2F2F2;
    2CA0 : F2F2F2;
    2CA1 : F2F2F2;
    2CA2 : F2F2F2;
    2CA3 : F2F2F2;
    2CA4 : F2F2F2;
    2CA5 : F2F2F2;
    2CA6 : F2F2F2;
    2CA7 : F2F2F2;
    2CA8 : F2F2F2;
    2CA9 : F2F2F2;
    2CAA : F2F2F2;
    2CAB : F2F2F2;
    2CAC : F2F2F2;
    2CAD : F2F2F2;
    2CAE : F2F2F2;
    2CAF : F2F2F2;
    2CB0 : F2F2F2;
    2CB1 : F2F2F2;
    2CB2 : F2F2F2;
    2CB3 : F2F2F2;
    2CB4 : F2F2F2;
    2CB5 : F2F2F2;
    2CB6 : F2F2F2;
    2CB7 : F2F2F2;
    2CB8 : F2F2F2;
    2CB9 : F2F2F2;
    2CBA : F2F2F2;
    2CBB : F2F2F2;
    2CBC : F2F2F2;
    2CBD : F2F2F2;
    2CBE : F2F2F2;
    2CBF : F2F2F2;
    2CC0 : F2F2F2;
    2CC1 : F2F2F2;
    2CC2 : F2F2F2;
    2CC3 : F2F2F2;
    2CC4 : F2F2F2;
    2CC5 : F2F2F2;
    2CC6 : F2F2F2;
    2CC7 : F2F2F2;
    2CC8 : F1F3F2;
    2CC9 : EEF0EF;
    2CCA : EDEFEE;
    2CCB : F1F3F2;
    2CCC : F7F9F8;
    2CCD : F8FAF9;
    2CCE : F5F5F3;
    2CCF : F3F2F0;
    2CD0 : E8E4E1;
    2CD1 : FFFEFA;
    2CD2 : CAC1BA;
    2CD3 : 1A0D05;
    2CD4 : 150400;
    2CD5 : 261408;
    2CD6 : AE988D;
    2CD7 : EACEC0;
    2CD8 : D2AD9A;
    2CD9 : BC927C;
    2CDA : 946A52;
    2CDB : 9A7057;
    2CDC : C0987E;
    2CDD : A17D63;
    2CDE : A0816C;
    2CDF : 9E8571;
    2CE0 : A99687;
    2CE1 : 9B8B7E;
    2CE2 : B6A59B;
    2CE3 : D0BEB2;
    2CE4 : E5CDC1;
    2CE5 : E3C6B6;
    2CE6 : C29F8C;
    2CE7 : C09781;
    2CE8 : BD8F77;
    2CE9 : BF9179;
    2CEA : C59881;
    2CEB : D9B39C;
    2CEC : D5B29F;
    2CED : B89B89;
    2CEE : CCB2A3;
    2CEF : FCE6D9;
    2CF0 : E6D4CA;
    2CF1 : D6C8BF;
    2CF2 : CEC1B9;
    2CF3 : BDB0A8;
    2CF4 : B4A7A1;
    2CF5 : B2A59F;
    2CF6 : C1B4AE;
    2CF7 : F2E3DC;
    2CF8 : FBEAE0;
    2CF9 : 938376;
    2CFA : 8D7C72;
    2CFB : D2C4B9;
    2CFC : F1E4DB;
    2CFD : 82786F;
    2CFE : 1B120B;
    2CFF : 110A04;
    2D00 : 15100C;
    2D01 : 050100;
    2D02 : 141311;
    2D03 : 313131;
    2D04 : 141517;
    2D05 : 444547;
    2D06 : 9B9FA2;
    2D07 : E1E5E6;
    2D08 : FFFFFF;
    2D09 : F1F1F1;
    2D0A : E7E7E7;
    2D0B : EFEFEF;
    2D0C : F9F9F9;
    2D0D : F8F8F8;
    2D0E : F1F1F1;
    2D0F : ECECEC;
    2D10 : F2F2F2;
    2D11 : F2F2F2;
    2D12 : F2F2F2;
    2D13 : F2F2F2;
    2D14 : F2F2F2;
    2D15 : F2F2F2;
    2D16 : F2F2F2;
    2D17 : F2F2F2;
    2D18 : F2F2F2;
    2D19 : F2F2F2;
    2D1A : F2F2F2;
    2D1B : F2F2F2;
    2D1C : F2F2F2;
    2D1D : F2F2F2;
    2D1E : F2F2F2;
    2D1F : F2F2F2;
    2D20 : F2F2F2;
    2D21 : F2F2F2;
    2D22 : F2F2F2;
    2D23 : F2F2F2;
    2D24 : F2F2F2;
    2D25 : F2F2F2;
    2D26 : F2F2F2;
    2D27 : F2F2F2;
    2D28 : F2F2F2;
    2D29 : F2F2F2;
    2D2A : F2F2F2;
    2D2B : F2F2F2;
    2D2C : F2F2F2;
    2D2D : F2F2F2;
    2D2E : F2F2F2;
    2D2F : F2F2F2;
    2D30 : F2F2F2;
    2D31 : F2F2F2;
    2D32 : F2F2F2;
    2D33 : F2F2F2;
    2D34 : F2F2F2;
    2D35 : F2F2F2;
    2D36 : F2F2F2;
    2D37 : F2F2F2;
    2D38 : F2F2F2;
    2D39 : F2F2F2;
    2D3A : F2F2F2;
    2D3B : F2F2F2;
    2D3C : F2F2F2;
    2D3D : F2F2F2;
    2D3E : F2F2F2;
    2D3F : F2F2F2;
    2D40 : F2F2F2;
    2D41 : F2F2F2;
    2D42 : F2F2F2;
    2D43 : F2F2F2;
    2D44 : F2F2F2;
    2D45 : F2F2F2;
    2D46 : F2F2F2;
    2D47 : F2F2F2;
    2D48 : F2F2F2;
    2D49 : F2F2F2;
    2D4A : F2F2F2;
    2D4B : F2F2F2;
    2D4C : F2F2F2;
    2D4D : F2F2F2;
    2D4E : F2F2F2;
    2D4F : F2F2F2;
    2D50 : F2F2F2;
    2D51 : F2F2F2;
    2D52 : F2F2F2;
    2D53 : F2F2F2;
    2D54 : F2F2F2;
    2D55 : F2F2F2;
    2D56 : F2F2F2;
    2D57 : F2F2F2;
    2D58 : F2F2F2;
    2D59 : F2F2F2;
    2D5A : F2F2F2;
    2D5B : F2F2F2;
    2D5C : F2F2F2;
    2D5D : F2F2F2;
    2D5E : F2F2F2;
    2D5F : F2F2F2;
    2D60 : F2F2F2;
    2D61 : F2F2F2;
    2D62 : F2F2F2;
    2D63 : F2F2F2;
    2D64 : F2F2F2;
    2D65 : F2F2F2;
    2D66 : F2F2F2;
    2D67 : F2F2F2;
    2D68 : F2F2F2;
    2D69 : F2F2F2;
    2D6A : F2F2F2;
    2D6B : F2F2F2;
    2D6C : F2F2F2;
    2D6D : F2F2F2;
    2D6E : F2F2F2;
    2D6F : F2F2F2;
    2D70 : F2F2F2;
    2D71 : F2F2F2;
    2D72 : F2F2F2;
    2D73 : F2F2F2;
    2D74 : F2F2F2;
    2D75 : F2F2F2;
    2D76 : F2F2F2;
    2D77 : F2F2F2;
    2D78 : F2F2F2;
    2D79 : F2F2F2;
    2D7A : F2F2F2;
    2D7B : F2F2F2;
    2D7C : F2F2F2;
    2D7D : F2F2F2;
    2D7E : F2F2F2;
    2D7F : F2F2F2;
    2D80 : F2F2F2;
    2D81 : F2F2F2;
    2D82 : F2F2F2;
    2D83 : F2F2F2;
    2D84 : F2F2F2;
    2D85 : F2F2F2;
    2D86 : F2F2F2;
    2D87 : F2F2F2;
    2D88 : F2F2F2;
    2D89 : F2F2F2;
    2D8A : F2F2F2;
    2D8B : F2F2F2;
    2D8C : F2F2F2;
    2D8D : F2F2F2;
    2D8E : F2F2F2;
    2D8F : F2F2F2;
    2D90 : F3F3F1;
    2D91 : F2F2F0;
    2D92 : F0F2EF;
    2D93 : F0F2EF;
    2D94 : F1F3F2;
    2D95 : F1F3F2;
    2D96 : F0F2F1;
    2D97 : EEEEEC;
    2D98 : F2F1EF;
    2D99 : F9F5F2;
    2D9A : D2CAC7;
    2D9B : 261B17;
    2D9C : 1B0E08;
    2D9D : 0B0000;
    2D9E : 0E0000;
    2D9F : 5C463B;
    2DA0 : D0B2A7;
    2DA1 : F6D5C4;
    2DA2 : D0AB98;
    2DA3 : 9B725C;
    2DA4 : BF957C;
    2DA5 : BF967A;
    2DA6 : AC876C;
    2DA7 : 8E6C51;
    2DA8 : 91725D;
    2DA9 : 7C614E;
    2DAA : 806554;
    2DAB : 836656;
    2DAC : 8A6958;
    2DAD : 997462;
    2DAE : B18874;
    2DAF : DBAD96;
    2DB0 : E9B79E;
    2DB1 : CF9D84;
    2DB2 : DFB199;
    2DB3 : ECC2AA;
    2DB4 : FED8C5;
    2DB5 : E6C5B2;
    2DB6 : B89D8C;
    2DB7 : C6AF9F;
    2DB8 : B4A193;
    2DB9 : B2A094;
    2DBA : B7A69C;
    2DBB : D3C2BA;
    2DBC : D8C7BF;
    2DBD : E1D0C8;
    2DBE : FBE8E1;
    2DBF : ECDBD3;
    2DC0 : DFD1C6;
    2DC1 : B3A79B;
    2DC2 : FBEEE5;
    2DC3 : E3D9D0;
    2DC4 : 72685F;
    2DC5 : 0D0400;
    2DC6 : 130C06;
    2DC7 : 070200;
    2DC8 : 030000;
    2DC9 : 1E1D1B;
    2DCA : 5A5A5A;
    2DCB : 8C8C8C;
    2DCC : 606163;
    2DCD : 2D3134;
    2DCE : 191D20;
    2DCF : 272B2C;
    2DD0 : 8F8F91;
    2DD1 : CCCCCC;
    2DD2 : FEFEFE;
    2DD3 : FFFFFF;
    2DD4 : F2F2F2;
    2DD5 : F3F3F3;
    2DD6 : F6F6F6;
    2DD7 : F1F1F1;
    2DD8 : F2F2F2;
    2DD9 : F2F2F2;
    2DDA : F2F2F2;
    2DDB : F2F2F2;
    2DDC : F2F2F2;
    2DDD : F2F2F2;
    2DDE : F2F2F2;
    2DDF : F2F2F2;
    2DE0 : F2F2F2;
    2DE1 : F2F2F2;
    2DE2 : F2F2F2;
    2DE3 : F2F2F2;
    2DE4 : F2F2F2;
    2DE5 : F2F2F2;
    2DE6 : F2F2F2;
    2DE7 : F2F2F2;
    2DE8 : F2F2F2;
    2DE9 : F2F2F2;
    2DEA : F2F2F2;
    2DEB : F2F2F2;
    2DEC : F2F2F2;
    2DED : F2F2F2;
    2DEE : F2F2F2;
    2DEF : F2F2F2;
    2DF0 : F2F2F2;
    2DF1 : F2F2F2;
    2DF2 : F2F2F2;
    2DF3 : F2F2F2;
    2DF4 : F2F2F2;
    2DF5 : F2F2F2;
    2DF6 : F2F2F2;
    2DF7 : F2F2F2;
    2DF8 : F2F2F2;
    2DF9 : F2F2F2;
    2DFA : F2F2F2;
    2DFB : F2F2F2;
    2DFC : F2F2F2;
    2DFD : F2F2F2;
    2DFE : F2F2F2;
    2DFF : F2F2F2;
    2E00 : F2F2F2;
    2E01 : F2F2F2;
    2E02 : F2F2F2;
    2E03 : F2F2F2;
    2E04 : F2F2F2;
    2E05 : F2F2F2;
    2E06 : F2F2F2;
    2E07 : F2F2F2;
    2E08 : F2F2F2;
    2E09 : F2F2F2;
    2E0A : F2F2F2;
    2E0B : F2F2F2;
    2E0C : F2F2F2;
    2E0D : F2F2F2;
    2E0E : F2F2F2;
    2E0F : F2F2F2;
    2E10 : F2F2F2;
    2E11 : F2F2F2;
    2E12 : F2F2F2;
    2E13 : F2F2F2;
    2E14 : F2F2F2;
    2E15 : F2F2F2;
    2E16 : F2F2F2;
    2E17 : F2F2F2;
    2E18 : F2F2F2;
    2E19 : F2F2F2;
    2E1A : F2F2F2;
    2E1B : F2F2F2;
    2E1C : F2F2F2;
    2E1D : F2F2F2;
    2E1E : F2F2F2;
    2E1F : F2F2F2;
    2E20 : F2F2F2;
    2E21 : F2F2F2;
    2E22 : F2F2F2;
    2E23 : F2F2F2;
    2E24 : F2F2F2;
    2E25 : F2F2F2;
    2E26 : F2F2F2;
    2E27 : F2F2F2;
    2E28 : F2F2F2;
    2E29 : F2F2F2;
    2E2A : F2F2F2;
    2E2B : F2F2F2;
    2E2C : F2F2F2;
    2E2D : F2F2F2;
    2E2E : F2F2F2;
    2E2F : F2F2F2;
    2E30 : F2F2F2;
    2E31 : F2F2F2;
    2E32 : F2F2F2;
    2E33 : F2F2F2;
    2E34 : F2F2F2;
    2E35 : F2F2F2;
    2E36 : F2F2F2;
    2E37 : F2F2F2;
    2E38 : F2F2F2;
    2E39 : F2F2F2;
    2E3A : F2F2F2;
    2E3B : F2F2F2;
    2E3C : F2F2F2;
    2E3D : F2F2F2;
    2E3E : F2F2F2;
    2E3F : F2F2F2;
    2E40 : F2F2F2;
    2E41 : F2F2F2;
    2E42 : F2F2F2;
    2E43 : F2F2F2;
    2E44 : F2F2F2;
    2E45 : F2F2F2;
    2E46 : F2F2F2;
    2E47 : F2F2F2;
    2E48 : F2F2F2;
    2E49 : F2F2F2;
    2E4A : F2F2F2;
    2E4B : F2F2F2;
    2E4C : F2F2F2;
    2E4D : F2F2F2;
    2E4E : F2F2F2;
    2E4F : F2F2F2;
    2E50 : F2F2F2;
    2E51 : F2F2F2;
    2E52 : F2F2F2;
    2E53 : F2F2F2;
    2E54 : F2F2F2;
    2E55 : F2F2F2;
    2E56 : F2F2F2;
    2E57 : F2F2F2;
    2E58 : F1F1EF;
    2E59 : F7F7F5;
    2E5A : F8F8F6;
    2E5B : EFF1EE;
    2E5C : E8EAE9;
    2E5D : E9EBEA;
    2E5E : F0F2F1;
    2E5F : F6F8F7;
    2E60 : FFFFFF;
    2E61 : 91908E;
    2E62 : 14100D;
    2E63 : 0B0300;
    2E64 : 0D0301;
    2E65 : 150A06;
    2E66 : 120500;
    2E67 : 0D0000;
    2E68 : 100000;
    2E69 : 785D54;
    2E6A : CAAA9B;
    2E6B : C19D87;
    2E6C : B78D74;
    2E6D : AB7E5F;
    2E6E : BD8F6E;
    2E6F : B98C6D;
    2E70 : D2A689;
    2E71 : DAB298;
    2E72 : DCB49B;
    2E73 : C79E88;
    2E74 : BD937D;
    2E75 : C99A86;
    2E76 : D0A08A;
    2E77 : D6A28A;
    2E78 : CA947A;
    2E79 : D8A288;
    2E7A : F7C5AC;
    2E7B : F1C5AC;
    2E7C : EEC5B1;
    2E7D : EAC7B3;
    2E7E : DEC1AF;
    2E7F : B49A89;
    2E80 : AD9688;
    2E81 : B59F92;
    2E82 : AF9B90;
    2E83 : B19D92;
    2E84 : BCA89D;
    2E85 : E0CABF;
    2E86 : FDE7DC;
    2E87 : E8D4CB;
    2E88 : DDD0C7;
    2E89 : E9DFD6;
    2E8A : B5ACA5;
    2E8B : 483F38;
    2E8C : 130C06;
    2E8D : 100903;
    2E8E : 040000;
    2E8F : 0D0906;
    2E90 : 201F1D;
    2E91 : 262624;
    2E92 : 1C1C1C;
    2E93 : 131416;
    2E94 : 111516;
    2E95 : 191D20;
    2E96 : 121619;
    2E97 : 0B0F10;
    2E98 : 000002;
    2E99 : 060606;
    2E9A : 535353;
    2E9B : C3C3C3;
    2E9C : FAFAFA;
    2E9D : ECECEC;
    2E9E : E6E6E6;
    2E9F : FCFCFC;
    2EA0 : F2F2F2;
    2EA1 : F2F2F2;
    2EA2 : F2F2F2;
    2EA3 : F2F2F2;
    2EA4 : F2F2F2;
    2EA5 : F2F2F2;
    2EA6 : F2F2F2;
    2EA7 : F2F2F2;
    2EA8 : F2F2F2;
    2EA9 : F2F2F2;
    2EAA : F2F2F2;
    2EAB : F2F2F2;
    2EAC : F2F2F2;
    2EAD : F2F2F2;
    2EAE : F2F2F2;
    2EAF : F2F2F2;
    2EB0 : F2F2F2;
    2EB1 : F2F2F2;
    2EB2 : F2F2F2;
    2EB3 : F2F2F2;
    2EB4 : F2F2F2;
    2EB5 : F2F2F2;
    2EB6 : F2F2F2;
    2EB7 : F2F2F2;
    2EB8 : F2F2F2;
    2EB9 : F2F2F2;
    2EBA : F2F2F2;
    2EBB : F2F2F2;
    2EBC : F2F2F2;
    2EBD : F2F2F2;
    2EBE : F2F2F2;
    2EBF : F2F2F2;
    2EC0 : F2F2F2;
    2EC1 : F2F2F2;
    2EC2 : F2F2F2;
    2EC3 : F2F2F2;
    2EC4 : F2F2F2;
    2EC5 : F2F2F2;
    2EC6 : F2F2F2;
    2EC7 : F2F2F2;
    2EC8 : F2F2F2;
    2EC9 : F2F2F2;
    2ECA : F2F2F2;
    2ECB : F2F2F2;
    2ECC : F2F2F2;
    2ECD : F2F2F2;
    2ECE : F2F2F2;
    2ECF : F2F2F2;
    2ED0 : F2F2F2;
    2ED1 : F2F2F2;
    2ED2 : F2F2F2;
    2ED3 : F2F2F2;
    2ED4 : F2F2F2;
    2ED5 : F2F2F2;
    2ED6 : F2F2F2;
    2ED7 : F2F2F2;
    2ED8 : F2F2F2;
    2ED9 : F2F2F2;
    2EDA : F2F2F2;
    2EDB : F2F2F2;
    2EDC : F2F2F2;
    2EDD : F2F2F2;
    2EDE : F2F2F2;
    2EDF : F2F2F2;
    2EE0 : F2F2F2;
    2EE1 : F2F2F2;
    2EE2 : F2F2F2;
    2EE3 : F2F2F2;
    2EE4 : F2F2F2;
    2EE5 : F2F2F2;
    2EE6 : F2F2F2;
    2EE7 : F2F2F2;
    2EE8 : F2F2F2;
    2EE9 : F2F2F2;
    2EEA : F2F2F2;
    2EEB : F2F2F2;
    2EEC : F2F2F2;
    2EED : F2F2F2;
    2EEE : F2F2F2;
    2EEF : F2F2F2;
    2EF0 : F2F2F2;
    2EF1 : F2F2F2;
    2EF2 : F2F2F2;
    2EF3 : F2F2F2;
    2EF4 : F2F2F2;
    2EF5 : F2F2F2;
    2EF6 : F2F2F2;
    2EF7 : F2F2F2;
    2EF8 : F2F2F2;
    2EF9 : F2F2F2;
    2EFA : F2F2F2;
    2EFB : F2F2F2;
    2EFC : F2F2F2;
    2EFD : F2F2F2;
    2EFE : F2F2F2;
    2EFF : F2F2F2;
    2F00 : F2F2F2;
    2F01 : F2F2F2;
    2F02 : F2F2F2;
    2F03 : F2F2F2;
    2F04 : F2F2F2;
    2F05 : F2F2F2;
    2F06 : F2F2F2;
    2F07 : F2F2F2;
    2F08 : F2F2F2;
    2F09 : F2F2F2;
    2F0A : F2F2F2;
    2F0B : F2F2F2;
    2F0C : F2F2F2;
    2F0D : F2F2F2;
    2F0E : F2F2F2;
    2F0F : F2F2F2;
    2F10 : F2F2F2;
    2F11 : F2F2F2;
    2F12 : F2F2F2;
    2F13 : F2F2F2;
    2F14 : F2F2F2;
    2F15 : F2F2F2;
    2F16 : F2F2F2;
    2F17 : F2F2F2;
    2F18 : F2F2F2;
    2F19 : F2F2F2;
    2F1A : F2F2F2;
    2F1B : F2F2F2;
    2F1C : F2F2F2;
    2F1D : F2F2F2;
    2F1E : F2F2F2;
    2F1F : F2F2F2;
    2F20 : EFEEEC;
    2F21 : F3F4EF;
    2F22 : F5F5F3;
    2F23 : F2F2F0;
    2F24 : F0F2F1;
    2F25 : F4F6F5;
    2F26 : F3F7F8;
    2F27 : F0F4F5;
    2F28 : 8D8E90;
    2F29 : 010204;
    2F2A : 0B0B0B;
    2F2B : 030000;
    2F2C : 050000;
    2F2D : 18100E;
    2F2E : 060000;
    2F2F : 0E0402;
    2F30 : 1A0E0E;
    2F31 : 0F0000;
    2F32 : 2C140A;
    2F33 : 644330;
    2F34 : BB8F76;
    2F35 : C49372;
    2F36 : C18B67;
    2F37 : C78F6A;
    2F38 : DBA380;
    2F39 : DFA987;
    2F3A : EAB596;
    2F3B : FFC9AD;
    2F3C : FFCCB2;
    2F3D : F0B8A1;
    2F3E : E2A890;
    2F3F : D89E86;
    2F40 : ECB398;
    2F41 : B27A5F;
    2F42 : E6B398;
    2F43 : F8C9AF;
    2F44 : EFC5AF;
    2F45 : F0CCB6;
    2F46 : FFDFCC;
    2F47 : E3C8B5;
    2F48 : E5CBBA;
    2F49 : F2DBCB;
    2F4A : F8E1D3;
    2F4B : E7D0C2;
    2F4C : EED4C7;
    2F4D : F9DFD2;
    2F4E : F2D6CA;
    2F4F : F7E1D6;
    2F50 : 988D87;
    2F51 : 211C18;
    2F52 : 040000;
    2F53 : 0B0602;
    2F54 : 060200;
    2F55 : 0E0A07;
    2F56 : 0A0907;
    2F57 : 010000;
    2F58 : 000000;
    2F59 : 060606;
    2F5A : 030305;
    2F5B : 000002;
    2F5C : 0F1314;
    2F5D : 171B1C;
    2F5E : 1F2326;
    2F5F : 2A2E2F;
    2F60 : 565658;
    2F61 : 383838;
    2F62 : 565656;
    2F63 : B8B8B8;
    2F64 : FCFCFC;
    2F65 : F8F8F8;
    2F66 : EBEBEB;
    2F67 : F5F5F5;
    2F68 : F2F2F2;
    2F69 : F2F2F2;
    2F6A : F2F2F2;
    2F6B : F2F2F2;
    2F6C : F2F2F2;
    2F6D : F2F2F2;
    2F6E : F2F2F2;
    2F6F : F2F2F2;
    2F70 : F2F2F2;
    2F71 : F2F2F2;
    2F72 : F2F2F2;
    2F73 : F2F2F2;
    2F74 : F2F2F2;
    2F75 : F2F2F2;
    2F76 : F2F2F2;
    2F77 : F2F2F2;
    2F78 : F2F2F2;
    2F79 : F2F2F2;
    2F7A : F2F2F2;
    2F7B : F2F2F2;
    2F7C : F2F2F2;
    2F7D : F2F2F2;
    2F7E : F2F2F2;
    2F7F : F2F2F2;
    2F80 : F2F2F2;
    2F81 : F2F2F2;
    2F82 : F2F2F2;
    2F83 : F2F2F2;
    2F84 : F2F2F2;
    2F85 : F2F2F2;
    2F86 : F2F2F2;
    2F87 : F2F2F2;
    2F88 : F2F2F2;
    2F89 : F2F2F2;
    2F8A : F2F2F2;
    2F8B : F2F2F2;
    2F8C : F2F2F2;
    2F8D : F2F2F2;
    2F8E : F2F2F2;
    2F8F : F2F2F2;
    2F90 : F2F2F2;
    2F91 : F2F2F2;
    2F92 : F2F2F2;
    2F93 : F2F2F2;
    2F94 : F2F2F2;
    2F95 : F2F2F2;
    2F96 : F2F2F2;
    2F97 : F2F2F2;
    2F98 : F2F2F2;
    2F99 : F2F2F2;
    2F9A : F2F2F2;
    2F9B : F2F2F2;
    2F9C : F2F2F2;
    2F9D : F2F2F2;
    2F9E : F2F2F2;
    2F9F : F2F2F2;
    2FA0 : F2F2F2;
    2FA1 : F2F2F2;
    2FA2 : F2F2F2;
    2FA3 : F2F2F2;
    2FA4 : F2F2F2;
    2FA5 : F2F2F2;
    2FA6 : F2F2F2;
    2FA7 : F2F2F2;
    2FA8 : F2F2F2;
    2FA9 : F2F2F2;
    2FAA : F2F2F2;
    2FAB : F2F2F2;
    2FAC : F2F2F2;
    2FAD : F2F2F2;
    2FAE : F2F2F2;
    2FAF : F2F2F2;
    2FB0 : F2F2F2;
    2FB1 : F2F2F2;
    2FB2 : F2F2F2;
    2FB3 : F2F2F2;
    2FB4 : F2F2F2;
    2FB5 : F2F2F2;
    2FB6 : F2F2F2;
    2FB7 : F2F2F2;
    2FB8 : F2F2F2;
    2FB9 : F2F2F2;
    2FBA : F2F2F2;
    2FBB : F2F2F2;
    2FBC : F2F2F2;
    2FBD : F2F2F2;
    2FBE : F2F2F2;
    2FBF : F2F2F2;
    2FC0 : F2F2F2;
    2FC1 : F2F2F2;
    2FC2 : F2F2F2;
    2FC3 : F2F2F2;
    2FC4 : F2F2F2;
    2FC5 : F2F2F2;
    2FC6 : F2F2F2;
    2FC7 : F2F2F2;
    2FC8 : F2F2F2;
    2FC9 : F2F2F2;
    2FCA : F2F2F2;
    2FCB : F2F2F2;
    2FCC : F2F2F2;
    2FCD : F2F2F2;
    2FCE : F2F2F2;
    2FCF : F2F2F2;
    2FD0 : F2F2F2;
    2FD1 : F2F2F2;
    2FD2 : F2F2F2;
    2FD3 : F2F2F2;
    2FD4 : F2F2F2;
    2FD5 : F2F2F2;
    2FD6 : F2F2F2;
    2FD7 : F2F2F2;
    2FD8 : F2F2F2;
    2FD9 : F2F2F2;
    2FDA : F2F2F2;
    2FDB : F2F2F2;
    2FDC : F2F2F2;
    2FDD : F2F2F2;
    2FDE : F2F2F2;
    2FDF : F2F2F2;
    2FE0 : F2F2F2;
    2FE1 : F2F2F2;
    2FE2 : F2F2F2;
    2FE3 : F2F2F2;
    2FE4 : F2F2F2;
    2FE5 : F2F2F2;
    2FE6 : F2F2F2;
    2FE7 : F2F2F0;
    2FE8 : F4F3EF;
    2FE9 : F2F1ED;
    2FEA : EEEEEC;
    2FEB : F0F0EE;
    2FEC : F9FBFA;
    2FED : F9FDFE;
    2FEE : E7EBEE;
    2FEF : CFD3D6;
    2FF0 : 020609;
    2FF1 : 000104;
    2FF2 : 000004;
    2FF3 : 0D0D0F;
    2FF4 : 110F10;
    2FF5 : 010000;
    2FF6 : 191514;
    2FF7 : 0A0607;
    2FF8 : 010005;
    2FF9 : 060002;
    2FFA : 0E0000;
    2FFB : 1B0000;
    2FFC : A2765D;
    2FFD : C79270;
    2FFE : BB7D56;
    2FFF : D8976D;
    3000 : E2A177;
    3001 : DF9E76;
    3002 : D79773;
    3003 : EDAE8D;
    3004 : FDBDA1;
    3005 : F8B89D;
    3006 : F5B399;
    3007 : E6A68B;
    3008 : E7AB8F;
    3009 : 7F4629;
    300A : E5AF95;
    300B : F3C1A8;
    300C : EBBEA7;
    300D : EDC7B0;
    300E : E1BEAA;
    300F : EACBB7;
    3010 : F3D8C5;
    3011 : EFD5C4;
    3012 : F4D9C8;
    3013 : EED3C2;
    3014 : F6D9C9;
    3015 : F3D6C6;
    3016 : EFCEBF;
    3017 : FFF4E9;
    3018 : 473E39;
    3019 : 131210;
    301A : 1D1C1A;
    301B : 090806;
    301C : 151412;
    301D : 131313;
    301E : 3C3C3C;
    301F : 595959;
    3020 : 7B7B7B;
    3021 : 969696;
    3022 : B2B3B5;
    3023 : B9BABC;
    3024 : D2D6D7;
    3025 : DCE0E1;
    3026 : EFF3F6;
    3027 : FDFEFF;
    3028 : F4F4F4;
    3029 : FFFFFF;
    302A : FFFFFF;
    302B : F4F4F4;
    302C : EFEFEF;
    302D : F7F7F7;
    302E : F7F7F7;
    302F : ECECEC;
    3030 : F2F2F2;
    3031 : F2F2F2;
    3032 : F2F2F2;
    3033 : F2F2F2;
    3034 : F2F2F2;
    3035 : F2F2F2;
    3036 : F2F2F2;
    3037 : F2F2F2;
    3038 : F2F2F2;
    3039 : F2F2F2;
    303A : F2F2F2;
    303B : F2F2F2;
    303C : F2F2F2;
    303D : F2F2F2;
    303E : F2F2F2;
    303F : F2F2F2;
    3040 : F2F2F2;
    3041 : F2F2F2;
    3042 : F2F2F2;
    3043 : F2F2F2;
    3044 : F2F2F2;
    3045 : F2F2F2;
    3046 : F2F2F2;
    3047 : F2F2F2;
    3048 : F2F2F2;
    3049 : F2F2F2;
    304A : F2F2F2;
    304B : F2F2F2;
    304C : F2F2F2;
    304D : F2F2F2;
    304E : F2F2F2;
    304F : F2F2F2;
    3050 : F2F2F2;
    3051 : F2F2F2;
    3052 : F2F2F2;
    3053 : F2F2F2;
    3054 : F2F2F2;
    3055 : F2F2F2;
    3056 : F2F2F2;
    3057 : F2F2F2;
    3058 : F2F2F2;
    3059 : F2F2F2;
    305A : F2F2F2;
    305B : F2F2F2;
    305C : F2F2F2;
    305D : F2F2F2;
    305E : F2F2F2;
    305F : F2F2F2;
    3060 : F2F2F2;
    3061 : F2F2F2;
    3062 : F2F2F2;
    3063 : F2F2F2;
    3064 : F2F2F2;
    3065 : F2F2F2;
    3066 : F2F2F2;
    3067 : F2F2F2;
    3068 : F2F2F2;
    3069 : F2F2F2;
    306A : F2F2F2;
    306B : F2F2F2;
    306C : F2F2F2;
    306D : F2F2F2;
    306E : F2F2F2;
    306F : F2F2F2;
    3070 : F2F2F2;
    3071 : F2F2F2;
    3072 : F2F2F2;
    3073 : F2F2F2;
    3074 : F2F2F2;
    3075 : F2F2F2;
    3076 : F2F2F2;
    3077 : F2F2F2;
    3078 : F2F2F2;
    3079 : F2F2F2;
    307A : F2F2F2;
    307B : F2F2F2;
    307C : F2F2F2;
    307D : F2F2F2;
    307E : F2F2F2;
    307F : F2F2F2;
    3080 : F2F2F2;
    3081 : F2F2F2;
    3082 : F2F2F2;
    3083 : F2F2F2;
    3084 : F2F2F2;
    3085 : F2F2F2;
    3086 : F2F2F2;
    3087 : F2F2F2;
    3088 : F2F2F2;
    3089 : F2F2F2;
    308A : F2F2F2;
    308B : F2F2F2;
    308C : F2F2F2;
    308D : F2F2F2;
    308E : F2F2F2;
    308F : F2F2F2;
    3090 : F2F2F2;
    3091 : F2F2F2;
    3092 : F2F2F2;
    3093 : F2F2F2;
    3094 : F2F2F2;
    3095 : F2F2F2;
    3096 : F2F2F2;
    3097 : F2F2F2;
    3098 : F2F2F2;
    3099 : F2F2F2;
    309A : F2F2F2;
    309B : F2F2F2;
    309C : F2F2F2;
    309D : F2F2F2;
    309E : F2F2F2;
    309F : F2F2F2;
    30A0 : F2F2F2;
    30A1 : F2F2F2;
    30A2 : F2F2F2;
    30A3 : F2F2F2;
    30A4 : F2F2F2;
    30A5 : F2F2F2;
    30A6 : F2F2F2;
    30A7 : F2F2F2;
    30A8 : F2F2F2;
    30A9 : F2F2F2;
    30AA : F2F2F2;
    30AB : F2F2F2;
    30AC : F2F2F2;
    30AD : F2F2F2;
    30AE : F2F2F2;
    30AF : F2F2F0;
    30B0 : F5F4F0;
    30B1 : F5F4EF;
    30B2 : F1F2ED;
    30B3 : EEEEEC;
    30B4 : F3F5F4;
    30B5 : F3F7F8;
    30B6 : E2E6E9;
    30B7 : CBD0D4;
    30B8 : 777C80;
    30B9 : 999EA2;
    30BA : B8BBC0;
    30BB : DCE0E3;
    30BC : E1E2E6;
    30BD : F4F3F8;
    30BE : C3C1C4;
    30BF : ADACB2;
    30C0 : 9EA2AD;
    30C1 : 797880;
    30C2 : 302221;
    30C3 : 150000;
    30C4 : 7A5037;
    30C5 : C9916E;
    30C6 : C18155;
    30C7 : C57D4D;
    30C8 : DA9061;
    30C9 : F0A679;
    30CA : E79D76;
    30CB : E9A07D;
    30CC : EFA888;
    30CD : F4AD91;
    30CE : F2AB8F;
    30CF : CA876C;
    30D0 : 98583D;
    30D1 : 814529;
    30D2 : FBC3AA;
    30D3 : F0BEA5;
    30D4 : F1C5AC;
    30D5 : F4CFB5;
    30D6 : E7C4AE;
    30D7 : F0D1BC;
    30D8 : E5C9B4;
    30D9 : E7CCB9;
    30DA : ECCFBD;
    30DB : FDE0CE;
    30DC : FCDDCB;
    30DD : F3D2C1;
    30DE : F4CFBF;
    30DF : D4B8AC;
    30E0 : 2A201E;
    30E1 : 262626;
    30E2 : 454545;
    30E3 : 222222;
    30E4 : 1B1B1B;
    30E5 : 67686A;
    30E6 : D5D6D8;
    30E7 : FEFFFF;
    30E8 : FDFEFF;
    30E9 : FEFFFF;
    30EA : FEFFFF;
    30EB : F0F1F3;
    30EC : F6F7F9;
    30ED : F3F4F6;
    30EE : F9FAFC;
    30EF : E8E9EB;
    30F0 : F6F6F6;
    30F1 : E7E7E7;
    30F2 : E6E6E6;
    30F3 : F3F3F3;
    30F4 : F5F5F5;
    30F5 : E9E9E9;
    30F6 : E8E8E8;
    30F7 : F4F4F4;
    30F8 : F2F2F2;
    30F9 : F2F2F2;
    30FA : F2F2F2;
    30FB : F2F2F2;
    30FC : F2F2F2;
    30FD : F2F2F2;
    30FE : F2F2F2;
    30FF : F2F2F2;
    3100 : F2F2F2;
    3101 : F2F2F2;
    3102 : F2F2F2;
    3103 : F2F2F2;
    3104 : F2F2F2;
    3105 : F2F2F2;
    3106 : F2F2F2;
    3107 : F2F2F2;
    3108 : F2F2F2;
    3109 : F2F2F2;
    310A : F2F2F2;
    310B : F2F2F2;
    310C : F2F2F2;
    310D : F2F2F2;
    310E : F2F2F2;
    310F : F2F2F2;
    3110 : F2F2F2;
    3111 : F2F2F2;
    3112 : F2F2F2;
    3113 : F2F2F2;
    3114 : F2F2F2;
    3115 : F2F2F2;
    3116 : F2F2F2;
    3117 : F2F2F2;
    3118 : F2F2F2;
    3119 : F2F2F2;
    311A : F2F2F2;
    311B : F2F2F2;
    311C : F2F2F2;
    311D : F2F2F2;
    311E : F2F2F2;
    311F : F2F2F2;
    3120 : F2F2F2;
    3121 : F2F2F2;
    3122 : F2F2F2;
    3123 : F2F2F2;
    3124 : F2F2F2;
    3125 : F2F2F2;
    3126 : F2F2F2;
    3127 : F2F2F2;
    3128 : F2F2F2;
    3129 : F2F2F2;
    312A : F2F2F2;
    312B : F2F2F2;
    312C : F2F2F2;
    312D : F2F2F2;
    312E : F2F2F2;
    312F : F2F2F2;
    3130 : F2F2F2;
    3131 : F2F2F2;
    3132 : F2F2F2;
    3133 : F2F2F2;
    3134 : F2F2F2;
    3135 : F2F2F2;
    3136 : F2F2F2;
    3137 : F2F2F2;
    3138 : F2F2F2;
    3139 : F2F2F2;
    313A : F2F2F2;
    313B : F2F2F2;
    313C : F2F2F2;
    313D : F2F2F2;
    313E : F2F2F2;
    313F : F2F2F2;
    3140 : F2F2F2;
    3141 : F2F2F2;
    3142 : F2F2F2;
    3143 : F2F2F2;
    3144 : F2F2F2;
    3145 : F2F2F2;
    3146 : F2F2F2;
    3147 : F2F2F2;
    3148 : F2F2F2;
    3149 : F2F2F2;
    314A : F2F2F2;
    314B : F2F2F2;
    314C : F2F2F2;
    314D : F2F2F2;
    314E : F2F2F2;
    314F : F2F2F2;
    3150 : F2F2F2;
    3151 : F2F2F2;
    3152 : F2F2F2;
    3153 : F2F2F2;
    3154 : F2F2F2;
    3155 : F2F2F2;
    3156 : F2F2F2;
    3157 : F2F2F2;
    3158 : F2F2F2;
    3159 : F2F2F2;
    315A : F2F2F2;
    315B : F2F2F2;
    315C : F2F2F2;
    315D : F2F2F2;
    315E : F2F2F2;
    315F : F2F2F2;
    3160 : F2F2F2;
    3161 : F2F2F2;
    3162 : F2F2F2;
    3163 : F2F2F2;
    3164 : F2F2F2;
    3165 : F2F2F2;
    3166 : F2F2F2;
    3167 : F2F2F2;
    3168 : F2F2F2;
    3169 : F2F2F2;
    316A : F2F2F2;
    316B : F2F2F2;
    316C : F2F2F2;
    316D : F2F2F2;
    316E : F2F2F2;
    316F : F2F2F2;
    3170 : F2F2F2;
    3171 : F2F2F2;
    3172 : F2F2F2;
    3173 : F2F2F2;
    3174 : F2F2F2;
    3175 : F2F2F2;
    3176 : F2F2F2;
    3177 : F2F2F0;
    3178 : ECEBE7;
    3179 : F8F7F3;
    317A : FAFBF6;
    317B : F1F1EF;
    317C : ECEEED;
    317D : F0F4F5;
    317E : F4F8FB;
    317F : F2F6F9;
    3180 : F9FCFF;
    3181 : FCFFFF;
    3182 : F6FAFD;
    3183 : FCFFFF;
    3184 : E6E7EB;
    3185 : E2E3E7;
    3186 : FFFEFF;
    3187 : FAFBFF;
    3188 : C6CAD5;
    3189 : 55555D;
    318A : 1C110F;
    318B : 180000;
    318C : 774E38;
    318D : C28D6B;
    318E : D09168;
    318F : C78054;
    3190 : D88B5F;
    3191 : EB9E72;
    3192 : E2956B;
    3193 : E59A73;
    3194 : E59B78;
    3195 : E29777;
    3196 : EDA484;
    3197 : D99274;
    3198 : 7D3B21;
    3199 : B4765D;
    319A : FFC7AF;
    319B : F0BCA4;
    319C : FFCFB8;
    319D : E9BFA7;
    319E : F7D3BD;
    319F : F1D1BC;
    31A0 : ECCDB9;
    31A1 : F8DCC7;
    31A2 : EACEB9;
    31A3 : F8DBC9;
    31A4 : ECCDBB;
    31A5 : F8D7C6;
    31A6 : FFEADA;
    31A7 : A3887D;
    31A8 : 160E0B;
    31A9 : 262729;
    31AA : 1B1C1E;
    31AB : 4D4E50;
    31AC : 454648;
    31AD : 212224;
    31AE : 1C1D1F;
    31AF : BFC0C2;
    31B0 : F9FAFC;
    31B1 : E3E4E6;
    31B2 : EFF0F2;
    31B3 : EEEFF1;
    31B4 : F8F9FB;
    31B5 : E5E6E8;
    31B6 : F1F2F4;
    31B7 : F0F1F3;
    31B8 : EFEFEF;
    31B9 : F1F1F1;
    31BA : F2F2F2;
    31BB : F2F2F2;
    31BC : F3F3F3;
    31BD : F5F5F5;
    31BE : F5F5F5;
    31BF : F4F4F4;
    31C0 : F2F2F2;
    31C1 : F2F2F2;
    31C2 : F2F2F2;
    31C3 : F2F2F2;
    31C4 : F2F2F2;
    31C5 : F2F2F2;
    31C6 : F2F2F2;
    31C7 : F2F2F2;
    31C8 : F2F2F2;
    31C9 : F2F2F2;
    31CA : F2F2F2;
    31CB : F2F2F2;
    31CC : F2F2F2;
    31CD : F2F2F2;
    31CE : F2F2F2;
    31CF : F2F2F2;
    31D0 : F2F2F2;
    31D1 : F2F2F2;
    31D2 : F2F2F2;
    31D3 : F2F2F2;
    31D4 : F2F2F2;
    31D5 : F2F2F2;
    31D6 : F2F2F2;
    31D7 : F2F2F2;
    31D8 : F2F2F2;
    31D9 : F2F2F2;
    31DA : F2F2F2;
    31DB : F2F2F2;
    31DC : F2F2F2;
    31DD : F2F2F2;
    31DE : F2F2F2;
    31DF : F2F2F2;
    31E0 : F2F2F2;
    31E1 : F2F2F2;
    31E2 : F2F2F2;
    31E3 : F2F2F2;
    31E4 : F2F2F2;
    31E5 : F2F2F2;
    31E6 : F2F2F2;
    31E7 : F2F2F2;
    31E8 : F2F2F2;
    31E9 : F2F2F2;
    31EA : F2F2F2;
    31EB : F2F2F2;
    31EC : F2F2F2;
    31ED : F2F2F2;
    31EE : F2F2F2;
    31EF : F2F2F2;
    31F0 : F2F2F2;
    31F1 : F2F2F2;
    31F2 : F2F2F2;
    31F3 : F2F2F2;
    31F4 : F2F2F2;
    31F5 : F2F2F2;
    31F6 : F2F2F2;
    31F7 : F2F2F2;
    31F8 : F2F2F2;
    31F9 : F2F2F2;
    31FA : F2F2F2;
    31FB : F2F2F2;
    31FC : F2F2F2;
    31FD : F2F2F2;
    31FE : F2F2F2;
    31FF : F2F2F2;
    3200 : F2F2F2;
    3201 : F2F2F2;
    3202 : F2F2F2;
    3203 : F2F2F2;
    3204 : F2F2F2;
    3205 : F2F2F2;
    3206 : F2F2F2;
    3207 : F2F2F2;
    3208 : F2F2F2;
    3209 : F2F2F2;
    320A : F2F2F2;
    320B : F2F2F2;
    320C : F2F2F2;
    320D : F2F2F2;
    320E : F2F2F2;
    320F : F2F2F2;
    3210 : F2F2F2;
    3211 : F2F2F2;
    3212 : F2F2F2;
    3213 : F2F2F2;
    3214 : F2F2F2;
    3215 : F2F2F2;
    3216 : F2F2F2;
    3217 : F2F2F2;
    3218 : F2F2F2;
    3219 : F2F2F2;
    321A : F2F2F2;
    321B : F2F2F2;
    321C : F2F2F2;
    321D : F2F2F2;
    321E : F2F2F2;
    321F : F2F2F2;
    3220 : F2F2F2;
    3221 : F2F2F2;
    3222 : F2F2F2;
    3223 : F2F2F2;
    3224 : F2F2F2;
    3225 : F2F2F2;
    3226 : F2F2F2;
    3227 : F2F2F2;
    3228 : F2F2F2;
    3229 : F2F2F2;
    322A : F2F2F2;
    322B : F2F2F2;
    322C : F2F2F2;
    322D : F2F2F2;
    322E : F2F2F2;
    322F : F2F2F2;
    3230 : F2F2F2;
    3231 : F2F2F2;
    3232 : F2F2F2;
    3233 : F2F2F2;
    3234 : F2F2F2;
    3235 : F2F2F2;
    3236 : F2F2F2;
    3237 : F2F2F2;
    3238 : F2F2F2;
    3239 : F2F2F2;
    323A : F2F2F2;
    323B : F2F2F2;
    323C : F2F2F2;
    323D : F2F2F2;
    323E : F2F2F2;
    323F : F2F2F2;
    3240 : F2F2F0;
    3241 : F2F2F0;
    3242 : F2F2F0;
    3243 : F2F2F2;
    3244 : F2F2F2;
    3245 : F1F3F2;
    3246 : F1F2F4;
    3247 : F1F2F4;
    3248 : EAEBED;
    3249 : E6E7E9;
    324A : FAFBFD;
    324B : EBECEE;
    324C : E8E8EA;
    324D : FCFCFE;
    324E : F8F8FA;
    324F : 666668;
    3250 : 000002;
    3251 : 1D1918;
    3252 : 21140E;
    3253 : 110000;
    3254 : 825F4C;
    3255 : D3A58B;
    3256 : B2795B;
    3257 : C88865;
    3258 : D18C65;
    3259 : DE946D;
    325A : ECA179;
    325B : ECA179;
    325C : E29871;
    325D : E39972;
    325E : E69E78;
    325F : E19B79;
    3260 : C9866C;
    3261 : B3725E;
    3262 : C08370;
    3263 : DBA28F;
    3264 : E1AD98;
    3265 : E8B9A5;
    3266 : F2C9B5;
    3267 : ECC7B4;
    3268 : F4D3C0;
    3269 : F1D2C0;
    326A : FBDECC;
    326B : EDD2C1;
    326C : F5D9CB;
    326D : F3D7C9;
    326E : C7AA9C;
    326F : B29C91;
    3270 : 2A221F;
    3271 : 131313;
    3272 : 393939;
    3273 : 313131;
    3274 : 212121;
    3275 : 3C3C3C;
    3276 : 333333;
    3277 : 404040;
    3278 : FFFFFF;
    3279 : F0F0F0;
    327A : E5E5E5;
    327B : FFFFFF;
    327C : F0F0F0;
    327D : E6E6E6;
    327E : FDFDFD;
    327F : E9E9E9;
    3280 : F2F2F2;
    3281 : F2F2F2;
    3282 : F2F2F2;
    3283 : F2F2F2;
    3284 : F2F2F2;
    3285 : F2F2F2;
    3286 : F2F2F2;
    3287 : F2F2F2;
    3288 : F2F2F2;
    3289 : F2F2F2;
    328A : F2F2F2;
    328B : F2F2F2;
    328C : F2F2F2;
    328D : F2F2F2;
    328E : F2F2F2;
    328F : F2F2F2;
    3290 : F2F2F2;
    3291 : F2F2F2;
    3292 : F2F2F2;
    3293 : F2F2F2;
    3294 : F2F2F2;
    3295 : F2F2F2;
    3296 : F2F2F2;
    3297 : F2F2F2;
    3298 : F2F2F2;
    3299 : F2F2F2;
    329A : F2F2F2;
    329B : F2F2F2;
    329C : F2F2F2;
    329D : F2F2F2;
    329E : F2F2F2;
    329F : F2F2F2;
    32A0 : F2F2F2;
    32A1 : F2F2F2;
    32A2 : F2F2F2;
    32A3 : F2F2F2;
    32A4 : F2F2F2;
    32A5 : F2F2F2;
    32A6 : F2F2F2;
    32A7 : F2F2F2;
    32A8 : F2F2F2;
    32A9 : F2F2F2;
    32AA : F2F2F2;
    32AB : F2F2F2;
    32AC : F2F2F2;
    32AD : F2F2F2;
    32AE : F2F2F2;
    32AF : F2F2F2;
    32B0 : F2F2F2;
    32B1 : F2F2F2;
    32B2 : F2F2F2;
    32B3 : F2F2F2;
    32B4 : F2F2F2;
    32B5 : F2F2F2;
    32B6 : F2F2F2;
    32B7 : F2F2F2;
    32B8 : F2F2F2;
    32B9 : F2F2F2;
    32BA : F2F2F2;
    32BB : F2F2F2;
    32BC : F2F2F2;
    32BD : F2F2F2;
    32BE : F2F2F2;
    32BF : F2F2F2;
    32C0 : F2F2F2;
    32C1 : F2F2F2;
    32C2 : F2F2F2;
    32C3 : F2F2F2;
    32C4 : F2F2F2;
    32C5 : F2F2F2;
    32C6 : F2F2F2;
    32C7 : F2F2F2;
    32C8 : F2F2F2;
    32C9 : F2F2F2;
    32CA : F2F2F2;
    32CB : F2F2F2;
    32CC : F2F2F2;
    32CD : F2F2F2;
    32CE : F2F2F2;
    32CF : F2F2F2;
    32D0 : F2F2F2;
    32D1 : F2F2F2;
    32D2 : F2F2F2;
    32D3 : F2F2F2;
    32D4 : F2F2F2;
    32D5 : F2F2F2;
    32D6 : F2F2F2;
    32D7 : F2F2F2;
    32D8 : F2F2F2;
    32D9 : F2F2F2;
    32DA : F2F2F2;
    32DB : F2F2F2;
    32DC : F2F2F2;
    32DD : F2F2F2;
    32DE : F2F2F2;
    32DF : F2F2F2;
    32E0 : F2F2F2;
    32E1 : F2F2F2;
    32E2 : F2F2F2;
    32E3 : F2F2F2;
    32E4 : F2F2F2;
    32E5 : F2F2F2;
    32E6 : F2F2F2;
    32E7 : F2F2F2;
    32E8 : F2F2F2;
    32E9 : F2F2F2;
    32EA : F2F2F2;
    32EB : F2F2F2;
    32EC : F2F2F2;
    32ED : F2F2F2;
    32EE : F2F2F2;
    32EF : F2F2F2;
    32F0 : F2F2F2;
    32F1 : F2F2F2;
    32F2 : F2F2F2;
    32F3 : F2F2F2;
    32F4 : F2F2F2;
    32F5 : F2F2F2;
    32F6 : F2F2F2;
    32F7 : F2F2F2;
    32F8 : F2F2F2;
    32F9 : F2F2F2;
    32FA : F2F2F2;
    32FB : F2F2F2;
    32FC : F2F2F2;
    32FD : F2F2F2;
    32FE : F2F2F2;
    32FF : F2F2F2;
    3300 : F2F2F2;
    3301 : F2F2F2;
    3302 : F2F2F2;
    3303 : F2F2F2;
    3304 : F2F2F2;
    3305 : F2F2F2;
    3306 : F2F2F2;
    3307 : F2F2F2;
    3308 : F2F2F2;
    3309 : F2F2F2;
    330A : F2F2F2;
    330B : F2F2F2;
    330C : F2F2F2;
    330D : F2F2F2;
    330E : F2F2F2;
    330F : F2F2F2;
    3310 : ECECEC;
    3311 : FFFFFF;
    3312 : E2E2E2;
    3313 : F3F3F3;
    3314 : FFFFFF;
    3315 : ECECEC;
    3316 : 434343;
    3317 : 0B0B0B;
    3318 : 31302E;
    3319 : 2E2925;
    331A : 261C13;
    331B : 120000;
    331C : 7A5D4D;
    331D : EDC4B0;
    331E : CA987F;
    331F : AA7153;
    3320 : C88767;
    3321 : E29E79;
    3322 : DA926C;
    3323 : DD956D;
    3324 : EBA37B;
    3325 : E8A37A;
    3326 : E9A47B;
    3327 : DE9A77;
    3328 : C8866E;
    3329 : A56654;
    332A : A36654;
    332B : BC8370;
    332C : D29D8B;
    332D : E7B8A4;
    332E : F5CAB7;
    332F : ECC7B4;
    3330 : E1C0AD;
    3331 : FADBC9;
    3332 : D1B6A5;
    3333 : FFE7D6;
    3334 : FBE1D2;
    3335 : A38C7E;
    3336 : DCC2B5;
    3337 : CAB8AE;
    3338 : 1C1713;
    3339 : 1E1E1E;
    333A : 3C3C3C;
    333B : 252525;
    333C : 181818;
    333D : 3E3E3E;
    333E : 3E3E3E;
    333F : 2F2F2F;
    3340 : 828282;
    3341 : FFFFFF;
    3342 : F0F0F0;
    3343 : F2F2F2;
    3344 : EEEEEE;
    3345 : F3F3F3;
    3346 : FBFBFB;
    3347 : ECECEC;
    3348 : F2F2F2;
    3349 : F2F2F2;
    334A : F2F2F2;
    334B : F2F2F2;
    334C : F2F2F2;
    334D : F2F2F2;
    334E : F2F2F2;
    334F : F2F2F2;
    3350 : F2F2F2;
    3351 : F2F2F2;
    3352 : F2F2F2;
    3353 : F2F2F2;
    3354 : F2F2F2;
    3355 : F2F2F2;
    3356 : F2F2F2;
    3357 : F2F2F2;
    3358 : F2F2F2;
    3359 : F2F2F2;
    335A : F2F2F2;
    335B : F2F2F2;
    335C : F2F2F2;
    335D : F2F2F2;
    335E : F2F2F2;
    335F : F2F2F2;
    3360 : F2F2F2;
    3361 : F2F2F2;
    3362 : F2F2F2;
    3363 : F2F2F2;
    3364 : F2F2F2;
    3365 : F2F2F2;
    3366 : F2F2F2;
    3367 : F2F2F2;
    3368 : F2F2F2;
    3369 : F2F2F2;
    336A : F2F2F2;
    336B : F2F2F2;
    336C : F2F2F2;
    336D : F2F2F2;
    336E : F2F2F2;
    336F : F2F2F2;
    3370 : F2F2F2;
    3371 : F2F2F2;
    3372 : F2F2F2;
    3373 : F2F2F2;
    3374 : F2F2F2;
    3375 : F2F2F2;
    3376 : F2F2F2;
    3377 : F2F2F2;
    3378 : F2F2F2;
    3379 : F2F2F2;
    337A : F2F2F2;
    337B : F2F2F2;
    337C : F2F2F2;
    337D : F2F2F2;
    337E : F2F2F2;
    337F : F2F2F2;
    3380 : F2F2F2;
    3381 : F2F2F2;
    3382 : F2F2F2;
    3383 : F2F2F2;
    3384 : F2F2F2;
    3385 : F2F2F2;
    3386 : F2F2F2;
    3387 : F2F2F2;
    3388 : F2F2F2;
    3389 : F2F2F2;
    338A : F2F2F2;
    338B : F2F2F2;
    338C : F2F2F2;
    338D : F2F2F2;
    338E : F2F2F2;
    338F : F2F2F2;
    3390 : F2F2F2;
    3391 : F2F2F2;
    3392 : F2F2F2;
    3393 : F2F2F2;
    3394 : F2F2F2;
    3395 : F2F2F2;
    3396 : F2F2F2;
    3397 : F2F2F2;
    3398 : F2F2F2;
    3399 : F2F2F2;
    339A : F2F2F2;
    339B : F2F2F2;
    339C : F2F2F2;
    339D : F2F2F2;
    339E : F2F2F2;
    339F : F2F2F2;
    33A0 : F2F2F2;
    33A1 : F2F2F2;
    33A2 : F2F2F2;
    33A3 : F2F2F2;
    33A4 : F2F2F2;
    33A5 : F2F2F2;
    33A6 : F2F2F2;
    33A7 : F2F2F2;
    33A8 : F2F2F2;
    33A9 : F2F2F2;
    33AA : F2F2F2;
    33AB : F2F2F2;
    33AC : F2F2F2;
    33AD : F2F2F2;
    33AE : F2F2F2;
    33AF : F2F2F2;
    33B0 : F2F2F2;
    33B1 : F2F2F2;
    33B2 : F2F2F2;
    33B3 : F2F2F2;
    33B4 : F2F2F2;
    33B5 : F2F2F2;
    33B6 : F2F2F2;
    33B7 : F2F2F2;
    33B8 : F2F2F2;
    33B9 : F2F2F2;
    33BA : F2F2F2;
    33BB : F2F2F2;
    33BC : F2F2F2;
    33BD : F2F2F2;
    33BE : F2F2F2;
    33BF : F2F2F2;
    33C0 : F2F2F2;
    33C1 : F2F2F2;
    33C2 : F2F2F2;
    33C3 : F2F2F2;
    33C4 : F2F2F2;
    33C5 : F2F2F2;
    33C6 : F2F2F2;
    33C7 : F2F2F2;
    33C8 : F2F2F2;
    33C9 : F2F2F2;
    33CA : F2F2F2;
    33CB : F2F2F2;
    33CC : F2F2F2;
    33CD : F2F2F2;
    33CE : F2F2F2;
    33CF : F2F2F2;
    33D0 : F2F2F2;
    33D1 : F2F2F2;
    33D2 : F2F2F2;
    33D3 : F2F2F2;
    33D4 : F2F2F2;
    33D5 : F2F2F2;
    33D6 : F2F2F2;
    33D7 : F2F2F2;
    33D8 : F4F4F4;
    33D9 : E5E5E5;
    33DA : F6F6F6;
    33DB : F8F8F8;
    33DC : F2F2F2;
    33DD : 5E5E5E;
    33DE : 1C1C1C;
    33DF : 171717;
    33E0 : 434343;
    33E1 : 242321;
    33E2 : 221B15;
    33E3 : 170600;
    33E4 : 664C3F;
    33E5 : E9C4B2;
    33E6 : E5B7A0;
    33E7 : C89276;
    33E8 : 9D6043;
    33E9 : C48461;
    33EA : D08C69;
    33EB : EBA784;
    33EC : F1AD88;
    33ED : CE8D67;
    33EE : D5946E;
    33EF : EBAC89;
    33F0 : DFA389;
    33F1 : D59D86;
    33F2 : E1AA95;
    33F3 : F2C0A9;
    33F4 : F3C5AE;
    33F5 : F0C6B0;
    33F6 : EDC7B2;
    33F7 : E4C1AD;
    33F8 : F1D2BE;
    33F9 : F1D6C1;
    33FA : F2D9C5;
    33FB : D1BAA8;
    33FC : 8A7363;
    33FD : DBC6B5;
    33FE : FFE9D9;
    33FF : C5B5A8;
    3400 : 28231F;
    3401 : 191919;
    3402 : 2A2A2A;
    3403 : 2D2D2D;
    3404 : 262626;
    3405 : 2B2B2B;
    3406 : 3A3A3A;
    3407 : 363636;
    3408 : 2E2E2E;
    3409 : A3A3A3;
    340A : FFFFFF;
    340B : E9E9E9;
    340C : EDEDED;
    340D : FBFBFB;
    340E : EFEFEF;
    340F : F1F1F1;
    3410 : F2F2F2;
    3411 : F2F2F2;
    3412 : F2F2F2;
    3413 : F2F2F2;
    3414 : F2F2F2;
    3415 : F2F2F2;
    3416 : F2F2F2;
    3417 : F2F2F2;
    3418 : F2F2F2;
    3419 : F2F2F2;
    341A : F2F2F2;
    341B : F2F2F2;
    341C : F2F2F2;
    341D : F2F2F2;
    341E : F2F2F2;
    341F : F2F2F2;
    3420 : F2F2F2;
    3421 : F2F2F2;
    3422 : F2F2F2;
    3423 : F2F2F2;
    3424 : F2F2F2;
    3425 : F2F2F2;
    3426 : F2F2F2;
    3427 : F2F2F2;
    3428 : F2F2F2;
    3429 : F2F2F2;
    342A : F2F2F2;
    342B : F2F2F2;
    342C : F2F2F2;
    342D : F2F2F2;
    342E : F2F2F2;
    342F : F2F2F2;
    3430 : F2F2F2;
    3431 : F2F2F2;
    3432 : F2F2F2;
    3433 : F2F2F2;
    3434 : F2F2F2;
    3435 : F2F2F2;
    3436 : F2F2F2;
    3437 : F2F2F2;
    3438 : F2F2F2;
    3439 : F2F2F2;
    343A : F2F2F2;
    343B : F2F2F2;
    343C : F2F2F2;
    343D : F2F2F2;
    343E : F2F2F2;
    343F : F2F2F2;
    3440 : F2F2F2;
    3441 : F2F2F2;
    3442 : F2F2F2;
    3443 : F2F2F2;
    3444 : F2F2F2;
    3445 : F2F2F2;
    3446 : F2F2F2;
    3447 : F2F2F2;
    3448 : F2F2F2;
    3449 : F2F2F2;
    344A : F2F2F2;
    344B : F2F2F2;
    344C : F2F2F2;
    344D : F2F2F2;
    344E : F2F2F2;
    344F : F2F2F2;
    3450 : F2F2F2;
    3451 : F2F2F2;
    3452 : F2F2F2;
    3453 : F2F2F2;
    3454 : F2F2F2;
    3455 : F2F2F2;
    3456 : F2F2F2;
    3457 : F2F2F2;
    3458 : F2F2F2;
    3459 : F2F2F2;
    345A : F2F2F2;
    345B : F2F2F2;
    345C : F2F2F2;
    345D : F2F2F2;
    345E : F2F2F2;
    345F : F2F2F2;
    3460 : F2F2F2;
    3461 : F2F2F2;
    3462 : F2F2F2;
    3463 : F2F2F2;
    3464 : F2F2F2;
    3465 : F2F2F2;
    3466 : F2F2F2;
    3467 : F2F2F2;
    3468 : F2F2F2;
    3469 : F2F2F2;
    346A : F2F2F2;
    346B : F2F2F2;
    346C : F2F2F2;
    346D : F2F2F2;
    346E : F2F2F2;
    346F : F2F2F2;
    3470 : F2F2F2;
    3471 : F2F2F2;
    3472 : F2F2F2;
    3473 : F2F2F2;
    3474 : F2F2F2;
    3475 : F2F2F2;
    3476 : F2F2F2;
    3477 : F2F2F2;
    3478 : F2F2F2;
    3479 : F2F2F2;
    347A : F2F2F2;
    347B : F2F2F2;
    347C : F2F2F2;
    347D : F2F2F2;
    347E : F2F2F2;
    347F : F2F2F2;
    3480 : F2F2F2;
    3481 : F2F2F2;
    3482 : F2F2F2;
    3483 : F2F2F2;
    3484 : F2F2F2;
    3485 : F2F2F2;
    3486 : F2F2F2;
    3487 : F2F2F2;
    3488 : F2F2F2;
    3489 : F2F2F2;
    348A : F2F2F2;
    348B : F2F2F2;
    348C : F2F2F2;
    348D : F2F2F2;
    348E : F2F2F2;
    348F : F2F2F2;
    3490 : F2F2F2;
    3491 : F2F2F2;
    3492 : F2F2F2;
    3493 : F2F2F2;
    3494 : F2F2F2;
    3495 : F2F2F2;
    3496 : F2F2F2;
    3497 : F2F2F2;
    3498 : F2F2F2;
    3499 : F2F2F2;
    349A : F2F2F2;
    349B : F2F2F2;
    349C : F2F2F2;
    349D : F2F2F2;
    349E : F2F2F2;
    349F : F2F2F2;
    34A0 : F3F3F3;
    34A1 : F6F6F6;
    34A2 : F5F5F5;
    34A3 : EFEFEF;
    34A4 : 454545;
    34A5 : 1E1E1E;
    34A6 : 151515;
    34A7 : 4C4C4C;
    34A8 : 464749;
    34A9 : 171717;
    34AA : 100B08;
    34AB : 130600;
    34AC : 574136;
    34AD : D6B6A7;
    34AE : E9C0AC;
    34AF : F6C6AF;
    34B0 : AA7257;
    34B1 : 9F6446;
    34B2 : AE6F50;
    34B3 : CA8969;
    34B4 : E1A27F;
    34B5 : E8A986;
    34B6 : DB9F7B;
    34B7 : D89D7D;
    34B8 : CE967B;
    34B9 : B58169;
    34BA : A8765F;
    34BB : B2846C;
    34BC : CCA28A;
    34BD : E6C1A7;
    34BE : F4D2B9;
    34BF : F1D3BB;
    34C0 : F3D9C2;
    34C1 : ECD3BD;
    34C2 : BFA992;
    34C3 : 9C8671;
    34C4 : B29D8A;
    34C5 : F1DCCB;
    34C6 : F3DECD;
    34C7 : DCCCBF;
    34C8 : 37322E;
    34C9 : 171717;
    34CA : 1D1D1D;
    34CB : 313131;
    34CC : 323232;
    34CD : 202020;
    34CE : 3D3D3D;
    34CF : 414141;
    34D0 : 353535;
    34D1 : 232323;
    34D2 : BBBBBB;
    34D3 : FDFDFD;
    34D4 : EEEEEE;
    34D5 : F0F0F0;
    34D6 : F0F0F0;
    34D7 : EDEDED;
    34D8 : F2F2F2;
    34D9 : F2F2F2;
    34DA : F2F2F2;
    34DB : F2F2F2;
    34DC : F2F2F2;
    34DD : F2F2F2;
    34DE : F2F2F2;
    34DF : F2F2F2;
    34E0 : F2F2F2;
    34E1 : F2F2F2;
    34E2 : F2F2F2;
    34E3 : F2F2F2;
    34E4 : F2F2F2;
    34E5 : F2F2F2;
    34E6 : F2F2F2;
    34E7 : F2F2F2;
    34E8 : F2F2F2;
    34E9 : F2F2F2;
    34EA : F2F2F2;
    34EB : F2F2F2;
    34EC : F2F2F2;
    34ED : F2F2F2;
    34EE : F2F2F2;
    34EF : F2F2F2;
    34F0 : F2F2F2;
    34F1 : F2F2F2;
    34F2 : F2F2F2;
    34F3 : F2F2F2;
    34F4 : F2F2F2;
    34F5 : F2F2F2;
    34F6 : F2F2F2;
    34F7 : F2F2F2;
    34F8 : F2F2F2;
    34F9 : F2F2F2;
    34FA : F2F2F2;
    34FB : F2F2F2;
    34FC : F2F2F2;
    34FD : F2F2F2;
    34FE : F2F2F2;
    34FF : F2F2F2;
    3500 : F2F2F2;
    3501 : F2F2F2;
    3502 : F2F2F2;
    3503 : F2F2F2;
    3504 : F2F2F2;
    3505 : F2F2F2;
    3506 : F2F2F2;
    3507 : F2F2F2;
    3508 : F2F2F2;
    3509 : F2F2F2;
    350A : F2F2F2;
    350B : F2F2F2;
    350C : F2F2F2;
    350D : F2F2F2;
    350E : F2F2F2;
    350F : F2F2F2;
    3510 : F2F2F2;
    3511 : F2F2F2;
    3512 : F2F2F2;
    3513 : F2F2F2;
    3514 : F2F2F2;
    3515 : F2F2F2;
    3516 : F2F2F2;
    3517 : F2F2F2;
    3518 : F2F2F2;
    3519 : F2F2F2;
    351A : F2F2F2;
    351B : F2F2F2;
    351C : F2F2F2;
    351D : F2F2F2;
    351E : F2F2F2;
    351F : F2F2F2;
    3520 : F2F2F2;
    3521 : F2F2F2;
    3522 : F2F2F2;
    3523 : F2F2F2;
    3524 : F2F2F2;
    3525 : F2F2F2;
    3526 : F2F2F2;
    3527 : F2F2F2;
    3528 : F2F2F2;
    3529 : F2F2F2;
    352A : F2F2F2;
    352B : F2F2F2;
    352C : F2F2F2;
    352D : F2F2F2;
    352E : F2F2F2;
    352F : F2F2F2;
    3530 : F2F2F2;
    3531 : F2F2F2;
    3532 : F2F2F2;
    3533 : F2F2F2;
    3534 : F2F2F2;
    3535 : F2F2F2;
    3536 : F2F2F2;
    3537 : F2F2F2;
    3538 : F2F2F2;
    3539 : F2F2F2;
    353A : F2F2F2;
    353B : F2F2F2;
    353C : F2F2F2;
    353D : F2F2F2;
    353E : F2F2F2;
    353F : F2F2F2;
    3540 : F2F2F2;
    3541 : F2F2F2;
    3542 : F2F2F2;
    3543 : F2F2F2;
    3544 : F2F2F2;
    3545 : F2F2F2;
    3546 : F2F2F2;
    3547 : F2F2F2;
    3548 : F2F2F2;
    3549 : F2F2F2;
    354A : F2F2F2;
    354B : F2F2F2;
    354C : F2F2F2;
    354D : F2F2F2;
    354E : F2F2F2;
    354F : F2F2F2;
    3550 : F2F2F2;
    3551 : F2F2F2;
    3552 : F2F2F2;
    3553 : F2F2F2;
    3554 : F2F2F2;
    3555 : F2F2F2;
    3556 : F2F2F2;
    3557 : F2F2F2;
    3558 : F2F2F2;
    3559 : F2F2F2;
    355A : F2F2F2;
    355B : F2F2F2;
    355C : F2F2F2;
    355D : F2F2F2;
    355E : F2F2F2;
    355F : F2F2F2;
    3560 : F2F2F2;
    3561 : F2F2F2;
    3562 : F2F2F2;
    3563 : F2F2F2;
    3564 : F2F2F2;
    3565 : F2F2F2;
    3566 : F2F2F2;
    3567 : F2F2F2;
    3568 : EDEDED;
    3569 : EBEBEB;
    356A : F0F0F0;
    356B : 343434;
    356C : 222222;
    356D : 111111;
    356E : 292929;
    356F : 38393B;
    3570 : 4A4E51;
    3571 : 25292A;
    3572 : 0E0D0B;
    3573 : 0C0300;
    3574 : 54413A;
    3575 : D5B9AD;
    3576 : DBB6A4;
    3577 : F2C5B0;
    3578 : D19D85;
    3579 : A66E53;
    357A : BC8064;
    357B : A66B4D;
    357C : A66B4B;
    357D : E5AA8A;
    357E : E8AD8D;
    357F : D8A182;
    3580 : D09D80;
    3581 : D5A68A;
    3582 : DAAC92;
    3583 : DEB599;
    3584 : E9C1A7;
    3585 : ECC8AE;
    3586 : E9C9B0;
    3587 : E6CAB2;
    3588 : D5BDA3;
    3589 : 927C64;
    358A : B39D86;
    358B : B5A08B;
    358C : EFDAC7;
    358D : ECD7C4;
    358E : FBE6D3;
    358F : D7C7B8;
    3590 : 37322E;
    3591 : 202020;
    3592 : 252525;
    3593 : 222222;
    3594 : 2B2B2B;
    3595 : 2A2A2A;
    3596 : 4B4B4B;
    3597 : 3B3B3B;
    3598 : 404040;
    3599 : 202020;
    359A : 343434;
    359B : D6D6D6;
    359C : FEFEFE;
    359D : EBEBEB;
    359E : FDFDFD;
    359F : EAEAEA;
    35A0 : F2F2F2;
    35A1 : F2F2F2;
    35A2 : F2F2F2;
    35A3 : F2F2F2;
    35A4 : F2F2F2;
    35A5 : F2F2F2;
    35A6 : F2F2F2;
    35A7 : F2F2F2;
    35A8 : F2F2F2;
    35A9 : F2F2F2;
    35AA : F2F2F2;
    35AB : F2F2F2;
    35AC : F2F2F2;
    35AD : F2F2F2;
    35AE : F2F2F2;
    35AF : F2F2F2;
    35B0 : F2F2F2;
    35B1 : F2F2F2;
    35B2 : F2F2F2;
    35B3 : F2F2F2;
    35B4 : F2F2F2;
    35B5 : F2F2F2;
    35B6 : F2F2F2;
    35B7 : F2F2F2;
    35B8 : F2F2F2;
    35B9 : F2F2F2;
    35BA : F2F2F2;
    35BB : F2F2F2;
    35BC : F2F2F2;
    35BD : F2F2F2;
    35BE : F2F2F2;
    35BF : F2F2F2;
    35C0 : F2F2F2;
    35C1 : F2F2F2;
    35C2 : F2F2F2;
    35C3 : F2F2F2;
    35C4 : F2F2F2;
    35C5 : F2F2F2;
    35C6 : F2F2F2;
    35C7 : F2F2F2;
    35C8 : F2F2F2;
    35C9 : F2F2F2;
    35CA : F2F2F2;
    35CB : F2F2F2;
    35CC : F2F2F2;
    35CD : F2F2F2;
    35CE : F2F2F2;
    35CF : F2F2F2;
    35D0 : F2F2F2;
    35D1 : F2F2F2;
    35D2 : F2F2F2;
    35D3 : F2F2F2;
    35D4 : F2F2F2;
    35D5 : F2F2F2;
    35D6 : F2F2F2;
    35D7 : F2F2F2;
    35D8 : F2F2F2;
    35D9 : F2F2F2;
    35DA : F2F2F2;
    35DB : F2F2F2;
    35DC : F2F2F2;
    35DD : F2F2F2;
    35DE : F2F2F2;
    35DF : F2F2F2;
    35E0 : F2F2F2;
    35E1 : F2F2F2;
    35E2 : F2F2F2;
    35E3 : F2F2F2;
    35E4 : F2F2F2;
    35E5 : F2F2F2;
    35E6 : F2F2F2;
    35E7 : F2F2F2;
    35E8 : F2F2F2;
    35E9 : F2F2F2;
    35EA : F2F2F2;
    35EB : F2F2F2;
    35EC : F2F2F2;
    35ED : F2F2F2;
    35EE : F2F2F2;
    35EF : F2F2F2;
    35F0 : F2F2F2;
    35F1 : F2F2F2;
    35F2 : F2F2F2;
    35F3 : F2F2F2;
    35F4 : F2F2F2;
    35F5 : F2F2F2;
    35F6 : F2F2F2;
    35F7 : F2F2F2;
    35F8 : F2F2F2;
    35F9 : F2F2F2;
    35FA : F2F2F2;
    35FB : F2F2F2;
    35FC : F2F2F2;
    35FD : F2F2F2;
    35FE : F2F2F2;
    35FF : F2F2F2;
    3600 : F2F2F2;
    3601 : F2F2F2;
    3602 : F2F2F2;
    3603 : F2F2F2;
    3604 : F2F2F2;
    3605 : F2F2F2;
    3606 : F2F2F2;
    3607 : F2F2F2;
    3608 : F2F2F2;
    3609 : F2F2F2;
    360A : F2F2F2;
    360B : F2F2F2;
    360C : F2F2F2;
    360D : F2F2F2;
    360E : F2F2F2;
    360F : F2F2F2;
    3610 : F2F2F2;
    3611 : F2F2F2;
    3612 : F2F2F2;
    3613 : F2F2F2;
    3614 : F2F2F2;
    3615 : F2F2F2;
    3616 : F2F2F2;
    3617 : F2F2F2;
    3618 : F2F2F2;
    3619 : F2F2F2;
    361A : F2F2F2;
    361B : F2F2F2;
    361C : F2F2F2;
    361D : F2F2F2;
    361E : F2F2F2;
    361F : F2F2F2;
    3620 : F2F2F2;
    3621 : F2F2F2;
    3622 : F2F2F2;
    3623 : F2F2F2;
    3624 : F2F2F2;
    3625 : F2F2F2;
    3626 : F2F2F2;
    3627 : F2F2F2;
    3628 : F2F2F2;
    3629 : F2F2F2;
    362A : F2F2F2;
    362B : F2F2F2;
    362C : F2F2F2;
    362D : F2F2F2;
    362E : F2F2F2;
    362F : F2F2F2;
    3630 : F9F9F9;
    3631 : F4F4F4;
    3632 : 5E5E5E;
    3633 : 191919;
    3634 : 1F1F1F;
    3635 : 2A2A2A;
    3636 : 3D3D3D;
    3637 : 2C2D2F;
    3638 : 303437;
    3639 : 35393A;
    363A : 2A2927;
    363B : 120806;
    363C : 402D26;
    363D : CCB1A6;
    363E : CFAB9B;
    363F : D5AC98;
    3640 : EABAA3;
    3641 : AF7C61;
    3642 : CA9277;
    3643 : C0876A;
    3644 : 9F6648;
    3645 : B07759;
    3646 : BF8668;
    3647 : E0A98A;
    3648 : DBAA8C;
    3649 : EDC0A3;
    364A : F2C6AB;
    364B : EEC7AA;
    364C : F2CDB2;
    364D : EFCDB1;
    364E : E6C8AC;
    364F : E6CBB0;
    3650 : 998167;
    3651 : BCA78C;
    3652 : C6B099;
    3653 : C9B39C;
    3654 : F3DDC8;
    3655 : FFF4E2;
    3656 : D8C1AF;
    3657 : EBD9CB;
    3658 : 48433F;
    3659 : 161616;
    365A : 232323;
    365B : 252525;
    365C : 353535;
    365D : 252525;
    365E : 3E3E3E;
    365F : 404040;
    3660 : 3C3C3C;
    3661 : 434343;
    3662 : 222222;
    3663 : 484848;
    3664 : FCFCFC;
    3665 : F8F8F8;
    3666 : F3F3F3;
    3667 : F5F5F5;
    3668 : F2F2F2;
    3669 : F2F2F2;
    366A : F2F2F2;
    366B : F2F2F2;
    366C : F2F2F2;
    366D : F2F2F2;
    366E : F2F2F2;
    366F : F2F2F2;
    3670 : F2F2F2;
    3671 : F2F2F2;
    3672 : F2F2F2;
    3673 : F2F2F2;
    3674 : F2F2F2;
    3675 : F2F2F2;
    3676 : F2F2F2;
    3677 : F2F2F2;
    3678 : F2F2F2;
    3679 : F2F2F2;
    367A : F2F2F2;
    367B : F2F2F2;
    367C : F2F2F2;
    367D : F2F2F2;
    367E : F2F2F2;
    367F : F2F2F2;
    3680 : F2F2F2;
    3681 : F2F2F2;
    3682 : F2F2F2;
    3683 : F2F2F2;
    3684 : F2F2F2;
    3685 : F2F2F2;
    3686 : F2F2F2;
    3687 : F2F2F2;
    3688 : F2F2F2;
    3689 : F2F2F2;
    368A : F2F2F2;
    368B : F2F2F2;
    368C : F2F2F2;
    368D : F2F2F2;
    368E : F2F2F2;
    368F : F2F2F2;
    3690 : F2F2F2;
    3691 : F2F2F2;
    3692 : F2F2F2;
    3693 : F2F2F2;
    3694 : F2F2F2;
    3695 : F2F2F2;
    3696 : F2F2F2;
    3697 : F2F2F2;
    3698 : F2F2F2;
    3699 : F2F2F2;
    369A : F2F2F2;
    369B : F2F2F2;
    369C : F2F2F2;
    369D : F2F2F2;
    369E : F2F2F2;
    369F : F2F2F2;
    36A0 : F2F2F2;
    36A1 : F2F2F2;
    36A2 : F2F2F2;
    36A3 : F2F2F2;
    36A4 : F2F2F2;
    36A5 : F2F2F2;
    36A6 : F2F2F2;
    36A7 : F2F2F2;
    36A8 : F2F2F2;
    36A9 : F2F2F2;
    36AA : F2F2F2;
    36AB : F2F2F2;
    36AC : F2F2F2;
    36AD : F2F2F2;
    36AE : F2F2F2;
    36AF : F2F2F2;
    36B0 : F2F2F2;
    36B1 : F2F2F2;
    36B2 : F2F2F2;
    36B3 : F2F2F2;
    36B4 : F2F2F2;
    36B5 : F2F2F2;
    36B6 : F2F2F2;
    36B7 : F2F2F2;
    36B8 : F2F2F2;
    36B9 : F2F2F2;
    36BA : F2F2F2;
    36BB : F2F2F2;
    36BC : F2F2F2;
    36BD : F2F2F2;
    36BE : F2F2F2;
    36BF : F2F2F2;
    36C0 : F2F2F2;
    36C1 : F2F2F2;
    36C2 : F2F2F2;
    36C3 : F2F2F2;
    36C4 : F2F2F2;
    36C5 : F2F2F2;
    36C6 : F2F2F2;
    36C7 : F2F2F2;
    36C8 : F2F2F2;
    36C9 : F2F2F2;
    36CA : F2F2F2;
    36CB : F2F2F2;
    36CC : F2F2F2;
    36CD : F2F2F2;
    36CE : F2F2F2;
    36CF : F2F2F2;
    36D0 : F2F2F2;
    36D1 : F2F2F2;
    36D2 : F2F2F2;
    36D3 : F2F2F2;
    36D4 : F2F2F2;
    36D5 : F2F2F2;
    36D6 : F2F2F2;
    36D7 : F2F2F2;
    36D8 : F2F2F2;
    36D9 : F2F2F2;
    36DA : F2F2F2;
    36DB : F2F2F2;
    36DC : F2F2F2;
    36DD : F2F2F2;
    36DE : F2F2F2;
    36DF : F2F2F2;
    36E0 : F2F2F2;
    36E1 : F2F2F2;
    36E2 : F2F2F2;
    36E3 : F2F2F2;
    36E4 : F2F2F2;
    36E5 : F2F2F2;
    36E6 : F2F2F2;
    36E7 : F2F2F2;
    36E8 : F2F2F2;
    36E9 : F2F2F2;
    36EA : F2F2F2;
    36EB : F2F2F2;
    36EC : F2F2F2;
    36ED : F2F2F2;
    36EE : F2F2F2;
    36EF : F2F2F2;
    36F0 : F2F2F2;
    36F1 : F2F2F2;
    36F2 : F2F2F2;
    36F3 : F2F2F2;
    36F4 : F2F2F2;
    36F5 : F2F2F2;
    36F6 : F2F2F2;
    36F7 : F2F2F2;
    36F8 : FBFBFB;
    36F9 : B5B5B5;
    36FA : 0B0B0B;
    36FB : 474747;
    36FC : 1E1E1E;
    36FD : 292929;
    36FE : 3F3F3F;
    36FF : 333333;
    3700 : 28292B;
    3701 : 2D2D2D;
    3702 : 36322F;
    3703 : 1F1410;
    3704 : 27140D;
    3705 : BDA297;
    3706 : CBAA99;
    3707 : C09783;
    3708 : FFD0B9;
    3709 : C39075;
    370A : A66E53;
    370B : C99274;
    370C : DAA183;
    370D : B98062;
    370E : A97150;
    370F : B57E5F;
    3710 : DEAD8F;
    3711 : EBBE9F;
    3712 : EABEA1;
    3713 : EDC4A6;
    3714 : FED7BA;
    3715 : E9C6AA;
    3716 : B09175;
    3717 : 8A6C52;
    3718 : C6AA92;
    3719 : D4BAA1;
    371A : B19681;
    371B : FFEED8;
    371C : E0C5B2;
    371D : E7CCB9;
    371E : F9DECD;
    371F : EDDACC;
    3720 : 5E5653;
    3721 : 090909;
    3722 : 262626;
    3723 : 333333;
    3724 : 474747;
    3725 : 222222;
    3726 : 2B2B2B;
    3727 : 454545;
    3728 : 404040;
    3729 : 3F3F3F;
    372A : 4D4D4D;
    372B : 090909;
    372C : 9C9C9C;
    372D : F1F1F1;
    372E : ECECEC;
    372F : F8F8F8;
    3730 : F2F2F2;
    3731 : F2F2F2;
    3732 : F2F2F2;
    3733 : F2F2F2;
    3734 : F2F2F2;
    3735 : F2F2F2;
    3736 : F2F2F2;
    3737 : F2F2F2;
    3738 : F2F2F2;
    3739 : F2F2F2;
    373A : F2F2F2;
    373B : F2F2F2;
    373C : F2F2F2;
    373D : F2F2F2;
    373E : F2F2F2;
    373F : F2F2F2;
    3740 : F2F2F2;
    3741 : F2F2F2;
    3742 : F2F2F2;
    3743 : F2F2F2;
    3744 : F2F2F2;
    3745 : F2F2F2;
    3746 : F2F2F2;
    3747 : F2F2F2;
    3748 : F2F2F2;
    3749 : F2F2F2;
    374A : F2F2F2;
    374B : F2F2F2;
    374C : F2F2F2;
    374D : F2F2F2;
    374E : F2F2F2;
    374F : F2F2F2;
    3750 : F2F2F2;
    3751 : F2F2F2;
    3752 : F2F2F2;
    3753 : F2F2F2;
    3754 : F2F2F2;
    3755 : F2F2F2;
    3756 : F2F2F2;
    3757 : F2F2F2;
    3758 : F2F2F2;
    3759 : F2F2F2;
    375A : F2F2F2;
    375B : F2F2F2;
    375C : F2F2F2;
    375D : F2F2F2;
    375E : F2F2F2;
    375F : F2F2F2;
    3760 : F2F2F2;
    3761 : F2F2F2;
    3762 : F2F2F2;
    3763 : F2F2F2;
    3764 : F2F2F2;
    3765 : F2F2F2;
    3766 : F2F2F2;
    3767 : F2F2F2;
    3768 : F2F2F2;
    3769 : F2F2F2;
    376A : F2F2F2;
    376B : F2F2F2;
    376C : F2F2F2;
    376D : F2F2F2;
    376E : F2F2F2;
    376F : F2F2F2;
    3770 : F2F2F2;
    3771 : F2F2F2;
    3772 : F2F2F2;
    3773 : F2F2F2;
    3774 : F2F2F2;
    3775 : F2F2F2;
    3776 : F2F2F2;
    3777 : F2F2F2;
    3778 : F2F2F2;
    3779 : F2F2F2;
    377A : F2F2F2;
    377B : F2F2F2;
    377C : F2F2F2;
    377D : F2F2F2;
    377E : F2F2F2;
    377F : F2F2F2;
    3780 : F2F2F2;
    3781 : F2F2F2;
    3782 : F2F2F2;
    3783 : F2F2F2;
    3784 : F2F2F2;
    3785 : F2F2F2;
    3786 : F2F2F2;
    3787 : F2F2F2;
    3788 : F2F2F2;
    3789 : F2F2F2;
    378A : F2F2F2;
    378B : F2F2F2;
    378C : F2F2F2;
    378D : F2F2F2;
    378E : F2F2F2;
    378F : F2F2F2;
    3790 : F2F2F2;
    3791 : F2F2F2;
    3792 : F2F2F2;
    3793 : F2F2F2;
    3794 : F2F2F2;
    3795 : F2F2F2;
    3796 : F2F2F2;
    3797 : F2F2F2;
    3798 : F2F2F2;
    3799 : F2F2F2;
    379A : F2F2F2;
    379B : F2F2F2;
    379C : F2F2F2;
    379D : F2F2F2;
    379E : F2F2F2;
    379F : F2F2F2;
    37A0 : F2F2F2;
    37A1 : F2F2F2;
    37A2 : F2F2F2;
    37A3 : F2F2F2;
    37A4 : F2F2F2;
    37A5 : F2F2F2;
    37A6 : F2F2F2;
    37A7 : F2F2F2;
    37A8 : F2F2F2;
    37A9 : F2F2F2;
    37AA : F2F2F2;
    37AB : F2F2F2;
    37AC : F2F2F2;
    37AD : F2F2F2;
    37AE : F2F2F2;
    37AF : F2F2F2;
    37B0 : F2F2F2;
    37B1 : F2F2F2;
    37B2 : F2F2F2;
    37B3 : F2F2F2;
    37B4 : F2F2F2;
    37B5 : F2F2F2;
    37B6 : F2F2F2;
    37B7 : F2F2F2;
    37B8 : F2F2F2;
    37B9 : F2F2F2;
    37BA : F2F2F2;
    37BB : F2F2F2;
    37BC : F2F2F2;
    37BD : F2F2F2;
    37BE : F2F2F2;
    37BF : F2F2F2;
    37C0 : AEAEAE;
    37C1 : 1D1D1D;
    37C2 : 303030;
    37C3 : 080808;
    37C4 : 383838;
    37C5 : 464646;
    37C6 : 383838;
    37C7 : 4B4B4B;
    37C8 : 4F4F4D;
    37C9 : 1E1D19;
    37CA : 251D1A;
    37CB : 261913;
    37CC : 251108;
    37CD : BEA497;
    37CE : CEAD9C;
    37CF : AB826E;
    37D0 : E5B79F;
    37D1 : F9C6AB;
    37D2 : AE785C;
    37D3 : B98263;
    37D4 : E6AD8F;
    37D5 : CC9473;
    37D6 : C18968;
    37D7 : A6704E;
    37D8 : A06D4E;
    37D9 : D0A183;
    37DA : E2B397;
    37DB : C99D80;
    37DC : B68D71;
    37DD : AE896E;
    37DE : BE9A80;
    37DF : DDBDA4;
    37E0 : F7D7C0;
    37E1 : A78873;
    37E2 : E7CBB6;
    37E3 : D0B49F;
    37E4 : F1D2C0;
    37E5 : FEDFCD;
    37E6 : F0D0C1;
    37E7 : F0D8CC;
    37E8 : 5D5552;
    37E9 : 151515;
    37EA : 3C3C3C;
    37EB : 2F2F2F;
    37EC : 444444;
    37ED : 343434;
    37EE : 2F2F2F;
    37EF : 373737;
    37F0 : 464646;
    37F1 : 404040;
    37F2 : 3C3C3C;
    37F3 : 4F4F4F;
    37F4 : 171717;
    37F5 : D1D1D1;
    37F6 : FFFFFF;
    37F7 : EAEAEA;
    37F8 : F2F2F2;
    37F9 : F2F2F2;
    37FA : F2F2F2;
    37FB : F2F2F2;
    37FC : F2F2F2;
    37FD : F2F2F2;
    37FE : F2F2F2;
    37FF : F2F2F2;
    3800 : F2F2F2;
    3801 : F2F2F2;
    3802 : F2F2F2;
    3803 : F2F2F2;
    3804 : F2F2F2;
    3805 : F2F2F2;
    3806 : F2F2F2;
    3807 : F2F2F2;
    3808 : F2F2F2;
    3809 : F2F2F2;
    380A : F2F2F2;
    380B : F2F2F2;
    380C : F2F2F2;
    380D : F2F2F2;
    380E : F2F2F2;
    380F : F2F2F2;
    3810 : F2F2F2;
    3811 : F2F2F2;
    3812 : F2F2F2;
    3813 : F2F2F2;
    3814 : F2F2F2;
    3815 : F2F2F2;
    3816 : F2F2F2;
    3817 : F2F2F2;
    3818 : F2F2F2;
    3819 : F2F2F2;
    381A : F2F2F2;
    381B : F2F2F2;
    381C : F2F2F2;
    381D : F2F2F2;
    381E : F2F2F2;
    381F : F2F2F2;
    3820 : F2F2F2;
    3821 : F2F2F2;
    3822 : F2F2F2;
    3823 : F2F2F2;
    3824 : F2F2F2;
    3825 : F2F2F2;
    3826 : F2F2F2;
    3827 : F2F2F2;
    3828 : F2F2F2;
    3829 : F2F2F2;
    382A : F2F2F2;
    382B : F2F2F2;
    382C : F2F2F2;
    382D : F2F2F2;
    382E : F2F2F2;
    382F : F2F2F2;
    3830 : F2F2F2;
    3831 : F2F2F2;
    3832 : F2F2F2;
    3833 : F2F2F2;
    3834 : F2F2F2;
    3835 : F2F2F2;
    3836 : F2F2F2;
    3837 : F2F2F2;
    3838 : F2F2F2;
    3839 : F2F2F2;
    383A : F2F2F2;
    383B : F2F2F2;
    383C : F2F2F2;
    383D : F2F2F2;
    383E : F2F2F2;
    383F : F2F2F2;
    3840 : F2F2F2;
    3841 : F2F2F2;
    3842 : F2F2F2;
    3843 : F2F2F2;
    3844 : F2F2F2;
    3845 : F2F2F2;
    3846 : F2F2F2;
    3847 : F2F2F2;
    3848 : F2F2F2;
    3849 : F2F2F2;
    384A : F2F2F2;
    384B : F2F2F2;
    384C : F2F2F2;
    384D : F2F2F2;
    384E : F2F2F2;
    384F : F2F2F2;
    3850 : F2F2F2;
    3851 : F2F2F2;
    3852 : F2F2F2;
    3853 : F2F2F2;
    3854 : F2F2F2;
    3855 : F2F2F2;
    3856 : F2F2F2;
    3857 : F2F2F2;
    3858 : F2F2F2;
    3859 : F2F2F2;
    385A : F2F2F2;
    385B : F2F2F2;
    385C : F2F2F2;
    385D : F2F2F2;
    385E : F2F2F2;
    385F : F2F2F2;
    3860 : F2F2F2;
    3861 : F2F2F2;
    3862 : F2F2F2;
    3863 : F2F2F2;
    3864 : F2F2F2;
    3865 : F2F2F2;
    3866 : F2F2F2;
    3867 : F2F2F2;
    3868 : F2F2F2;
    3869 : F2F2F2;
    386A : F2F2F2;
    386B : F2F2F2;
    386C : F2F2F2;
    386D : F2F2F2;
    386E : F2F2F2;
    386F : F2F2F2;
    3870 : F2F2F2;
    3871 : F2F2F2;
    3872 : F2F2F2;
    3873 : F2F2F2;
    3874 : F2F2F2;
    3875 : F2F2F2;
    3876 : F2F2F2;
    3877 : F2F2F2;
    3878 : F0F0F0;
    3879 : EDEDED;
    387A : F5F5F5;
    387B : F9F9F9;
    387C : EFEFEF;
    387D : EBEBEB;
    387E : F2F2F2;
    387F : F8F8F8;
    3880 : EEEEEE;
    3881 : F5F5F5;
    3882 : F0F0F0;
    3883 : EFEFEF;
    3884 : EDEDED;
    3885 : FCFCFC;
    3886 : FFFFFF;
    3887 : DBDBDB;
    3888 : 242424;
    3889 : 1B1B1B;
    388A : 2A2A2A;
    388B : 353535;
    388C : 2B2B2B;
    388D : 2F2F2F;
    388E : 3E3E3E;
    388F : 3D3D3B;
    3890 : 3C3B37;
    3891 : 4D4A43;
    3892 : 362D26;
    3893 : 1A0C03;
    3894 : 1B0500;
    3895 : 9A7F6E;
    3896 : DDBAA7;
    3897 : AD846E;
    3898 : DBAD95;
    3899 : FFCEB3;
    389A : D8A183;
    389B : 985F41;
    389C : DFA484;
    389D : FFC4A2;
    389E : E4A987;
    389F : BE8363;
    38A0 : A46D4F;
    38A1 : 8C593E;
    38A2 : CB977F;
    38A3 : CA9B81;
    38A4 : D8AA92;
    38A5 : FFD8BF;
    38A6 : ECC4AB;
    38A7 : FFDCC4;
    38A8 : B08C76;
    38A9 : CBA894;
    38AA : E0BDAA;
    38AB : C4A18E;
    38AC : FFE2D2;
    38AD : F2CEC0;
    38AE : EFCBBD;
    38AF : FCE1D6;
    38B0 : 695F5D;
    38B1 : 202020;
    38B2 : 404040;
    38B3 : 313131;
    38B4 : 2E2E2E;
    38B5 : 3B3B3B;
    38B6 : 444444;
    38B7 : 424242;
    38B8 : 383838;
    38B9 : 3D3D3D;
    38BA : 3D3D3D;
    38BB : 3D3D3D;
    38BC : 313131;
    38BD : 545454;
    38BE : EDEDED;
    38BF : F0F0F0;
    38C0 : E8E8E8;
    38C1 : EDEDED;
    38C2 : F3F3F3;
    38C3 : F4F4F4;
    38C4 : F2F2F2;
    38C5 : F2F2F2;
    38C6 : F3F3F3;
    38C7 : F5F5F5;
    38C8 : F0F0F0;
    38C9 : F5F5F5;
    38CA : F7F7F7;
    38CB : F4F4F4;
    38CC : F2F2F2;
    38CD : F3F3F3;
    38CE : F3F3F3;
    38CF : F0F0F0;
    38D0 : F2F2F2;
    38D1 : F2F2F2;
    38D2 : F2F2F2;
    38D3 : F2F2F2;
    38D4 : F2F2F2;
    38D5 : F2F2F2;
    38D6 : F2F2F2;
    38D7 : F2F2F2;
    38D8 : F2F2F2;
    38D9 : F2F2F2;
    38DA : F2F2F2;
    38DB : F2F2F2;
    38DC : F2F2F2;
    38DD : F2F2F2;
    38DE : F2F2F2;
    38DF : F2F2F2;
    38E0 : F2F2F2;
    38E1 : F2F2F2;
    38E2 : F2F2F2;
    38E3 : F2F2F2;
    38E4 : F2F2F2;
    38E5 : F2F2F2;
    38E6 : F2F2F2;
    38E7 : F2F2F2;
    38E8 : F2F2F2;
    38E9 : F2F2F2;
    38EA : F2F2F2;
    38EB : F2F2F2;
    38EC : F2F2F2;
    38ED : F2F2F2;
    38EE : F2F2F2;
    38EF : F2F2F2;
    38F0 : F2F2F2;
    38F1 : F2F2F2;
    38F2 : F2F2F2;
    38F3 : F2F2F2;
    38F4 : F2F2F2;
    38F5 : F2F2F2;
    38F6 : F2F2F2;
    38F7 : F2F2F2;
    38F8 : F2F2F2;
    38F9 : F2F2F2;
    38FA : F2F2F2;
    38FB : F2F2F2;
    38FC : F2F2F2;
    38FD : F2F2F2;
    38FE : F2F2F2;
    38FF : F2F2F2;
    3900 : F2F2F2;
    3901 : F2F2F2;
    3902 : F2F2F2;
    3903 : F2F2F2;
    3904 : F2F2F2;
    3905 : F2F2F2;
    3906 : F2F2F2;
    3907 : F2F2F2;
    3908 : F2F2F2;
    3909 : F2F2F2;
    390A : F2F2F2;
    390B : F2F2F2;
    390C : F2F2F2;
    390D : F2F2F2;
    390E : F2F2F2;
    390F : F2F2F2;
    3910 : F2F2F2;
    3911 : F2F2F2;
    3912 : F2F2F2;
    3913 : F2F2F2;
    3914 : F2F2F2;
    3915 : F2F2F2;
    3916 : F2F2F2;
    3917 : F2F2F2;
    3918 : F2F2F2;
    3919 : F2F2F2;
    391A : F2F2F2;
    391B : F2F2F2;
    391C : F2F2F2;
    391D : F2F2F2;
    391E : F2F2F2;
    391F : F2F2F2;
    3920 : F2F2F2;
    3921 : F2F2F2;
    3922 : F2F2F2;
    3923 : F2F2F2;
    3924 : F2F2F2;
    3925 : F2F2F2;
    3926 : F2F2F2;
    3927 : F2F2F2;
    3928 : F2F2F2;
    3929 : F2F2F2;
    392A : F2F2F2;
    392B : F2F2F2;
    392C : F2F2F2;
    392D : F2F2F2;
    392E : F2F2F2;
    392F : F2F2F2;
    3930 : F2F2F2;
    3931 : F2F2F2;
    3932 : F2F2F2;
    3933 : F2F2F2;
    3934 : F2F2F2;
    3935 : F2F2F2;
    3936 : F2F2F2;
    3937 : F2F2F2;
    3938 : F2F2F2;
    3939 : F2F2F2;
    393A : F2F2F2;
    393B : F2F2F2;
    393C : F2F2F2;
    393D : F2F2F2;
    393E : F2F2F2;
    393F : F2F2F2;
    3940 : E9E9E9;
    3941 : F7F7F7;
    3942 : F3F3F3;
    3943 : EBEBEB;
    3944 : F5F5F5;
    3945 : F9F9F9;
    3946 : F1F1F1;
    3947 : EFEFEF;
    3948 : F3F3F3;
    3949 : EEEEEE;
    394A : E9E9E9;
    394B : FFFFFF;
    394C : F8F8F8;
    394D : A7A7A7;
    394E : 5D5D5D;
    394F : 333333;
    3950 : 313131;
    3951 : 2F2F2F;
    3952 : 353535;
    3953 : 373737;
    3954 : 333333;
    3955 : 373737;
    3956 : 3E3E3E;
    3957 : 3C3C3A;
    3958 : 393631;
    3959 : 444037;
    395A : 493F36;
    395B : 36281D;
    395C : 120000;
    395D : 614635;
    395E : DEBBA8;
    395F : AC836F;
    3960 : B88A73;
    3961 : F6C4AB;
    3962 : F5BFA3;
    3963 : C18A6B;
    3964 : B98160;
    3965 : E9AE8C;
    3966 : FABF9D;
    3967 : EFB494;
    3968 : CA9176;
    3969 : B67E67;
    396A : E1AB93;
    396B : FFDAC4;
    396C : F6C6AF;
    396D : F6C9B2;
    396E : FAD0BA;
    396F : BA917D;
    3970 : A57F6C;
    3971 : FFDDCB;
    3972 : B38E7C;
    3973 : B28D7D;
    3974 : DFB9AC;
    3975 : FFDACD;
    3976 : FFE3D6;
    3977 : F8DBD3;
    3978 : 645A58;
    3979 : 202020;
    397A : 3C3C3C;
    397B : 333333;
    397C : 363636;
    397D : 444444;
    397E : 414141;
    397F : 323232;
    3980 : 4B4B4B;
    3981 : 6E6E6E;
    3982 : 262626;
    3983 : 434343;
    3984 : 3D3D3D;
    3985 : 222222;
    3986 : 4B4B4B;
    3987 : FAFAFA;
    3988 : FFFFFF;
    3989 : F5F5F5;
    398A : EDEDED;
    398B : F0F0F0;
    398C : F1F1F1;
    398D : EEEEEE;
    398E : EDEDED;
    398F : F0F0F0;
    3990 : EFEFEF;
    3991 : F1F1F1;
    3992 : EFEFEF;
    3993 : EAEAEA;
    3994 : EAEAEA;
    3995 : F1F1F1;
    3996 : F9F9F9;
    3997 : FCFCFC;
    3998 : F2F2F2;
    3999 : F2F2F2;
    399A : F2F2F2;
    399B : F2F2F2;
    399C : F2F2F2;
    399D : F2F2F2;
    399E : F2F2F2;
    399F : F2F2F2;
    39A0 : F2F2F2;
    39A1 : F2F2F2;
    39A2 : F2F2F2;
    39A3 : F2F2F2;
    39A4 : F2F2F2;
    39A5 : F2F2F2;
    39A6 : F2F2F2;
    39A7 : F2F2F2;
    39A8 : F2F2F2;
    39A9 : F2F2F2;
    39AA : F2F2F2;
    39AB : F2F2F2;
    39AC : F2F2F2;
    39AD : F2F2F2;
    39AE : F2F2F2;
    39AF : F2F2F2;
    39B0 : F2F2F2;
    39B1 : F2F2F2;
    39B2 : F2F2F2;
    39B3 : F2F2F2;
    39B4 : F2F2F2;
    39B5 : F2F2F2;
    39B6 : F2F2F2;
    39B7 : F2F2F2;
    39B8 : F2F2F2;
    39B9 : F2F2F2;
    39BA : F2F2F2;
    39BB : F2F2F2;
    39BC : F2F2F2;
    39BD : F2F2F2;
    39BE : F2F2F2;
    39BF : F2F2F2;
    39C0 : F2F2F2;
    39C1 : F2F2F2;
    39C2 : F2F2F2;
    39C3 : F2F2F2;
    39C4 : F2F2F2;
    39C5 : F2F2F2;
    39C6 : F2F2F2;
    39C7 : F2F2F2;
    39C8 : F2F2F2;
    39C9 : F2F2F2;
    39CA : F2F2F2;
    39CB : F2F2F2;
    39CC : F2F2F2;
    39CD : F2F2F2;
    39CE : F2F2F2;
    39CF : F2F2F2;
    39D0 : F2F2F2;
    39D1 : F2F2F2;
    39D2 : F2F2F2;
    39D3 : F2F2F2;
    39D4 : F2F2F2;
    39D5 : F2F2F2;
    39D6 : F2F2F2;
    39D7 : F2F2F2;
    39D8 : F2F2F2;
    39D9 : F2F2F2;
    39DA : F2F2F2;
    39DB : F2F2F2;
    39DC : F2F2F2;
    39DD : F2F2F2;
    39DE : F2F2F2;
    39DF : F2F2F2;
    39E0 : F2F2F2;
    39E1 : F2F2F2;
    39E2 : F2F2F2;
    39E3 : F2F2F2;
    39E4 : F2F2F2;
    39E5 : F2F2F2;
    39E6 : F2F2F2;
    39E7 : F2F2F2;
    39E8 : F2F2F2;
    39E9 : F2F2F2;
    39EA : F2F2F2;
    39EB : F2F2F2;
    39EC : F2F2F2;
    39ED : F2F2F2;
    39EE : F2F2F2;
    39EF : F2F2F2;
    39F0 : F2F2F2;
    39F1 : F2F2F2;
    39F2 : F2F2F2;
    39F3 : F2F2F2;
    39F4 : F2F2F2;
    39F5 : F2F2F2;
    39F6 : F2F2F2;
    39F7 : F2F2F2;
    39F8 : F2F2F2;
    39F9 : F2F2F2;
    39FA : F2F2F2;
    39FB : F2F2F2;
    39FC : F2F2F2;
    39FD : F2F2F2;
    39FE : F2F2F2;
    39FF : F2F2F2;
    3A00 : F2F2F2;
    3A01 : F2F2F2;
    3A02 : F2F2F2;
    3A03 : F2F2F2;
    3A04 : F2F2F2;
    3A05 : F2F2F2;
    3A06 : F2F2F2;
    3A07 : F2F2F2;
    3A08 : F7F7F7;
    3A09 : FFFFFF;
    3A0A : EDEDED;
    3A0B : E0E0E0;
    3A0C : F3F3F3;
    3A0D : F8F8F8;
    3A0E : EEEEEE;
    3A0F : F2F2F2;
    3A10 : F7F7F7;
    3A11 : EBEBEB;
    3A12 : FFFFFF;
    3A13 : F9F9F9;
    3A14 : 7C7C7C;
    3A15 : 0E0E0E;
    3A16 : 141414;
    3A17 : 272727;
    3A18 : 333333;
    3A19 : 404040;
    3A1A : 404040;
    3A1B : 393939;
    3A1C : 3D3D3D;
    3A1D : 404040;
    3A1E : 3E3E3E;
    3A1F : 3E3E3C;
    3A20 : 322F28;
    3A21 : 3E3A31;
    3A22 : 494037;
    3A23 : 4E4035;
    3A24 : 291709;
    3A25 : 291202;
    3A26 : BFA08E;
    3A27 : D0AB98;
    3A28 : A37963;
    3A29 : E1B19A;
    3A2A : F7C5AA;
    3A2B : DBA589;
    3A2C : A66F50;
    3A2D : E3AB8A;
    3A2E : FFC9A6;
    3A2F : EDB594;
    3A30 : D49A82;
    3A31 : A46A56;
    3A32 : DEA591;
    3A33 : F9C2AD;
    3A34 : EBB8A3;
    3A35 : FBCCB8;
    3A36 : D4A792;
    3A37 : 9B725E;
    3A38 : EBC5B2;
    3A39 : DCB7A5;
    3A3A : AA8676;
    3A3B : D6B2A4;
    3A3C : DCB8AA;
    3A3D : FBD7CB;
    3A3E : ECC8BC;
    3A3F : FFE8DF;
    3A40 : 403634;
    3A41 : 151515;
    3A42 : 363636;
    3A43 : 303030;
    3A44 : 2D2D2D;
    3A45 : 3A3A3A;
    3A46 : 333333;
    3A47 : 222222;
    3A48 : 2A2A2A;
    3A49 : 616161;
    3A4A : 232323;
    3A4B : 2F2F2F;
    3A4C : 363636;
    3A4D : 555555;
    3A4E : 141414;
    3A4F : 3B3B3B;
    3A50 : BBBBBB;
    3A51 : EDEDED;
    3A52 : FFFFFF;
    3A53 : F1F1F1;
    3A54 : E9E9E9;
    3A55 : FDFDFD;
    3A56 : FFFFFF;
    3A57 : EAEAEA;
    3A58 : F6F6F6;
    3A59 : F7F7F7;
    3A5A : F6F6F6;
    3A5B : F5F5F5;
    3A5C : F7F7F7;
    3A5D : F7F7F7;
    3A5E : EDEDED;
    3A5F : E1E1E1;
    3A60 : F2F2F2;
    3A61 : F2F2F2;
    3A62 : F2F2F2;
    3A63 : F2F2F2;
    3A64 : F2F2F2;
    3A65 : F2F2F2;
    3A66 : F2F2F2;
    3A67 : F2F2F2;
    3A68 : F2F2F2;
    3A69 : F2F2F2;
    3A6A : F2F2F2;
    3A6B : F2F2F2;
    3A6C : F2F2F2;
    3A6D : F2F2F2;
    3A6E : F2F2F2;
    3A6F : F2F2F2;
    3A70 : F2F2F2;
    3A71 : F2F2F2;
    3A72 : F2F2F2;
    3A73 : F2F2F2;
    3A74 : F2F2F2;
    3A75 : F2F2F2;
    3A76 : F2F2F2;
    3A77 : F2F2F2;
    3A78 : F2F2F2;
    3A79 : F2F2F2;
    3A7A : F2F2F2;
    3A7B : F2F2F2;
    3A7C : F2F2F2;
    3A7D : F2F2F2;
    3A7E : F2F2F2;
    3A7F : F2F2F2;
    3A80 : F2F2F2;
    3A81 : F2F2F2;
    3A82 : F2F2F2;
    3A83 : F2F2F2;
    3A84 : F2F2F2;
    3A85 : F2F2F2;
    3A86 : F2F2F2;
    3A87 : F2F2F2;
    3A88 : F2F2F2;
    3A89 : F2F2F2;
    3A8A : F2F2F2;
    3A8B : F2F2F2;
    3A8C : F2F2F2;
    3A8D : F2F2F2;
    3A8E : F2F2F2;
    3A8F : F2F2F2;
    3A90 : F2F2F2;
    3A91 : F2F2F2;
    3A92 : F2F2F2;
    3A93 : F2F2F2;
    3A94 : F2F2F2;
    3A95 : F2F2F2;
    3A96 : F2F2F2;
    3A97 : F2F2F2;
    3A98 : F2F2F2;
    3A99 : F2F2F2;
    3A9A : F2F2F2;
    3A9B : F2F2F2;
    3A9C : F2F2F2;
    3A9D : F2F2F2;
    3A9E : F2F2F2;
    3A9F : F2F2F2;
    3AA0 : F2F2F2;
    3AA1 : F2F2F2;
    3AA2 : F2F2F2;
    3AA3 : F2F2F2;
    3AA4 : F2F2F2;
    3AA5 : F2F2F2;
    3AA6 : F2F2F2;
    3AA7 : F2F2F2;
    3AA8 : F2F2F2;
    3AA9 : F2F2F2;
    3AAA : F2F2F2;
    3AAB : F2F2F2;
    3AAC : F2F2F2;
    3AAD : F2F2F2;
    3AAE : F2F2F2;
    3AAF : F2F2F2;
    3AB0 : F2F2F2;
    3AB1 : F2F2F2;
    3AB2 : F2F2F2;
    3AB3 : F2F2F2;
    3AB4 : F2F2F2;
    3AB5 : F2F2F2;
    3AB6 : F2F2F2;
    3AB7 : F2F2F2;
    3AB8 : F2F2F2;
    3AB9 : F2F2F2;
    3ABA : F2F2F2;
    3ABB : F2F2F2;
    3ABC : F2F2F2;
    3ABD : F2F2F2;
    3ABE : F2F2F2;
    3ABF : F2F2F2;
    3AC0 : F2F2F2;
    3AC1 : F2F2F2;
    3AC2 : F2F2F2;
    3AC3 : F2F2F2;
    3AC4 : F2F2F2;
    3AC5 : F2F2F2;
    3AC6 : F2F2F2;
    3AC7 : F2F2F2;
    3AC8 : F2F2F2;
    3AC9 : F2F2F2;
    3ACA : F2F2F2;
    3ACB : F2F2F2;
    3ACC : F2F2F2;
    3ACD : F2F2F2;
    3ACE : F2F2F2;
    3ACF : F2F2F2;
    3AD0 : EAEAEA;
    3AD1 : EFEFEF;
    3AD2 : F8F8F8;
    3AD3 : FDFDFD;
    3AD4 : F6F6F6;
    3AD5 : EEEEEE;
    3AD6 : F2F2F2;
    3AD7 : FBFBFB;
    3AD8 : F2F2F2;
    3AD9 : F3F3F3;
    3ADA : 959595;
    3ADB : 333333;
    3ADC : 1E1E1E;
    3ADD : 282828;
    3ADE : 242424;
    3ADF : 0A0A0A;
    3AE0 : 212121;
    3AE1 : 404040;
    3AE2 : 434343;
    3AE3 : 3A3A3A;
    3AE4 : 414141;
    3AE5 : 434343;
    3AE6 : 3D3D3D;
    3AE7 : 424240;
    3AE8 : 35342F;
    3AE9 : 413E37;
    3AEA : 353128;
    3AEB : 4D443B;
    3AEC : 4C3E33;
    3AED : 140000;
    3AEE : 6B5144;
    3AEF : D7B7A8;
    3AF0 : A88370;
    3AF1 : CCA28C;
    3AF2 : F5C8B1;
    3AF3 : F8C9AF;
    3AF4 : BB896E;
    3AF5 : BB8869;
    3AF6 : DCAA89;
    3AF7 : F7C2A3;
    3AF8 : FCC2AC;
    3AF9 : B97F6B;
    3AFA : D9A08D;
    3AFB : F1BDA8;
    3AFC : FDCDB9;
    3AFD : E3B6A3;
    3AFE : A17663;
    3AFF : C39D8A;
    3B00 : FFE7D4;
    3B01 : BC9B8A;
    3B02 : CBAA9B;
    3B03 : BE9E91;
    3B04 : B19184;
    3B05 : EFD1C6;
    3B06 : FFE7DC;
    3B07 : BFA69F;
    3B08 : 120A07;
    3B09 : 090909;
    3B0A : 313131;
    3B0B : 2E2E2E;
    3B0C : 1D1D1D;
    3B0D : 252525;
    3B0E : 272727;
    3B0F : 222222;
    3B10 : 333333;
    3B11 : 3C3C3C;
    3B12 : 393939;
    3B13 : 3D3D3D;
    3B14 : 313131;
    3B15 : 434343;
    3B16 : 424242;
    3B17 : 181818;
    3B18 : 010101;
    3B19 : 383838;
    3B1A : 959595;
    3B1B : E7E7E7;
    3B1C : FFFFFF;
    3B1D : EEEEEE;
    3B1E : E7E7E7;
    3B1F : F2F2F2;
    3B20 : E9E9E9;
    3B21 : F2F2F2;
    3B22 : F6F6F6;
    3B23 : EEEEEE;
    3B24 : E8E8E8;
    3B25 : EDEDED;
    3B26 : F8F8F8;
    3B27 : FFFFFF;
    3B28 : F2F2F2;
    3B29 : F2F2F2;
    3B2A : F2F2F2;
    3B2B : F2F2F2;
    3B2C : F2F2F2;
    3B2D : F2F2F2;
    3B2E : F2F2F2;
    3B2F : F2F2F2;
    3B30 : F2F2F2;
    3B31 : F2F2F2;
    3B32 : F2F2F2;
    3B33 : F2F2F2;
    3B34 : F2F2F2;
    3B35 : F2F2F2;
    3B36 : F2F2F2;
    3B37 : F2F2F2;
    3B38 : F2F2F2;
    3B39 : F2F2F2;
    3B3A : F2F2F2;
    3B3B : F2F2F2;
    3B3C : F2F2F2;
    3B3D : F2F2F2;
    3B3E : F2F2F2;
    3B3F : F2F2F2;
    3B40 : F2F2F2;
    3B41 : F2F2F2;
    3B42 : F2F2F2;
    3B43 : F2F2F2;
    3B44 : F2F2F2;
    3B45 : F2F2F2;
    3B46 : F2F2F2;
    3B47 : F2F2F2;
    3B48 : F2F2F2;
    3B49 : F2F2F2;
    3B4A : F2F2F2;
    3B4B : F2F2F2;
    3B4C : F2F2F2;
    3B4D : F2F2F2;
    3B4E : F2F2F2;
    3B4F : F2F2F2;
    3B50 : F2F2F2;
    3B51 : F2F2F2;
    3B52 : F2F2F2;
    3B53 : F2F2F2;
    3B54 : F2F2F2;
    3B55 : F2F2F2;
    3B56 : F2F2F2;
    3B57 : F2F2F2;
    3B58 : F2F2F2;
    3B59 : F2F2F2;
    3B5A : F2F2F2;
    3B5B : F2F2F2;
    3B5C : F2F2F2;
    3B5D : F2F2F2;
    3B5E : F2F2F2;
    3B5F : F2F2F2;
    3B60 : F2F2F2;
    3B61 : F2F2F2;
    3B62 : F2F2F2;
    3B63 : F2F2F2;
    3B64 : F2F2F2;
    3B65 : F2F2F2;
    3B66 : F2F2F2;
    3B67 : F2F2F2;
    3B68 : F2F2F2;
    3B69 : F2F2F2;
    3B6A : F2F2F2;
    3B6B : F2F2F2;
    3B6C : F2F2F2;
    3B6D : F2F2F2;
    3B6E : F2F2F2;
    3B6F : F2F2F2;
    3B70 : F2F2F2;
    3B71 : F2F2F2;
    3B72 : F2F2F2;
    3B73 : F2F2F2;
    3B74 : F2F2F2;
    3B75 : F2F2F2;
    3B76 : F2F2F2;
    3B77 : F2F2F2;
    3B78 : F2F2F2;
    3B79 : F2F2F2;
    3B7A : F2F2F2;
    3B7B : F2F2F2;
    3B7C : F2F2F2;
    3B7D : F2F2F2;
    3B7E : F2F2F2;
    3B7F : F2F2F2;
    3B80 : F2F2F2;
    3B81 : F2F2F2;
    3B82 : F2F2F2;
    3B83 : F2F2F2;
    3B84 : F2F2F2;
    3B85 : F2F2F2;
    3B86 : F2F2F2;
    3B87 : F2F2F2;
    3B88 : F2F2F2;
    3B89 : F2F2F2;
    3B8A : F2F2F2;
    3B8B : F2F2F2;
    3B8C : F2F2F2;
    3B8D : F2F2F2;
    3B8E : F2F2F2;
    3B8F : F2F2F2;
    3B90 : F2F2F2;
    3B91 : F2F2F2;
    3B92 : F2F2F2;
    3B93 : F2F2F2;
    3B94 : F2F2F2;
    3B95 : F2F2F2;
    3B96 : F2F2F2;
    3B97 : F2F2F2;
    3B98 : F2F2F2;
    3B99 : E5E5E5;
    3B9A : F6F6F6;
    3B9B : F9F9F9;
    3B9C : E4E4E4;
    3B9D : F3F3F3;
    3B9E : FFFFFF;
    3B9F : EAEAEA;
    3BA0 : 9E9E9E;
    3BA1 : 393939;
    3BA2 : 000000;
    3BA3 : 111111;
    3BA4 : 151515;
    3BA5 : 202020;
    3BA6 : 2F2F2F;
    3BA7 : 070707;
    3BA8 : 0E0E0E;
    3BA9 : 363636;
    3BAA : 454545;
    3BAB : 3E3E3E;
    3BAC : 424242;
    3BAD : 414141;
    3BAE : 3C3C3C;
    3BAF : 434343;
    3BB0 : 40423F;
    3BB1 : 3A3C37;
    3BB2 : 2E2F2A;
    3BB3 : 494641;
    3BB4 : 483F3A;
    3BB5 : 1B0E06;
    3BB6 : 180600;
    3BB7 : 80685C;
    3BB8 : A78A7C;
    3BB9 : A58473;
    3BBA : C49E8B;
    3BBB : DBB29C;
    3BBC : D8AE96;
    3BBD : AB7F66;
    3BBE : C09278;
    3BBF : F8C9AF;
    3BC0 : F7C0AC;
    3BC1 : D39C88;
    3BC2 : C5907E;
    3BC3 : FFD6C2;
    3BC4 : FCCFBC;
    3BC5 : A17866;
    3BC6 : AB8673;
    3BC7 : EAC9B6;
    3BC8 : EBCEBC;
    3BC9 : A38877;
    3BCA : 947A6B;
    3BCB : AB9486;
    3BCC : B39C8E;
    3BCD : B1998D;
    3BCE : DFC7BB;
    3BCF : 58453E;
    3BD0 : 050000;
    3BD1 : 0A0A0A;
    3BD2 : 272727;
    3BD3 : 2C2C2C;
    3BD4 : 191919;
    3BD5 : 222222;
    3BD6 : 252525;
    3BD7 : 252525;
    3BD8 : 363636;
    3BD9 : 454545;
    3BDA : 313131;
    3BDB : 3B3B3B;
    3BDC : 454545;
    3BDD : 212121;
    3BDE : 484848;
    3BDF : 404040;
    3BE0 : 222222;
    3BE1 : 181818;
    3BE2 : 0C0C0C;
    3BE3 : 212121;
    3BE4 : 6A6A6A;
    3BE5 : C3C3C3;
    3BE6 : F4F4F4;
    3BE7 : F9F9F9;
    3BE8 : F8F8F8;
    3BE9 : F4F4F4;
    3BEA : F1F1F1;
    3BEB : F2F2F2;
    3BEC : F9F9F9;
    3BED : FDFDFD;
    3BEE : F3F3F3;
    3BEF : E6E6E6;
    3BF0 : F2F2F2;
    3BF1 : F2F2F2;
    3BF2 : F2F2F2;
    3BF3 : F2F2F2;
    3BF4 : F2F2F2;
    3BF5 : F2F2F2;
    3BF6 : F2F2F2;
    3BF7 : F2F2F2;
    3BF8 : F2F2F2;
    3BF9 : F2F2F2;
    3BFA : F2F2F2;
    3BFB : F2F2F2;
    3BFC : F2F2F2;
    3BFD : F2F2F2;
    3BFE : F2F2F2;
    3BFF : F2F2F2;
    3C00 : F2F2F2;
    3C01 : F2F2F2;
    3C02 : F2F2F2;
    3C03 : F2F2F2;
    3C04 : F2F2F2;
    3C05 : F2F2F2;
    3C06 : F2F2F2;
    3C07 : F2F2F2;
    3C08 : F2F2F2;
    3C09 : F2F2F2;
    3C0A : F2F2F2;
    3C0B : F2F2F2;
    3C0C : F2F2F2;
    3C0D : F2F2F2;
    3C0E : F2F2F2;
    3C0F : F2F2F2;
    3C10 : F2F2F2;
    3C11 : F2F2F2;
    3C12 : F2F2F2;
    3C13 : F2F2F2;
    3C14 : F2F2F2;
    3C15 : F2F2F2;
    3C16 : F2F2F2;
    3C17 : F2F2F2;
    3C18 : F2F2F2;
    3C19 : F2F2F2;
    3C1A : F2F2F2;
    3C1B : F2F2F2;
    3C1C : F2F2F2;
    3C1D : F2F2F2;
    3C1E : F2F2F2;
    3C1F : F2F2F2;
    3C20 : F2F2F2;
    3C21 : F2F2F2;
    3C22 : F2F2F2;
    3C23 : F2F2F2;
    3C24 : F2F2F2;
    3C25 : F2F2F2;
    3C26 : F2F2F2;
    3C27 : F2F2F2;
    3C28 : F2F2F2;
    3C29 : F2F2F2;
    3C2A : F2F2F2;
    3C2B : F2F2F2;
    3C2C : F2F2F2;
    3C2D : F2F2F2;
    3C2E : F2F2F2;
    3C2F : F2F2F2;
    3C30 : F2F2F2;
    3C31 : F2F2F2;
    3C32 : F2F2F2;
    3C33 : F2F2F2;
    3C34 : F2F2F2;
    3C35 : F2F2F2;
    3C36 : F2F2F2;
    3C37 : F2F2F2;
    3C38 : F2F2F2;
    3C39 : F2F2F2;
    3C3A : F2F2F2;
    3C3B : F2F2F2;
    3C3C : F2F2F2;
    3C3D : F2F2F2;
    3C3E : F2F2F2;
    3C3F : F2F2F2;
    3C40 : F2F2F2;
    3C41 : F2F2F2;
    3C42 : F2F2F2;
    3C43 : F2F2F2;
    3C44 : F2F2F2;
    3C45 : F2F2F2;
    3C46 : F2F2F2;
    3C47 : F2F2F2;
    3C48 : F2F2F2;
    3C49 : F2F2F2;
    3C4A : F2F2F2;
    3C4B : F2F2F2;
    3C4C : F2F2F2;
    3C4D : F2F2F2;
    3C4E : F2F2F2;
    3C4F : F2F2F2;
    3C50 : F2F2F2;
    3C51 : F2F2F2;
    3C52 : F2F2F2;
    3C53 : F2F2F2;
    3C54 : F2F2F2;
    3C55 : F2F2F2;
    3C56 : F2F2F2;
    3C57 : F2F2F2;
    3C58 : F2F2F2;
    3C59 : F2F2F2;
    3C5A : F2F2F2;
    3C5B : F2F2F2;
    3C5C : F2F2F2;
    3C5D : F2F2F2;
    3C5E : F2F2F2;
    3C5F : F2F2F2;
    3C60 : FFFFFF;
    3C61 : E8E8E8;
    3C62 : E9E9E9;
    3C63 : F0F0F0;
    3C64 : F7F7F7;
    3C65 : FFFFFF;
    3C66 : D1D1D1;
    3C67 : 626262;
    3C68 : 000000;
    3C69 : 1E1E1E;
    3C6A : 1A1A1A;
    3C6B : 0D0D0D;
    3C6C : 151515;
    3C6D : 1D1D1D;
    3C6E : 282828;
    3C6F : 272727;
    3C70 : 080808;
    3C71 : 2A2A2A;
    3C72 : 414141;
    3C73 : 444444;
    3C74 : 424242;
    3C75 : 3E3E3E;
    3C76 : 3C3C3C;
    3C77 : 404241;
    3C78 : 3E4444;
    3C79 : 293231;
    3C7A : 3A4040;
    3C7B : 4D4F4E;
    3C7C : 31302E;
    3C7D : 322A28;
    3C7E : 0A0000;
    3C7F : 1F0E07;
    3C80 : C4ADA5;
    3C81 : EBD0C5;
    3C82 : EFCFC2;
    3C83 : BE9A8A;
    3C84 : C09B88;
    3C85 : A37D68;
    3C86 : A68069;
    3C87 : B88E78;
    3C88 : FDCDB9;
    3C89 : ECB9A6;
    3C8A : EEBEAA;
    3C8B : E1B4A1;
    3C8C : A17866;
    3C8D : 8E6957;
    3C8E : BA9986;
    3C8F : CCB19E;
    3C90 : C1A796;
    3C91 : D4BFAE;
    3C92 : CBB8A9;
    3C93 : D5C3B5;
    3C94 : E7D5C7;
    3C95 : D4C4B7;
    3C96 : 807063;
    3C97 : 0A0000;
    3C98 : 0F0B08;
    3C99 : 0D0D0D;
    3C9A : 131313;
    3C9B : 242424;
    3C9C : 1E1E1E;
    3C9D : 282828;
    3C9E : 222222;
    3C9F : 1E1E1E;
    3CA0 : 262626;
    3CA1 : 515151;
    3CA2 : 1A1A1A;
    3CA3 : 373737;
    3CA4 : 464646;
    3CA5 : 343434;
    3CA6 : 303030;
    3CA7 : 0C0C0C;
    3CA8 : 212121;
    3CA9 : 111111;
    3CAA : 121212;
    3CAB : 181818;
    3CAC : 060606;
    3CAD : 010101;
    3CAE : 434343;
    3CAF : 999999;
    3CB0 : E7E7E7;
    3CB1 : F4F4F4;
    3CB2 : FCFCFC;
    3CB3 : F6F6F6;
    3CB4 : EDEDED;
    3CB5 : ECECEC;
    3CB6 : F2F2F2;
    3CB7 : F8F8F8;
    3CB8 : F2F2F2;
    3CB9 : F2F2F2;
    3CBA : F2F2F2;
    3CBB : F2F2F2;
    3CBC : F2F2F2;
    3CBD : F2F2F2;
    3CBE : F2F2F2;
    3CBF : F2F2F2;
    3CC0 : F2F2F2;
    3CC1 : F2F2F2;
    3CC2 : F2F2F2;
    3CC3 : F2F2F2;
    3CC4 : F2F2F2;
    3CC5 : F2F2F2;
    3CC6 : F2F2F2;
    3CC7 : F2F2F2;
    3CC8 : F2F2F2;
    3CC9 : F2F2F2;
    3CCA : F2F2F2;
    3CCB : F2F2F2;
    3CCC : F2F2F2;
    3CCD : F2F2F2;
    3CCE : F2F2F2;
    3CCF : F2F2F2;
    3CD0 : F2F2F2;
    3CD1 : F2F2F2;
    3CD2 : F2F2F2;
    3CD3 : F2F2F2;
    3CD4 : F2F2F2;
    3CD5 : F2F2F2;
    3CD6 : F2F2F2;
    3CD7 : F2F2F2;
    3CD8 : F2F2F2;
    3CD9 : F2F2F2;
    3CDA : F2F2F2;
    3CDB : F2F2F2;
    3CDC : F2F2F2;
    3CDD : F2F2F2;
    3CDE : F2F2F2;
    3CDF : F2F2F2;
    3CE0 : F2F2F2;
    3CE1 : F2F2F2;
    3CE2 : F2F2F2;
    3CE3 : F2F2F2;
    3CE4 : F2F2F2;
    3CE5 : F2F2F2;
    3CE6 : F2F2F2;
    3CE7 : F2F2F2;
    3CE8 : F2F2F2;
    3CE9 : F2F2F2;
    3CEA : F2F2F2;
    3CEB : F2F2F2;
    3CEC : F2F2F2;
    3CED : F2F2F2;
    3CEE : F2F2F2;
    3CEF : F2F2F2;
    3CF0 : F2F2F2;
    3CF1 : F2F2F2;
    3CF2 : F2F2F2;
    3CF3 : F2F2F2;
    3CF4 : F2F2F2;
    3CF5 : F2F2F2;
    3CF6 : F2F2F2;
    3CF7 : F2F2F2;
    3CF8 : F2F2F2;
    3CF9 : F2F2F2;
    3CFA : F2F2F2;
    3CFB : F2F2F2;
    3CFC : F2F2F2;
    3CFD : F2F2F2;
    3CFE : F2F2F2;
    3CFF : F2F2F2;
    3D00 : F2F2F2;
    3D01 : F2F2F2;
    3D02 : F2F2F2;
    3D03 : F2F2F2;
    3D04 : F2F2F2;
    3D05 : F2F2F2;
    3D06 : F2F2F2;
    3D07 : F2F2F2;
    3D08 : F2F2F2;
    3D09 : F2F2F2;
    3D0A : F2F2F2;
    3D0B : F2F2F2;
    3D0C : F2F2F2;
    3D0D : F2F2F2;
    3D0E : F2F2F2;
    3D0F : F2F2F2;
    3D10 : F2F2F2;
    3D11 : F2F2F2;
    3D12 : F2F2F2;
    3D13 : F2F2F2;
    3D14 : F2F2F2;
    3D15 : F2F2F2;
    3D16 : F2F2F2;
    3D17 : F2F2F2;
    3D18 : F2F2F2;
    3D19 : F2F2F2;
    3D1A : F2F2F2;
    3D1B : F2F2F2;
    3D1C : F2F2F2;
    3D1D : F2F2F2;
    3D1E : F2F2F2;
    3D1F : F2F2F2;
    3D20 : F2F2F2;
    3D21 : F2F2F2;
    3D22 : F2F2F2;
    3D23 : F2F2F2;
    3D24 : F2F2F2;
    3D25 : F2F2F2;
    3D26 : F2F2F2;
    3D27 : F2F2F2;
    3D28 : EBEBEB;
    3D29 : EEEEEE;
    3D2A : F3F3F3;
    3D2B : FEFEFE;
    3D2C : FFFFFF;
    3D2D : CACACA;
    3D2E : 565656;
    3D2F : 000000;
    3D30 : 2D2D2D;
    3D31 : 1A1A1A;
    3D32 : 181818;
    3D33 : 292929;
    3D34 : 212121;
    3D35 : 232323;
    3D36 : 2D2D2D;
    3D37 : 0B0B0B;
    3D38 : 0C0C0C;
    3D39 : 1A1A1A;
    3D3A : 353535;
    3D3B : 434343;
    3D3C : 3F3F3F;
    3D3D : 3E3E3E;
    3D3E : 414141;
    3D3F : 3C4041;
    3D40 : 354042;
    3D41 : 2B393C;
    3D42 : 3C474B;
    3D43 : 444C4F;
    3D44 : 373B3E;
    3D45 : 2F2D30;
    3D46 : 140E0E;
    3D47 : 080000;
    3D48 : 0D0000;
    3D49 : 8F7B74;
    3D4A : F7DFD5;
    3D4B : FFEBDF;
    3D4C : FFEBDB;
    3D4D : F6D7C5;
    3D4E : D1B09D;
    3D4F : B89380;
    3D50 : B08370;
    3D51 : 986957;
    3D52 : AA7D6A;
    3D53 : 845B49;
    3D54 : 7E5B47;
    3D55 : C7A894;
    3D56 : E0C5B2;
    3D57 : E1CCB9;
    3D58 : F6E3D2;
    3D59 : EFDFCF;
    3D5A : F6EBD9;
    3D5B : FFFDEC;
    3D5C : EDE4D5;
    3D5D : 958B7F;
    3D5E : 130B00;
    3D5F : 120B01;
    3D60 : 0F0E0A;
    3D61 : 0D0D0D;
    3D62 : 070707;
    3D63 : 232323;
    3D64 : 1F1F1F;
    3D65 : 262626;
    3D66 : 1F1F1F;
    3D67 : 202020;
    3D68 : 3C3C3C;
    3D69 : 4B4B4B;
    3D6A : 272727;
    3D6B : 535353;
    3D6C : 383838;
    3D6D : 242424;
    3D6E : 1C1C1C;
    3D6F : 1F1F1F;
    3D70 : 181818;
    3D71 : 202020;
    3D72 : 242424;
    3D73 : 222222;
    3D74 : 212121;
    3D75 : 202020;
    3D76 : 171717;
    3D77 : 0A0A0A;
    3D78 : 242424;
    3D79 : 757575;
    3D7A : D2D2D2;
    3D7B : FDFDFD;
    3D7C : F7F7F7;
    3D7D : E9E9E9;
    3D7E : EDEDED;
    3D7F : F9F9F9;
    3D80 : F2F2F2;
    3D81 : F2F2F2;
    3D82 : F2F2F2;
    3D83 : F2F2F2;
    3D84 : F2F2F2;
    3D85 : F2F2F2;
    3D86 : F2F2F2;
    3D87 : F2F2F2;
    3D88 : F2F2F2;
    3D89 : F2F2F2;
    3D8A : F2F2F2;
    3D8B : F2F2F2;
    3D8C : F2F2F2;
    3D8D : F2F2F2;
    3D8E : F2F2F2;
    3D8F : F2F2F2;
    3D90 : F2F2F2;
    3D91 : F2F2F2;
    3D92 : F2F2F2;
    3D93 : F2F2F2;
    3D94 : F2F2F2;
    3D95 : F2F2F2;
    3D96 : F2F2F2;
    3D97 : F2F2F2;
    3D98 : F2F2F2;
    3D99 : F2F2F2;
    3D9A : F2F2F2;
    3D9B : F2F2F2;
    3D9C : F2F2F2;
    3D9D : F2F2F2;
    3D9E : F2F2F2;
    3D9F : F2F2F2;
    3DA0 : F2F2F2;
    3DA1 : F2F2F2;
    3DA2 : F2F2F2;
    3DA3 : F2F2F2;
    3DA4 : F2F2F2;
    3DA5 : F2F2F2;
    3DA6 : F2F2F2;
    3DA7 : F2F2F2;
    3DA8 : F2F2F2;
    3DA9 : F2F2F2;
    3DAA : F2F2F2;
    3DAB : F2F2F2;
    3DAC : F2F2F2;
    3DAD : F2F2F2;
    3DAE : F2F2F2;
    3DAF : F2F2F2;
    3DB0 : F2F2F2;
    3DB1 : F2F2F2;
    3DB2 : F2F2F2;
    3DB3 : F2F2F2;
    3DB4 : F2F2F2;
    3DB5 : F2F2F2;
    3DB6 : F2F2F2;
    3DB7 : F2F2F2;
    3DB8 : F2F2F2;
    3DB9 : F2F2F2;
    3DBA : F2F2F2;
    3DBB : F2F2F2;
    3DBC : F2F2F2;
    3DBD : F2F2F2;
    3DBE : F2F2F2;
    3DBF : F2F2F2;
    3DC0 : F2F2F2;
    3DC1 : F2F2F2;
    3DC2 : F2F2F2;
    3DC3 : F2F2F2;
    3DC4 : F2F2F2;
    3DC5 : F2F2F2;
    3DC6 : F2F2F2;
    3DC7 : F2F2F2;
    3DC8 : F2F2F2;
    3DC9 : F2F2F2;
    3DCA : F2F2F2;
    3DCB : F2F2F2;
    3DCC : F2F2F2;
    3DCD : F2F2F2;
    3DCE : F2F2F2;
    3DCF : F2F2F2;
    3DD0 : F2F2F2;
    3DD1 : F2F2F2;
    3DD2 : F2F2F2;
    3DD3 : F2F2F2;
    3DD4 : F2F2F2;
    3DD5 : F2F2F2;
    3DD6 : F2F2F2;
    3DD7 : F2F2F2;
    3DD8 : F2F2F2;
    3DD9 : F2F2F2;
    3DDA : F2F2F2;
    3DDB : F2F2F2;
    3DDC : F2F2F2;
    3DDD : F2F2F2;
    3DDE : F2F2F2;
    3DDF : F2F2F2;
    3DE0 : F2F2F2;
    3DE1 : F2F2F2;
    3DE2 : F2F2F2;
    3DE3 : F2F2F2;
    3DE4 : F2F2F2;
    3DE5 : F2F2F2;
    3DE6 : F2F2F2;
    3DE7 : F2F2F2;
    3DE8 : F2F2F2;
    3DE9 : F2F2F2;
    3DEA : F2F2F2;
    3DEB : F2F2F2;
    3DEC : F2F2F2;
    3DED : F2F2F2;
    3DEE : F2F2F2;
    3DEF : F2F2F2;
    3DF0 : F2F2F2;
    3DF1 : FFFFFF;
    3DF2 : FAFAFA;
    3DF3 : D8D8D8;
    3DF4 : A4A4A4;
    3DF5 : 3F3F3F;
    3DF6 : 080808;
    3DF7 : 2B2B2B;
    3DF8 : 141414;
    3DF9 : 1F1F1F;
    3DFA : 1C1C1C;
    3DFB : 222222;
    3DFC : 1D1D1D;
    3DFD : 181818;
    3DFE : 262626;
    3DFF : 212121;
    3E00 : 0D0D0D;
    3E01 : 0D0D0D;
    3E02 : 272727;
    3E03 : 3F3F3F;
    3E04 : 3C3C3C;
    3E05 : 3F3F3F;
    3E06 : 474747;
    3E07 : 3D4142;
    3E08 : 364042;
    3E09 : 434E52;
    3E0A : 343F43;
    3E0B : 333B3E;
    3E0C : 4E5156;
    3E0D : 15161A;
    3E0E : 0C070B;
    3E0F : 1A1414;
    3E10 : 170D0C;
    3E11 : 140603;
    3E12 : 2F1D19;
    3E13 : 938079;
    3E14 : D6C2B9;
    3E15 : FFEADF;
    3E16 : FBE3D7;
    3E17 : FFEFE3;
    3E18 : F1D0C1;
    3E19 : CAA99A;
    3E1A : 886859;
    3E1B : BA9D8F;
    3E1C : FFE8D9;
    3E1D : FCE6D8;
    3E1E : FEECDE;
    3E1F : FFF3E3;
    3E20 : F0E4D6;
    3E21 : FFF8EC;
    3E22 : CFC7BA;
    3E23 : 9A9488;
    3E24 : 464237;
    3E25 : 040000;
    3E26 : 090500;
    3E27 : 16130A;
    3E28 : 080705;
    3E29 : 0E0E0E;
    3E2A : 0A0A0A;
    3E2B : 2A2A2A;
    3E2C : 202020;
    3E2D : 222222;
    3E2E : 212121;
    3E2F : 2F2F2F;
    3E30 : 282828;
    3E31 : 4B4B4B;
    3E32 : 3B3B3B;
    3E33 : 3E3E3E;
    3E34 : 464646;
    3E35 : 383838;
    3E36 : 101010;
    3E37 : 181818;
    3E38 : 1C1C1C;
    3E39 : 1B1B1B;
    3E3A : 1B1B1B;
    3E3B : 1D1D1D;
    3E3C : 1E1E1E;
    3E3D : 1E1E1E;
    3E3E : 1C1C1C;
    3E3F : 1A1A1A;
    3E40 : 171717;
    3E41 : 080808;
    3E42 : 121212;
    3E43 : 555555;
    3E44 : B9B9B9;
    3E45 : FDFDFD;
    3E46 : FFFFFF;
    3E47 : E7E7E7;
    3E48 : F2F2F2;
    3E49 : F2F2F2;
    3E4A : F2F2F2;
    3E4B : F2F2F2;
    3E4C : F2F2F2;
    3E4D : F2F2F2;
    3E4E : F2F2F2;
    3E4F : F2F2F2;
    3E50 : F2F2F2;
    3E51 : F2F2F2;
    3E52 : F2F2F2;
    3E53 : F2F2F2;
    3E54 : F2F2F2;
    3E55 : F2F2F2;
    3E56 : F2F2F2;
    3E57 : F2F2F2;
    3E58 : F2F2F2;
    3E59 : F2F2F2;
    3E5A : F2F2F2;
    3E5B : F2F2F2;
    3E5C : F2F2F2;
    3E5D : F2F2F2;
    3E5E : F2F2F2;
    3E5F : F2F2F2;
    3E60 : F2F2F2;
    3E61 : F2F2F2;
    3E62 : F2F2F2;
    3E63 : F2F2F2;
    3E64 : F2F2F2;
    3E65 : F2F2F2;
    3E66 : F2F2F2;
    3E67 : F2F2F2;
    3E68 : F2F2F2;
    3E69 : F2F2F2;
    3E6A : F2F2F2;
    3E6B : F2F2F2;
    3E6C : F2F2F2;
    3E6D : F2F2F2;
    3E6E : F2F2F2;
    3E6F : F2F2F2;
    3E70 : F2F2F2;
    3E71 : F2F2F2;
    3E72 : F2F2F2;
    3E73 : F2F2F2;
    3E74 : F2F2F2;
    3E75 : F2F2F2;
    3E76 : F2F2F2;
    3E77 : F2F2F2;
    3E78 : F2F2F2;
    3E79 : F2F2F2;
    3E7A : F2F2F2;
    3E7B : F2F2F2;
    3E7C : F2F2F2;
    3E7D : F2F2F2;
    3E7E : F2F2F2;
    3E7F : F2F2F2;
    3E80 : F2F2F2;
    3E81 : F2F2F2;
    3E82 : F2F2F2;
    3E83 : F2F2F2;
    3E84 : F2F2F2;
    3E85 : F2F2F2;
    3E86 : F2F2F2;
    3E87 : F2F2F2;
    3E88 : F2F2F2;
    3E89 : F2F2F2;
    3E8A : F2F2F2;
    3E8B : F2F2F2;
    3E8C : F2F2F2;
    3E8D : F2F2F2;
    3E8E : F2F2F2;
    3E8F : F2F2F2;
    3E90 : F2F2F2;
    3E91 : F2F2F2;
    3E92 : F2F2F2;
    3E93 : F2F2F2;
    3E94 : F2F2F2;
    3E95 : F2F2F2;
    3E96 : F2F2F2;
    3E97 : F2F2F2;
    3E98 : F2F2F2;
    3E99 : F2F2F2;
    3E9A : F2F2F2;
    3E9B : F2F2F2;
    3E9C : F2F2F2;
    3E9D : F2F2F2;
    3E9E : F2F2F2;
    3E9F : F2F2F2;
    3EA0 : F2F2F2;
    3EA1 : F2F2F2;
    3EA2 : F2F2F2;
    3EA3 : F2F2F2;
    3EA4 : F2F2F2;
    3EA5 : F2F2F2;
    3EA6 : F2F2F2;
    3EA7 : F2F2F2;
    3EA8 : F2F2F2;
    3EA9 : F2F2F2;
    3EAA : F2F2F2;
    3EAB : F2F2F2;
    3EAC : F2F2F2;
    3EAD : F2F2F2;
    3EAE : F2F2F2;
    3EAF : F2F2F2;
    3EB0 : F0F0F0;
    3EB1 : ECECEC;
    3EB2 : F0F0F0;
    3EB3 : F1F1F1;
    3EB4 : EFEFEF;
    3EB5 : ECECEC;
    3EB6 : FBFBFB;
    3EB7 : FEFEFE;
    3EB8 : F4F4F4;
    3EB9 : ACACAC;
    3EBA : 535353;
    3EBB : 1D1D1D;
    3EBC : 141414;
    3EBD : 202020;
    3EBE : 2C2C2C;
    3EBF : 323232;
    3EC0 : 272727;
    3EC1 : 282828;
    3EC2 : 272727;
    3EC3 : 212121;
    3EC4 : 1B1B1B;
    3EC5 : 191919;
    3EC6 : 1E1E1E;
    3EC7 : 232323;
    3EC8 : 1B1B1B;
    3EC9 : 040404;
    3ECA : 161616;
    3ECB : 2F2F2F;
    3ECC : 363636;
    3ECD : 3B3B3B;
    3ECE : 3D3D3D;
    3ECF : 3F4140;
    3ED0 : 414546;
    3ED1 : 414546;
    3ED2 : 3B3F40;
    3ED3 : 3C3D3F;
    3ED4 : 363739;
    3ED5 : 202022;
    3ED6 : 0C0A0B;
    3ED7 : 100C0D;
    3ED8 : 191514;
    3ED9 : 140E0E;
    3EDA : 0E0604;
    3EDB : 110706;
    3EDC : 261C1A;
    3EDD : 524745;
    3EDE : 837876;
    3EDF : A79996;
    3EE0 : C9BCB4;
    3EE1 : DED1C9;
    3EE2 : ABA198;
    3EE3 : E5DAD4;
    3EE4 : D9D0C9;
    3EE5 : D9D0C9;
    3EE6 : C7C0BA;
    3EE7 : A09B95;
    3EE8 : 78736D;
    3EE9 : 4C4743;
    3EEA : 17140F;
    3EEB : 030000;
    3EEC : 040000;
    3EED : 110D0A;
    3EEE : 130F0C;
    3EEF : 0C0B07;
    3EF0 : 0E0E0E;
    3EF1 : 0C0C0C;
    3EF2 : 040404;
    3EF3 : 111111;
    3EF4 : 2A2A2A;
    3EF5 : 232323;
    3EF6 : 181818;
    3EF7 : 272727;
    3EF8 : 212121;
    3EF9 : 575757;
    3EFA : 333333;
    3EFB : 393939;
    3EFC : 484848;
    3EFD : 2A2A2A;
    3EFE : 020202;
    3EFF : 262626;
    3F00 : 212121;
    3F01 : 2F2F2F;
    3F02 : 0E0E0E;
    3F03 : 161616;
    3F04 : 292929;
    3F05 : 181818;
    3F06 : 212121;
    3F07 : 2D2D2D;
    3F08 : 1A1A1A;
    3F09 : 1C1C1C;
    3F0A : 181818;
    3F0B : 090909;
    3F0C : 070707;
    3F0D : 353535;
    3F0E : 939393;
    3F0F : E4E4E4;
    3F10 : FFFFFF;
    3F11 : FBFBFB;
    3F12 : F1F1F1;
    3F13 : EEEEEE;
    3F14 : F7F7F7;
    3F15 : F3F3F3;
    3F16 : E9E9E9;
    3F17 : F4F4F4;
    3F18 : F2F2F2;
    3F19 : F2F2F2;
    3F1A : F2F2F2;
    3F1B : F2F2F2;
    3F1C : F2F2F2;
    3F1D : F2F2F2;
    3F1E : F2F2F2;
    3F1F : F2F2F2;
    3F20 : F2F2F2;
    3F21 : F2F2F2;
    3F22 : F2F2F2;
    3F23 : F2F2F2;
    3F24 : F2F2F2;
    3F25 : F2F2F2;
    3F26 : F2F2F2;
    3F27 : F2F2F2;
    3F28 : F2F2F2;
    3F29 : F2F2F2;
    3F2A : F2F2F2;
    3F2B : F2F2F2;
    3F2C : F2F2F2;
    3F2D : F2F2F2;
    3F2E : F2F2F2;
    3F2F : F2F2F2;
    3F30 : F2F2F2;
    3F31 : F2F2F2;
    3F32 : F2F2F2;
    3F33 : F2F2F2;
    3F34 : F2F2F2;
    3F35 : F2F2F2;
    3F36 : F2F2F2;
    3F37 : F2F2F2;
    3F38 : F2F2F2;
    3F39 : F2F2F2;
    3F3A : F2F2F2;
    3F3B : F2F2F2;
    3F3C : F2F2F2;
    3F3D : F2F2F2;
    3F3E : F2F2F2;
    3F3F : F2F2F2;
    3F40 : F2F2F2;
    3F41 : F2F2F2;
    3F42 : F2F2F2;
    3F43 : F2F2F2;
    3F44 : F2F2F2;
    3F45 : F2F2F2;
    3F46 : F2F2F2;
    3F47 : F2F2F2;
    3F48 : F2F2F2;
    3F49 : F2F2F2;
    3F4A : F2F2F2;
    3F4B : F2F2F2;
    3F4C : F2F2F2;
    3F4D : F2F2F2;
    3F4E : F2F2F2;
    3F4F : F2F2F2;
    3F50 : F2F2F2;
    3F51 : F2F2F2;
    3F52 : F2F2F2;
    3F53 : F2F2F2;
    3F54 : F2F2F2;
    3F55 : F2F2F2;
    3F56 : F2F2F2;
    3F57 : F2F2F2;
    3F58 : F2F2F2;
    3F59 : F2F2F2;
    3F5A : F2F2F2;
    3F5B : F2F2F2;
    3F5C : F2F2F2;
    3F5D : F2F2F2;
    3F5E : F2F2F2;
    3F5F : F2F2F2;
    3F60 : F2F2F2;
    3F61 : F2F2F2;
    3F62 : F2F2F2;
    3F63 : F2F2F2;
    3F64 : F2F2F2;
    3F65 : F2F2F2;
    3F66 : F2F2F2;
    3F67 : F2F2F2;
    3F68 : F2F2F2;
    3F69 : F2F2F2;
    3F6A : F2F2F2;
    3F6B : F2F2F2;
    3F6C : F2F2F2;
    3F6D : F2F2F2;
    3F6E : F2F2F2;
    3F6F : F2F2F2;
    3F70 : F2F2F2;
    3F71 : F2F2F2;
    3F72 : F2F2F2;
    3F73 : F2F2F2;
    3F74 : F2F2F2;
    3F75 : F2F2F2;
    3F76 : F2F2F2;
    3F77 : F2F2F2;
    3F78 : F2F2F2;
    3F79 : F6F6F6;
    3F7A : F9F9F9;
    3F7B : F3F3F3;
    3F7C : E8E8E8;
    3F7D : FFFFFF;
    3F7E : FBFBFB;
    3F7F : A6A6A6;
    3F80 : 2E2E2E;
    3F81 : 222222;
    3F82 : 1C1C1C;
    3F83 : 272727;
    3F84 : 353535;
    3F85 : 383838;
    3F86 : 303030;
    3F87 : 282828;
    3F88 : 303030;
    3F89 : 303030;
    3F8A : 2D2D2D;
    3F8B : 292929;
    3F8C : 232323;
    3F8D : 202020;
    3F8E : 1F1F1F;
    3F8F : 212121;
    3F90 : 1D1D1D;
    3F91 : 161616;
    3F92 : 0F0F0F;
    3F93 : 191919;
    3F94 : 333333;
    3F95 : 3B3B3B;
    3F96 : 363636;
    3F97 : 414141;
    3F98 : 3C3C3C;
    3F99 : 414141;
    3F9A : 414141;
    3F9B : 3E3E3E;
    3F9C : 353535;
    3F9D : 1D1D1D;
    3F9E : 0F0D0E;
    3F9F : 161415;
    3FA0 : 110F10;
    3FA1 : 121011;
    3FA2 : 130F10;
    3FA3 : 0F0B0C;
    3FA4 : 0A0607;
    3FA5 : 0B0708;
    3FA6 : 120C0E;
    3FA7 : 171312;
    3FA8 : 181411;
    3FA9 : 25241F;
    3FAA : 060501;
    3FAB : 292824;
    3FAC : 201F1B;
    3FAD : 1F1E1A;
    3FAE : 161513;
    3FAF : 010000;
    3FB0 : 010000;
    3FB1 : 020100;
    3FB2 : 080607;
    3FB3 : 0F0D0E;
    3FB4 : 141213;
    3FB5 : 131112;
    3FB6 : 0C0A0B;
    3FB7 : 050304;
    3FB8 : 090909;
    3FB9 : 0F0F0F;
    3FBA : 060606;
    3FBB : 090909;
    3FBC : 202020;
    3FBD : 262626;
    3FBE : 1F1F1F;
    3FBF : 232323;
    3FC0 : 242424;
    3FC1 : 4E4E4E;
    3FC2 : 363636;
    3FC3 : 373737;
    3FC4 : 444444;
    3FC5 : 272727;
    3FC6 : 141414;
    3FC7 : 343434;
    3FC8 : 373737;
    3FC9 : 1F1F1F;
    3FCA : 272727;
    3FCB : 292929;
    3FCC : 1B1B1B;
    3FCD : 272727;
    3FCE : 2E2E2E;
    3FCF : 1E1E1E;
    3FD0 : 212121;
    3FD1 : 272727;
    3FD2 : 2F2F2F;
    3FD3 : 2F2F2F;
    3FD4 : 242424;
    3FD5 : 161616;
    3FD6 : 151515;
    3FD7 : 1B1B1B;
    3FD8 : 808080;
    3FD9 : CFCFCF;
    3FDA : FDFDFD;
    3FDB : FFFFFF;
    3FDC : DDDDDD;
    3FDD : FDFDFD;
    3FDE : EEEEEE;
    3FDF : F9F9F9;
    3FE0 : F2F2F2;
    3FE1 : F2F2F2;
    3FE2 : F2F2F2;
    3FE3 : F2F2F2;
    3FE4 : F2F2F2;
    3FE5 : F2F2F2;
    3FE6 : F2F2F2;
    3FE7 : F2F2F2;
    3FE8 : F2F2F2;
    3FE9 : F2F2F2;
    3FEA : F2F2F2;
    3FEB : F2F2F2;
    3FEC : F2F2F2;
    3FED : F2F2F2;
    3FEE : F2F2F2;
    3FEF : F2F2F2;
    3FF0 : F2F2F2;
    3FF1 : F2F2F2;
    3FF2 : F2F2F2;
    3FF3 : F2F2F2;
    3FF4 : F2F2F2;
    3FF5 : F2F2F2;
    3FF6 : F2F2F2;
    3FF7 : F2F2F2;
    3FF8 : F2F2F2;
    3FF9 : F2F2F2;
    3FFA : F2F2F2;
    3FFB : F2F2F2;
    3FFC : F2F2F2;
    3FFD : F2F2F2;
    3FFE : F2F2F2;
    3FFF : F2F2F2;
    4000 : F2F2F2;
    4001 : F2F2F2;
    4002 : F2F2F2;
    4003 : F2F2F2;
    4004 : F2F2F2;
    4005 : F2F2F2;
    4006 : F2F2F2;
    4007 : F2F2F2;
    4008 : F2F2F2;
    4009 : F2F2F2;
    400A : F2F2F2;
    400B : F2F2F2;
    400C : F2F2F2;
    400D : F2F2F2;
    400E : F2F2F2;
    400F : F2F2F2;
    4010 : F2F2F2;
    4011 : F2F2F2;
    4012 : F2F2F2;
    4013 : F2F2F2;
    4014 : F2F2F2;
    4015 : F2F2F2;
    4016 : F2F2F2;
    4017 : F2F2F2;
    4018 : F2F2F2;
    4019 : F2F2F2;
    401A : F2F2F2;
    401B : F2F2F2;
    401C : F2F2F2;
    401D : F2F2F2;
    401E : F2F2F2;
    401F : F2F2F2;
    4020 : F2F2F2;
    4021 : F2F2F2;
    4022 : F2F2F2;
    4023 : F2F2F2;
    4024 : F2F2F2;
    4025 : F2F2F2;
    4026 : F2F2F2;
    4027 : F2F2F2;
    4028 : F2F2F2;
    4029 : F2F2F2;
    402A : F2F2F2;
    402B : F2F2F2;
    402C : F2F2F2;
    402D : F2F2F2;
    402E : F2F2F2;
    402F : F2F2F2;
    4030 : F2F2F2;
    4031 : F2F2F2;
    4032 : F2F2F2;
    4033 : F2F2F2;
    4034 : F2F2F2;
    4035 : F2F2F2;
    4036 : F2F2F2;
    4037 : F2F2F2;
    4038 : F2F2F2;
    4039 : F2F2F2;
    403A : F2F2F2;
    403B : F2F2F2;
    403C : F2F2F2;
    403D : F2F2F2;
    403E : F2F2F2;
    403F : F2F2F2;
    4040 : F2F2F2;
    4041 : E6E6E6;
    4042 : E1E1E1;
    4043 : F2F2F2;
    4044 : FFFFFF;
    4045 : FAFAFA;
    4046 : 626262;
    4047 : 181818;
    4048 : 212121;
    4049 : 212121;
    404A : 252525;
    404B : 2D2D2D;
    404C : 303030;
    404D : 303030;
    404E : 323232;
    404F : 353535;
    4050 : 333333;
    4051 : 323232;
    4052 : 303030;
    4053 : 2F2F2F;
    4054 : 2C2C2C;
    4055 : 282828;
    4056 : 232323;
    4057 : 1F1F1F;
    4058 : 1F1F1F;
    4059 : 272727;
    405A : 0D0D0D;
    405B : 050505;
    405C : 2A2A2A;
    405D : 383838;
    405E : 323232;
    405F : 3C3C3C;
    4060 : 393939;
    4061 : 424242;
    4062 : 434343;
    4063 : 3E3E3E;
    4064 : 303030;
    4065 : 171717;
    4066 : 0E0C0D;
    4067 : 1B191A;
    4068 : 0E0C0D;
    4069 : 131112;
    406A : 191516;
    406B : 191516;
    406C : 151112;
    406D : 110D0E;
    406E : 100A0C;
    406F : 0F0B0A;
    4070 : 14100D;
    4071 : 14130E;
    4072 : 12110D;
    4073 : 14130F;
    4074 : 100F0B;
    4075 : 0F0E0A;
    4076 : 0D0C0A;
    4077 : 0C0B09;
    4078 : 0F0E0C;
    4079 : 11100E;
    407A : 121011;
    407B : 0E0C0D;
    407C : 090708;
    407D : 090708;
    407E : 0F0D0E;
    407F : 151314;
    4080 : 060606;
    4081 : 111111;
    4082 : 090909;
    4083 : 020202;
    4084 : 131313;
    4085 : 242424;
    4086 : 242424;
    4087 : 212121;
    4088 : 1C1C1C;
    4089 : 383838;
    408A : 383838;
    408B : 393939;
    408C : 3E3E3E;
    408D : 1D1D1D;
    408E : 222222;
    408F : 363636;
    4090 : 373737;
    4091 : 1A1A1A;
    4092 : 343434;
    4093 : 292929;
    4094 : 1B1B1B;
    4095 : 323232;
    4096 : 272727;
    4097 : 1C1C1C;
    4098 : 373737;
    4099 : 313131;
    409A : 2F2F2F;
    409B : 333333;
    409C : 353535;
    409D : 2C2C2C;
    409E : 1E1E1E;
    409F : 141414;
    40A0 : 161616;
    40A1 : 202020;
    40A2 : 777777;
    40A3 : E8E8E8;
    40A4 : FFFFFF;
    40A5 : DADADA;
    40A6 : FDFDFD;
    40A7 : E6E6E6;
    40A8 : F2F2F2;
    40A9 : F2F2F2;
    40AA : F2F2F2;
    40AB : F2F2F2;
    40AC : F2F2F2;
    40AD : F2F2F2;
    40AE : F2F2F2;
    40AF : F2F2F2;
    40B0 : F2F2F2;
    40B1 : F2F2F2;
    40B2 : F2F2F2;
    40B3 : F2F2F2;
    40B4 : F2F2F2;
    40B5 : F2F2F2;
    40B6 : F2F2F2;
    40B7 : F2F2F2;
    40B8 : F2F2F2;
    40B9 : F2F2F2;
    40BA : F2F2F2;
    40BB : F2F2F2;
    40BC : F2F2F2;
    40BD : F2F2F2;
    40BE : F2F2F2;
    40BF : F2F2F2;
    40C0 : F2F2F2;
    40C1 : F2F2F2;
    40C2 : F2F2F2;
    40C3 : F2F2F2;
    40C4 : F2F2F2;
    40C5 : F2F2F2;
    40C6 : F2F2F2;
    40C7 : F2F2F2;
    40C8 : F2F2F2;
    40C9 : F2F2F2;
    40CA : F2F2F2;
    40CB : F2F2F2;
    40CC : F2F2F2;
    40CD : F2F2F2;
    40CE : F2F2F2;
    40CF : F2F2F2;
    40D0 : F2F2F2;
    40D1 : F2F2F2;
    40D2 : F2F2F2;
    40D3 : F2F2F2;
    40D4 : F2F2F2;
    40D5 : F2F2F2;
    40D6 : F2F2F2;
    40D7 : F2F2F2;
    40D8 : F2F2F2;
    40D9 : F2F2F2;
    40DA : F2F2F2;
    40DB : F2F2F2;
    40DC : F2F2F2;
    40DD : F2F2F2;
    40DE : F2F2F2;
    40DF : F2F2F2;
    40E0 : F2F2F2;
    40E1 : F2F2F2;
    40E2 : F2F2F2;
    40E3 : F2F2F2;
    40E4 : F2F2F2;
    40E5 : F2F2F2;
    40E6 : F2F2F2;
    40E7 : F2F2F2;
    40E8 : F2F2F2;
    40E9 : F2F2F2;
    40EA : F2F2F2;
    40EB : F2F2F2;
    40EC : F2F2F2;
    40ED : F2F2F2;
    40EE : F2F2F2;
    40EF : F2F2F2;
    40F0 : F2F2F2;
    40F1 : F2F2F2;
    40F2 : F2F2F2;
    40F3 : F2F2F2;
    40F4 : F2F2F2;
    40F5 : F2F2F2;
    40F6 : F2F2F2;
    40F7 : F2F2F2;
    40F8 : F2F2F2;
    40F9 : F2F2F2;
    40FA : F2F2F2;
    40FB : F2F2F2;
    40FC : F2F2F2;
    40FD : F2F2F2;
    40FE : F2F2F2;
    40FF : F2F2F2;
    4100 : F2F2F2;
    4101 : F2F2F2;
    4102 : F2F2F2;
    4103 : F2F2F2;
    4104 : F2F2F2;
    4105 : F2F2F2;
    4106 : F2F2F2;
    4107 : F2F2F2;
    4108 : FFFFFF;
    4109 : E2E2E2;
    410A : FCFCFC;
    410B : F5F5F5;
    410C : EDEDED;
    410D : 5B5B5B;
    410E : 191919;
    410F : 202020;
    4110 : 343434;
    4111 : 353535;
    4112 : 363636;
    4113 : 353535;
    4114 : 2E2E2E;
    4115 : 282828;
    4116 : 2D2D2D;
    4117 : 363636;
    4118 : 2F2F2F;
    4119 : 2D2D2D;
    411A : 2D2D2D;
    411B : 2F2F2F;
    411C : 323232;
    411D : 2F2F2F;
    411E : 272727;
    411F : 1F1F1F;
    4120 : 202020;
    4121 : 2A2A2A;
    4122 : 151515;
    4123 : 0B0B0B;
    4124 : 1D1D1D;
    4125 : 2F2F2F;
    4126 : 383838;
    4127 : 313131;
    4128 : 3D3D3D;
    4129 : 434343;
    412A : 404040;
    412B : 393939;
    412C : 2B2B2B;
    412D : 131313;
    412E : 0C0A0B;
    412F : 1A1819;
    4130 : 1A1819;
    4131 : 1B191A;
    4132 : 1D191A;
    4133 : 1B1718;
    4134 : 191516;
    4135 : 1A1617;
    4136 : 1F191B;
    4137 : 211D1C;
    4138 : 171310;
    4139 : 0B0A05;
    413A : 1F1E1A;
    413B : 090804;
    413C : 0F0E0A;
    413D : 0D0C08;
    413E : 0D0C0A;
    413F : 171614;
    4140 : 141311;
    4141 : 100F0D;
    4142 : 0E0C0D;
    4143 : 100E0F;
    4144 : 131112;
    4145 : 141213;
    4146 : 0F0D0E;
    4147 : 0A0809;
    4148 : 080808;
    4149 : 101010;
    414A : 0D0D0D;
    414B : 040404;
    414C : 090909;
    414D : 181818;
    414E : 222222;
    414F : 242424;
    4150 : 171717;
    4151 : 272727;
    4152 : 3F3F3F;
    4153 : 434343;
    4154 : 404040;
    4155 : 181818;
    4156 : 2B2B2B;
    4157 : 2E2E2E;
    4158 : 262626;
    4159 : 2C2C2C;
    415A : 2B2B2B;
    415B : 202020;
    415C : 303030;
    415D : 2F2F2F;
    415E : 191919;
    415F : 323232;
    4160 : 303030;
    4161 : 313131;
    4162 : 333333;
    4163 : 363636;
    4164 : 363636;
    4165 : 343434;
    4166 : 333333;
    4167 : 333333;
    4168 : 111111;
    4169 : 171717;
    416A : 121212;
    416B : 333333;
    416C : DBDBDB;
    416D : F9F9F9;
    416E : FBFBFB;
    416F : F1F1F1;
    4170 : F2F2F2;
    4171 : F2F2F2;
    4172 : F2F2F2;
    4173 : F2F2F2;
    4174 : F2F2F2;
    4175 : F2F2F2;
    4176 : F2F2F2;
    4177 : F2F2F2;
    4178 : F2F2F2;
    4179 : F2F2F2;
    417A : F2F2F2;
    417B : F2F2F2;
    417C : F2F2F2;
    417D : F2F2F2;
    417E : F2F2F2;
    417F : F2F2F2;
    4180 : F2F2F2;
    4181 : F2F2F2;
    4182 : F2F2F2;
    4183 : F2F2F2;
    4184 : F2F2F2;
    4185 : F2F2F2;
    4186 : F2F2F2;
    4187 : F2F2F2;
    4188 : F2F2F2;
    4189 : F2F2F2;
    418A : F2F2F2;
    418B : F2F2F2;
    418C : F2F2F2;
    418D : F2F2F2;
    418E : F2F2F2;
    418F : F2F2F2;
    4190 : F2F2F2;
    4191 : F2F2F2;
    4192 : F2F2F2;
    4193 : F2F2F2;
    4194 : F2F2F2;
    4195 : F2F2F2;
    4196 : F2F2F2;
    4197 : F2F2F2;
    4198 : F2F2F2;
    4199 : F2F2F2;
    419A : F2F2F2;
    419B : F2F2F2;
    419C : F2F2F2;
    419D : F2F2F2;
    419E : F2F2F2;
    419F : F2F2F2;
    41A0 : F2F2F2;
    41A1 : F2F2F2;
    41A2 : F2F2F2;
    41A3 : F2F2F2;
    41A4 : F2F2F2;
    41A5 : F2F2F2;
    41A6 : F2F2F2;
    41A7 : F2F2F2;
    41A8 : F2F2F2;
    41A9 : F2F2F2;
    41AA : F2F2F2;
    41AB : F2F2F2;
    41AC : F2F2F2;
    41AD : F2F2F2;
    41AE : F2F2F2;
    41AF : F2F2F2;
    41B0 : F2F2F2;
    41B1 : F2F2F2;
    41B2 : F2F2F2;
    41B3 : F2F2F2;
    41B4 : F2F2F2;
    41B5 : F2F2F2;
    41B6 : F2F2F2;
    41B7 : F2F2F2;
    41B8 : F2F2F2;
    41B9 : F2F2F2;
    41BA : F2F2F2;
    41BB : F2F2F2;
    41BC : F2F2F2;
    41BD : F2F2F2;
    41BE : F2F2F2;
    41BF : F2F2F2;
    41C0 : F2F2F2;
    41C1 : F2F2F2;
    41C2 : F2F2F2;
    41C3 : F2F2F2;
    41C4 : F2F2F2;
    41C5 : F2F2F2;
    41C6 : F2F2F2;
    41C7 : F2F2F2;
    41C8 : F2F2F2;
    41C9 : F2F2F2;
    41CA : F2F2F2;
    41CB : F2F2F2;
    41CC : F2F2F2;
    41CD : F2F2F2;
    41CE : F2F2F2;
    41CF : F2F2F2;
    41D0 : ECECEC;
    41D1 : F1F1F1;
    41D2 : ECECEC;
    41D3 : FFFFFF;
    41D4 : 767676;
    41D5 : 0D0D0D;
    41D6 : 3D3D3D;
    41D7 : 323232;
    41D8 : 282828;
    41D9 : 2A2A2A;
    41DA : 2E2E2E;
    41DB : 323232;
    41DC : 303030;
    41DD : 2C2C2C;
    41DE : 2F2F2F;
    41DF : 353535;
    41E0 : 2E2E2E;
    41E1 : 2C2C2C;
    41E2 : 2C2C2C;
    41E3 : 303030;
    41E4 : 343434;
    41E5 : 323232;
    41E6 : 292929;
    41E7 : 202020;
    41E8 : 202020;
    41E9 : 202020;
    41EA : 212121;
    41EB : 252525;
    41EC : 121212;
    41ED : 1F1F1F;
    41EE : 414141;
    41EF : 272727;
    41F0 : 3F3F3F;
    41F1 : 3F3F3F;
    41F2 : 373737;
    41F3 : 323232;
    41F4 : 2B2B2B;
    41F5 : 181818;
    41F6 : 0F0D0E;
    41F7 : 191718;
    41F8 : 151314;
    41F9 : 171516;
    41FA : 1C1819;
    41FB : 1C1819;
    41FC : 1A1617;
    41FD : 171314;
    41FE : 150F11;
    41FF : 130F0E;
    4200 : 1C1815;
    4201 : 080702;
    4202 : 252420;
    4203 : 090804;
    4204 : 161511;
    4205 : 151410;
    4206 : 100F0D;
    4207 : 1A1917;
    4208 : 100F0D;
    4209 : 0E0D0B;
    420A : 0E0C0D;
    420B : 141213;
    420C : 1A1819;
    420D : 181617;
    420E : 0E0C0D;
    420F : 040203;
    4210 : 0D0D0D;
    4211 : 0D0D0D;
    4212 : 0F0F0F;
    4213 : 0C0C0C;
    4214 : 060606;
    4215 : 0C0C0C;
    4216 : 1D1D1D;
    4217 : 292929;
    4218 : 222222;
    4219 : 252525;
    421A : 424242;
    421B : 4B4B4B;
    421C : 3F3F3F;
    421D : 1A1A1A;
    421E : 333333;
    421F : 303030;
    4220 : 262626;
    4221 : 363636;
    4222 : 232323;
    4223 : 2C2C2C;
    4224 : 383838;
    4225 : 202020;
    4226 : 272727;
    4227 : 414141;
    4228 : 2E2E2E;
    4229 : 333333;
    422A : 363636;
    422B : 333333;
    422C : 2C2C2C;
    422D : 272727;
    422E : 282828;
    422F : 2A2A2A;
    4230 : 454545;
    4231 : 272727;
    4232 : 262626;
    4233 : 090909;
    4234 : 212121;
    4235 : EDEDED;
    4236 : FAFAFA;
    4237 : E4E4E4;
    4238 : F2F2F2;
    4239 : F2F2F2;
    423A : F2F2F2;
    423B : F2F2F2;
    423C : F2F2F2;
    423D : F2F2F2;
    423E : F2F2F2;
    423F : F2F2F2;
    4240 : F2F2F2;
    4241 : F2F2F2;
    4242 : F2F2F2;
    4243 : F2F2F2;
    4244 : F2F2F2;
    4245 : F2F2F2;
    4246 : F2F2F2;
    4247 : F2F2F2;
    4248 : F2F2F2;
    4249 : F2F2F2;
    424A : F2F2F2;
    424B : F2F2F2;
    424C : F2F2F2;
    424D : F2F2F2;
    424E : F2F2F2;
    424F : F2F2F2;
    4250 : F2F2F2;
    4251 : F2F2F2;
    4252 : F2F2F2;
    4253 : F2F2F2;
    4254 : F2F2F2;
    4255 : F2F2F2;
    4256 : F2F2F2;
    4257 : F2F2F2;
    4258 : F2F2F2;
    4259 : F2F2F2;
    425A : F2F2F2;
    425B : F2F2F2;
    425C : F2F2F2;
    425D : F2F2F2;
    425E : F2F2F2;
    425F : F2F2F2;
    4260 : F2F2F2;
    4261 : F2F2F2;
    4262 : F2F2F2;
    4263 : F2F2F2;
    4264 : F2F2F2;
    4265 : F2F2F2;
    4266 : F2F2F2;
    4267 : F2F2F2;
    4268 : F2F2F2;
    4269 : F2F2F2;
    426A : F2F2F2;
    426B : F2F2F2;
    426C : F2F2F2;
    426D : F2F2F2;
    426E : F2F2F2;
    426F : F2F2F2;
    4270 : F2F2F2;
    4271 : F2F2F2;
    4272 : F2F2F2;
    4273 : F2F2F2;
    4274 : F2F2F2;
    4275 : F2F2F2;
    4276 : F2F2F2;
    4277 : F2F2F2;
    4278 : F2F2F2;
    4279 : F2F2F2;
    427A : F2F2F2;
    427B : F2F2F2;
    427C : F2F2F2;
    427D : F2F2F2;
    427E : F2F2F2;
    427F : F2F2F2;
    4280 : F2F2F2;
    4281 : F2F2F2;
    4282 : F2F2F2;
    4283 : F2F2F2;
    4284 : F2F2F2;
    4285 : F2F2F2;
    4286 : F2F2F2;
    4287 : F2F2F2;
    4288 : F2F2F2;
    4289 : F2F2F2;
    428A : F2F2F2;
    428B : F2F2F2;
    428C : F2F2F2;
    428D : F2F2F2;
    428E : F2F2F2;
    428F : F2F2F2;
    4290 : F2F2F2;
    4291 : F2F2F2;
    4292 : F2F2F2;
    4293 : F2F2F2;
    4294 : F2F2F2;
    4295 : F2F2F2;
    4296 : F2F2F2;
    4297 : F2F2F2;
    4298 : E4E4E4;
    4299 : FEFEFE;
    429A : E9E9E9;
    429B : 949494;
    429C : 151515;
    429D : 3C3C3C;
    429E : 2D2D2D;
    429F : 171717;
    42A0 : 3B3B3B;
    42A1 : 353535;
    42A2 : 303030;
    42A3 : 313131;
    42A4 : 323232;
    42A5 : 303030;
    42A6 : 303030;
    42A7 : 333333;
    42A8 : 323232;
    42A9 : 303030;
    42AA : 2F2F2F;
    42AB : 313131;
    42AC : 343434;
    42AD : 323232;
    42AE : 2A2A2A;
    42AF : 232323;
    42B0 : 1F1F1F;
    42B1 : 191919;
    42B2 : 262626;
    42B3 : 393939;
    42B4 : 101010;
    42B5 : 0F0F0F;
    42B6 : 424242;
    42B7 : 282828;
    42B8 : 3A3A3A;
    42B9 : 383838;
    42BA : 313131;
    42BB : 313131;
    42BC : 323232;
    42BD : 222222;
    42BE : 161415;
    42BF : 1C1A1B;
    42C0 : 110F10;
    42C1 : 121011;
    42C2 : 161213;
    42C3 : 181415;
    42C4 : 1B1718;
    42C5 : 1D191A;
    42C6 : 201A1C;
    42C7 : 201C1B;
    42C8 : 211D1A;
    42C9 : 100F0A;
    42CA : 262521;
    42CB : 12110D;
    42CC : 201F1B;
    42CD : 1E1D19;
    42CE : 181715;
    42CF : 1B1A18;
    42D0 : 22211F;
    42D1 : 1E1D1B;
    42D2 : 171516;
    42D3 : 0F0D0E;
    42D4 : 090708;
    42D5 : 0A0809;
    42D6 : 100E0F;
    42D7 : 161415;
    42D8 : 111111;
    42D9 : 0A0A0A;
    42DA : 0F0F0F;
    42DB : 111111;
    42DC : 070707;
    42DD : 0C0C0C;
    42DE : 1E1E1E;
    42DF : 282828;
    42E0 : 2C2C2C;
    42E1 : 252525;
    42E2 : 343434;
    42E3 : 444444;
    42E4 : 333333;
    42E5 : 1B1B1B;
    42E6 : 343434;
    42E7 : 343434;
    42E8 : 323232;
    42E9 : 2B2B2B;
    42EA : 252525;
    42EB : 3C3C3C;
    42EC : 252525;
    42ED : 161616;
    42EE : 3D3D3D;
    42EF : 343434;
    42F0 : 353535;
    42F1 : 333333;
    42F2 : 2E2E2E;
    42F3 : 2B2B2B;
    42F4 : 2E2E2E;
    42F5 : 353535;
    42F6 : 363636;
    42F7 : 333333;
    42F8 : 2D2D2D;
    42F9 : 383838;
    42FA : 202020;
    42FB : 252525;
    42FC : 121212;
    42FD : 7C7C7C;
    42FE : E5E5E5;
    42FF : FEFEFE;
    4300 : F2F2F2;
    4301 : F2F2F2;
    4302 : F2F2F2;
    4303 : F2F2F2;
    4304 : F2F2F2;
    4305 : F2F2F2;
    4306 : F2F2F2;
    4307 : F2F2F2;
    4308 : F2F2F2;
    4309 : F2F2F2;
    430A : F2F2F2;
    430B : F2F2F2;
    430C : F2F2F2;
    430D : F2F2F2;
    430E : F2F2F2;
    430F : F2F2F2;
    4310 : F2F2F2;
    4311 : F2F2F2;
    4312 : F2F2F2;
    4313 : F2F2F2;
    4314 : F2F2F2;
    4315 : F2F2F2;
    4316 : F2F2F2;
    4317 : F2F2F2;
    4318 : F2F2F2;
    4319 : F2F2F2;
    431A : F2F2F2;
    431B : F2F2F2;
    431C : F2F2F2;
    431D : F2F2F2;
    431E : F2F2F2;
    431F : F2F2F2;
    4320 : F2F2F2;
    4321 : F2F2F2;
    4322 : F2F2F2;
    4323 : F2F2F2;
    4324 : F2F2F2;
    4325 : F2F2F2;
    4326 : F2F2F2;
    4327 : F2F2F2;
    4328 : F2F2F2;
    4329 : F2F2F2;
    432A : F2F2F2;
    432B : F2F2F2;
    432C : F2F2F2;
    432D : F2F2F2;
    432E : F2F2F2;
    432F : F2F2F2;
    4330 : F2F2F2;
    4331 : F2F2F2;
    4332 : F2F2F2;
    4333 : F2F2F2;
    4334 : F2F2F2;
    4335 : F2F2F2;
    4336 : F2F2F2;
    4337 : F2F2F2;
    4338 : F2F2F2;
    4339 : F2F2F2;
    433A : F2F2F2;
    433B : F2F2F2;
    433C : F2F2F2;
    433D : F2F2F2;
    433E : F2F2F2;
    433F : F2F2F2;
    4340 : F2F2F2;
    4341 : F2F2F2;
    4342 : F2F2F2;
    4343 : F2F2F2;
    4344 : F2F2F2;
    4345 : F2F2F2;
    4346 : F2F2F2;
    4347 : F2F2F2;
    4348 : F2F2F2;
    4349 : F2F2F2;
    434A : F2F2F2;
    434B : F2F2F2;
    434C : F2F2F2;
    434D : F2F2F2;
    434E : F2F2F2;
    434F : F2F2F2;
    4350 : F2F2F2;
    4351 : F2F2F2;
    4352 : F2F2F2;
    4353 : F2F2F2;
    4354 : F2F2F2;
    4355 : F2F2F2;
    4356 : F2F2F2;
    4357 : F2F2F2;
    4358 : F2F2F2;
    4359 : F2F2F2;
    435A : F2F2F2;
    435B : F2F2F2;
    435C : F2F2F2;
    435D : F2F2F2;
    435E : F2F2F2;
    435F : F2F2F2;
    4360 : FEFEFE;
    4361 : F6F6F6;
    4362 : DBDBDB;
    4363 : 000000;
    4364 : 0F0F0F;
    4365 : 272727;
    4366 : 242424;
    4367 : 363636;
    4368 : 272727;
    4369 : 262626;
    436A : 2D2D2D;
    436B : 393939;
    436C : 404040;
    436D : 3A3A3A;
    436E : 2E2E2E;
    436F : 272727;
    4370 : 313131;
    4371 : 303030;
    4372 : 2F2F2F;
    4373 : 303030;
    4374 : 323232;
    4375 : 313131;
    4376 : 2E2E2E;
    4377 : 2A2A2A;
    4378 : 202020;
    4379 : 1C1C1C;
    437A : 1E1E1E;
    437B : 393939;
    437C : 181818;
    437D : 040404;
    437E : 363636;
    437F : 343434;
    4380 : 333333;
    4381 : 353535;
    4382 : 353535;
    4383 : 3A3A3A;
    4384 : 3C3C3C;
    4385 : 292929;
    4386 : 191718;
    4387 : 1B191A;
    4388 : 201E1F;
    4389 : 1B191A;
    438A : 161213;
    438B : 110D0E;
    438C : 100C0D;
    438D : 130F10;
    438E : 181214;
    438F : 191514;
    4390 : 16120F;
    4391 : 0E0D08;
    4392 : 171612;
    4393 : 100F0B;
    4394 : 181713;
    4395 : 151410;
    4396 : 11100E;
    4397 : 100F0D;
    4398 : 020100;
    4399 : 090806;
    439A : 100E0F;
    439B : 121011;
    439C : 0F0D0E;
    439D : 0E0C0D;
    439E : 100E0F;
    439F : 141213;
    43A0 : 101010;
    43A1 : 090909;
    43A2 : 0E0E0E;
    43A3 : 0E0E0E;
    43A4 : 090909;
    43A5 : 1A1A1A;
    43A6 : 292929;
    43A7 : 1F1F1F;
    43A8 : 272727;
    43A9 : 202020;
    43AA : 202020;
    43AB : 3D3D3D;
    43AC : 2C2C2C;
    43AD : 212121;
    43AE : 303030;
    43AF : 353535;
    43B0 : 323232;
    43B1 : 2A2A2A;
    43B2 : 2F2F2F;
    43B3 : 2F2F2F;
    43B4 : 1D1D1D;
    43B5 : 282828;
    43B6 : 3B3B3B;
    43B7 : 2A2A2A;
    43B8 : 2C2C2C;
    43B9 : 2F2F2F;
    43BA : 313131;
    43BB : 353535;
    43BC : 3B3B3B;
    43BD : 393939;
    43BE : 292929;
    43BF : 171717;
    43C0 : 2D2D2D;
    43C1 : 363636;
    43C2 : 282828;
    43C3 : 282828;
    43C4 : 191919;
    43C5 : 282828;
    43C6 : DCDCDC;
    43C7 : F6F6F6;
    43C8 : F2F2F2;
    43C9 : F2F2F2;
    43CA : F2F2F2;
    43CB : F2F2F2;
    43CC : F2F2F2;
    43CD : F2F2F2;
    43CE : F2F2F2;
    43CF : F2F2F2;
    43D0 : F2F2F2;
    43D1 : F2F2F2;
    43D2 : F2F2F2;
    43D3 : F2F2F2;
    43D4 : F2F2F2;
    43D5 : F2F2F2;
    43D6 : F2F2F2;
    43D7 : F2F2F2;
    43D8 : F2F2F2;
    43D9 : F2F2F2;
    43DA : F2F2F2;
    43DB : F2F2F2;
    43DC : F2F2F2;
    43DD : F2F2F2;
    43DE : F2F2F2;
    43DF : F2F2F2;
    43E0 : F2F2F2;
    43E1 : F2F2F2;
    43E2 : F2F2F2;
    43E3 : F2F2F2;
    43E4 : F2F2F2;
    43E5 : F2F2F2;
    43E6 : F2F2F2;
    43E7 : F2F2F2;
    43E8 : F2F2F2;
    43E9 : F2F2F2;
    43EA : F2F2F2;
    43EB : F2F2F2;
    43EC : F2F2F2;
    43ED : F2F2F2;
    43EE : F2F2F2;
    43EF : F2F2F2;
    43F0 : F2F2F2;
    43F1 : F2F2F2;
    43F2 : F2F2F2;
    43F3 : F2F2F2;
    43F4 : F2F2F2;
    43F5 : F2F2F2;
    43F6 : F2F2F2;
    43F7 : F2F2F2;
    43F8 : F2F2F2;
    43F9 : F2F2F2;
    43FA : F2F2F2;
    43FB : F2F2F2;
    43FC : F2F2F2;
    43FD : F2F2F2;
    43FE : F2F2F2;
    43FF : F2F2F2;
    4400 : F2F2F2;
    4401 : F2F2F2;
    4402 : F2F2F2;
    4403 : F2F2F2;
    4404 : F2F2F2;
    4405 : F2F2F2;
    4406 : F2F2F2;
    4407 : F2F2F2;
    4408 : F2F2F2;
    4409 : F2F2F2;
    440A : F2F2F2;
    440B : F2F2F2;
    440C : F2F2F2;
    440D : F2F2F2;
    440E : F2F2F2;
    440F : F2F2F2;
    4410 : F2F2F2;
    4411 : F2F2F2;
    4412 : F2F2F2;
    4413 : F2F2F2;
    4414 : F2F2F2;
    4415 : F2F2F2;
    4416 : F2F2F2;
    4417 : F2F2F2;
    4418 : F2F2F2;
    4419 : F2F2F2;
    441A : F2F2F2;
    441B : F2F2F2;
    441C : F2F2F2;
    441D : F2F2F2;
    441E : F2F2F2;
    441F : F2F2F2;
    4420 : F2F2F2;
    4421 : F2F2F2;
    4422 : F2F2F2;
    4423 : F2F2F2;
    4424 : F2F2F2;
    4425 : F2F2F2;
    4426 : F2F2F2;
    4427 : F2F2F2;
    4428 : F3F3F3;
    4429 : D7D7D7;
    442A : 292929;
    442B : 0A0A0A;
    442C : 181818;
    442D : 2E2E2E;
    442E : 2E2E2E;
    442F : 232323;
    4430 : 343434;
    4431 : 2C2C2C;
    4432 : 292929;
    4433 : 2F2F2F;
    4434 : 363636;
    4435 : 383838;
    4436 : 373737;
    4437 : 363636;
    4438 : 2B2B2B;
    4439 : 2B2B2B;
    443A : 2B2B2B;
    443B : 2C2C2C;
    443C : 2F2F2F;
    443D : 313131;
    443E : 313131;
    443F : 313131;
    4440 : 202020;
    4441 : 232323;
    4442 : 141414;
    4443 : 303030;
    4444 : 212121;
    4445 : 000000;
    4446 : 2A2A2A;
    4447 : 404040;
    4448 : 303030;
    4449 : 373737;
    444A : 3C3C3C;
    444B : 444444;
    444C : 434343;
    444D : 2C2C2C;
    444E : 171516;
    444F : 181617;
    4450 : 1D1B1C;
    4451 : 1C1A1B;
    4452 : 1E1A1B;
    4453 : 1E1A1B;
    4454 : 1E1A1B;
    4455 : 1C1819;
    4456 : 1A1416;
    4457 : 171312;
    4458 : 1A1613;
    4459 : 191813;
    445A : 191814;
    445B : 1A1915;
    445C : 1B1A16;
    445D : 181713;
    445E : 181715;
    445F : 161513;
    4460 : 1B1A18;
    4461 : 181715;
    4462 : 141213;
    4463 : 141213;
    4464 : 161415;
    4465 : 161415;
    4466 : 131112;
    4467 : 100E0F;
    4468 : 0E0E0E;
    4469 : 0A0A0A;
    446A : 0D0D0D;
    446B : 080808;
    446C : 0A0A0A;
    446D : 292929;
    446E : 333333;
    446F : 171717;
    4470 : 202020;
    4471 : 1D1D1D;
    4472 : 191919;
    4473 : 434343;
    4474 : 333333;
    4475 : 2E2E2E;
    4476 : 303030;
    4477 : 353535;
    4478 : 2A2A2A;
    4479 : 3C3C3C;
    447A : 3B3B3B;
    447B : 181818;
    447C : 2C2C2C;
    447D : 474747;
    447E : 2D2D2D;
    447F : 323232;
    4480 : 343434;
    4481 : 363636;
    4482 : 333333;
    4483 : 2F2F2F;
    4484 : 303030;
    4485 : 323232;
    4486 : 2D2D2D;
    4487 : 242424;
    4488 : 292929;
    4489 : 2C2C2C;
    448A : 363636;
    448B : 1F1F1F;
    448C : 2D2D2D;
    448D : 171717;
    448E : 1E1E1E;
    448F : CECECE;
    4490 : F2F2F2;
    4491 : F2F2F2;
    4492 : F2F2F2;
    4493 : F2F2F2;
    4494 : F2F2F2;
    4495 : F2F2F2;
    4496 : F2F2F2;
    4497 : F2F2F2;
    4498 : F2F2F2;
    4499 : F2F2F2;
    449A : F2F2F2;
    449B : F2F2F2;
    449C : F2F2F2;
    449D : F2F2F2;
    449E : F2F2F2;
    449F : F2F2F2;
    44A0 : F2F2F2;
    44A1 : F2F2F2;
    44A2 : F2F2F2;
    44A3 : F2F2F2;
    44A4 : F2F2F2;
    44A5 : F2F2F2;
    44A6 : F2F2F2;
    44A7 : F2F2F2;
    44A8 : F2F2F2;
    44A9 : F2F2F2;
    44AA : F2F2F2;
    44AB : F2F2F2;
    44AC : F2F2F2;
    44AD : F2F2F2;
    44AE : F2F2F2;
    44AF : F2F2F2;
    44B0 : F2F2F2;
    44B1 : F2F2F2;
    44B2 : F2F2F2;
    44B3 : F2F2F2;
    44B4 : F2F2F2;
    44B5 : F2F2F2;
    44B6 : F2F2F2;
    44B7 : F2F2F2;
    44B8 : F2F2F2;
    44B9 : F2F2F2;
    44BA : F2F2F2;
    44BB : F2F2F2;
    44BC : F2F2F2;
    44BD : F2F2F2;
    44BE : F2F2F2;
    44BF : F2F2F2;
    44C0 : F2F2F2;
    44C1 : F2F2F2;
    44C2 : F2F2F2;
    44C3 : F2F2F2;
    44C4 : F2F2F2;
    44C5 : F2F2F2;
    44C6 : F2F2F2;
    44C7 : F2F2F2;
    44C8 : F2F2F2;
    44C9 : F2F2F2;
    44CA : F2F2F2;
    44CB : F2F2F2;
    44CC : F2F2F2;
    44CD : F2F2F2;
    44CE : F2F2F2;
    44CF : F2F2F2;
    44D0 : F2F2F2;
    44D1 : F2F2F2;
    44D2 : F2F2F2;
    44D3 : F2F2F2;
    44D4 : F2F2F2;
    44D5 : F2F2F2;
    44D6 : F2F2F2;
    44D7 : F2F2F2;
    44D8 : F2F2F2;
    44D9 : F2F2F2;
    44DA : F2F2F2;
    44DB : F2F2F2;
    44DC : F2F2F2;
    44DD : F2F2F2;
    44DE : F2F2F2;
    44DF : F2F2F2;
    44E0 : F2F2F2;
    44E1 : F2F2F2;
    44E2 : F2F2F2;
    44E3 : F2F2F2;
    44E4 : F2F2F2;
    44E5 : F2F2F2;
    44E6 : F2F2F2;
    44E7 : F2F2F2;
    44E8 : FCFCFC;
    44E9 : E7E7E7;
    44EA : F6F6F6;
    44EB : ECECEC;
    44EC : F1F1F1;
    44ED : EEEEEE;
    44EE : FCFCFC;
    44EF : F0F0F0;
    44F0 : ECECEC;
    44F1 : 414141;
    44F2 : 050505;
    44F3 : 323232;
    44F4 : 1E1E1E;
    44F5 : 212121;
    44F6 : 3B3B3B;
    44F7 : 2B2B2B;
    44F8 : 2E2E2E;
    44F9 : 1D1D1D;
    44FA : 292929;
    44FB : 373737;
    44FC : 2D2D2D;
    44FD : 383838;
    44FE : 454545;
    44FF : 2C2C2C;
    4500 : 2B2B2B;
    4501 : 2A2A2A;
    4502 : 2E2E2E;
    4503 : 333333;
    4504 : 313131;
    4505 : 2B2B2B;
    4506 : 2C2C2C;
    4507 : 323232;
    4508 : 272727;
    4509 : 1A1A1A;
    450A : 292929;
    450B : 303030;
    450C : 1F1F1F;
    450D : 030303;
    450E : 313131;
    450F : 424242;
    4510 : 2F2F2F;
    4511 : 3E3E3E;
    4512 : 424242;
    4513 : 3A3A3A;
    4514 : 3B3B3B;
    4515 : 3E3E3E;
    4516 : 2D2B2C;
    4517 : 100E0F;
    4518 : 1E1C1D;
    4519 : 1F1D1E;
    451A : 201C1D;
    451B : 1E1A1B;
    451C : 1E1A1B;
    451D : 201C1D;
    451E : 201A1C;
    451F : 1D1918;
    4520 : 1B1714;
    4521 : 191813;
    4522 : 191814;
    4523 : 191814;
    4524 : 191814;
    4525 : 191814;
    4526 : 181715;
    4527 : 181715;
    4528 : 181715;
    4529 : 181715;
    452A : 171516;
    452B : 161415;
    452C : 151314;
    452D : 151314;
    452E : 151314;
    452F : 151314;
    4530 : 0F0F0F;
    4531 : 0D0D0D;
    4532 : 080808;
    4533 : 0A0A0A;
    4534 : 1C1C1C;
    4535 : 323232;
    4536 : 353535;
    4537 : 2C2C2C;
    4538 : 1D1D1D;
    4539 : 212121;
    453A : 242424;
    453B : 303030;
    453C : 3E3E3E;
    453D : 383838;
    453E : 2D2D2D;
    453F : 303030;
    4540 : 393939;
    4541 : 383838;
    4542 : 333333;
    4543 : 202020;
    4544 : 282828;
    4545 : 3F3F3F;
    4546 : 3E3E3E;
    4547 : 373737;
    4548 : 2F2F2F;
    4549 : 424242;
    454A : 2D2D2D;
    454B : 2E2E2E;
    454C : 2D2D2D;
    454D : 3A3A3A;
    454E : 242424;
    454F : 2A2A2A;
    4550 : 1D1D1D;
    4551 : 353535;
    4552 : 252525;
    4553 : 2A2A2A;
    4554 : 343434;
    4555 : 1B1B1B;
    4556 : 242424;
    4557 : 121212;
    4558 : D5D5D5;
    4559 : FFFFFF;
    455A : E9E9E9;
    455B : F0F0F0;
    455C : F7F7F7;
    455D : EFEFEF;
    455E : EDEDED;
    455F : F2F2F2;
    4560 : F2F2F2;
    4561 : F2F2F2;
    4562 : F2F2F2;
    4563 : F2F2F2;
    4564 : F2F2F2;
    4565 : F2F2F2;
    4566 : F2F2F2;
    4567 : F2F2F2;
    4568 : F2F2F2;
    4569 : F2F2F2;
    456A : F2F2F2;
    456B : F2F2F2;
    456C : F2F2F2;
    456D : F2F2F2;
    456E : F2F2F2;
    456F : F2F2F2;
    4570 : F2F2F2;
    4571 : F2F2F2;
    4572 : F2F2F2;
    4573 : F2F2F2;
    4574 : F2F2F2;
    4575 : F2F2F2;
    4576 : F2F2F2;
    4577 : F2F2F2;
    4578 : F2F2F2;
    4579 : F2F2F2;
    457A : F2F2F2;
    457B : F2F2F2;
    457C : F2F2F2;
    457D : F2F2F2;
    457E : F2F2F2;
    457F : F2F2F2;
    4580 : F2F2F2;
    4581 : F2F2F2;
    4582 : F2F2F2;
    4583 : F2F2F2;
    4584 : F2F2F2;
    4585 : F2F2F2;
    4586 : F2F2F2;
    4587 : F2F2F2;
    4588 : F2F2F2;
    4589 : F2F2F2;
    458A : F2F2F2;
    458B : F2F2F2;
    458C : F2F2F2;
    458D : F2F2F2;
    458E : F2F2F2;
    458F : F2F2F2;
    4590 : F2F2F2;
    4591 : F2F2F2;
    4592 : F2F2F2;
    4593 : F2F2F2;
    4594 : F2F2F2;
    4595 : F2F2F2;
    4596 : F2F2F2;
    4597 : F2F2F2;
    4598 : F2F2F2;
    4599 : F2F2F2;
    459A : F2F2F2;
    459B : F2F2F2;
    459C : F2F2F2;
    459D : F2F2F2;
    459E : F2F2F2;
    459F : F2F2F2;
    45A0 : F2F2F2;
    45A1 : F2F2F2;
    45A2 : F2F2F2;
    45A3 : F2F2F2;
    45A4 : F2F2F2;
    45A5 : F2F2F2;
    45A6 : F2F2F2;
    45A7 : F2F2F2;
    45A8 : F2F2F2;
    45A9 : F2F2F2;
    45AA : F2F2F2;
    45AB : F2F2F2;
    45AC : F2F2F2;
    45AD : F2F2F2;
    45AE : F2F2F2;
    45AF : F2F2F2;
    45B0 : E6E6E6;
    45B1 : FAFAFA;
    45B2 : F4F4F4;
    45B3 : ECECEC;
    45B4 : FCFCFC;
    45B5 : EFEFEF;
    45B6 : E9E9E9;
    45B7 : FBFBFB;
    45B8 : 535353;
    45B9 : 434343;
    45BA : E7E7E7;
    45BB : 3A3A3A;
    45BC : 464646;
    45BD : 585858;
    45BE : 111111;
    45BF : 2D2D2D;
    45C0 : 191919;
    45C1 : 232323;
    45C2 : 3D3D3D;
    45C3 : 232323;
    45C4 : 2E2E2E;
    45C5 : 464646;
    45C6 : 282828;
    45C7 : 333333;
    45C8 : 2D2D2D;
    45C9 : 2A2A2A;
    45CA : 2C2C2C;
    45CB : 313131;
    45CC : 313131;
    45CD : 2D2D2D;
    45CE : 2D2D2D;
    45CF : 313131;
    45D0 : 2C2C2C;
    45D1 : 1D1D1D;
    45D2 : 292929;
    45D3 : 303030;
    45D4 : 222222;
    45D5 : 080808;
    45D6 : 343434;
    45D7 : 424242;
    45D8 : 313131;
    45D9 : 3B3B3B;
    45DA : 3E3E3E;
    45DB : 3C3C3C;
    45DC : 3F3F3F;
    45DD : 424242;
    45DE : 323031;
    45DF : 1B191A;
    45E0 : 1B191A;
    45E1 : 1D1B1C;
    45E2 : 201C1D;
    45E3 : 201C1D;
    45E4 : 1F1B1C;
    45E5 : 201C1D;
    45E6 : 201A1C;
    45E7 : 1E1A19;
    45E8 : 1F1B18;
    45E9 : 1C1B16;
    45EA : 1C1B17;
    45EB : 1B1A16;
    45EC : 1B1A16;
    45ED : 1B1A16;
    45EE : 1B1A18;
    45EF : 1B1A18;
    45F0 : 161513;
    45F1 : 171614;
    45F2 : 181617;
    45F3 : 181617;
    45F4 : 171516;
    45F5 : 161415;
    45F6 : 141213;
    45F7 : 121011;
    45F8 : 0E0E0E;
    45F9 : 0C0C0C;
    45FA : 0C0C0C;
    45FB : 141414;
    45FC : 262626;
    45FD : 343434;
    45FE : 353535;
    45FF : 2F2F2F;
    4600 : 2D2D2D;
    4601 : 1C1C1C;
    4602 : 242424;
    4603 : 151515;
    4604 : 424242;
    4605 : 313131;
    4606 : 414141;
    4607 : 404040;
    4608 : 353535;
    4609 : 303030;
    460A : 333333;
    460B : 404040;
    460C : 464646;
    460D : 202020;
    460E : 252525;
    460F : 2F2F2F;
    4610 : 313131;
    4611 : 3C3C3C;
    4612 : 282828;
    4613 : 2E2E2E;
    4614 : 313131;
    4615 : 393939;
    4616 : 232323;
    4617 : 272727;
    4618 : 202020;
    4619 : 2C2C2C;
    461A : 303030;
    461B : 393939;
    461C : 252525;
    461D : 1D1D1D;
    461E : 505050;
    461F : 9F9F9F;
    4620 : 414141;
    4621 : D2D2D2;
    4622 : F8F8F8;
    4623 : FFFFFF;
    4624 : E8E8E8;
    4625 : FDFDFD;
    4626 : E9E9E9;
    4627 : F4F4F4;
    4628 : F2F2F2;
    4629 : F2F2F2;
    462A : F2F2F2;
    462B : F2F2F2;
    462C : F2F2F2;
    462D : F2F2F2;
    462E : F2F2F2;
    462F : F2F2F2;
    4630 : F2F2F2;
    4631 : F2F2F2;
    4632 : F2F2F2;
    4633 : F2F2F2;
    4634 : F2F2F2;
    4635 : F2F2F2;
    4636 : F2F2F2;
    4637 : F2F2F2;
    4638 : F2F2F2;
    4639 : F2F2F2;
    463A : F2F2F2;
    463B : F2F2F2;
    463C : F2F2F2;
    463D : F2F2F2;
    463E : F2F2F2;
    463F : F2F2F2;
    4640 : F2F2F2;
    4641 : F2F2F2;
    4642 : F2F2F2;
    4643 : F2F2F2;
    4644 : F2F2F2;
    4645 : F2F2F2;
    4646 : F2F2F2;
    4647 : F2F2F2;
    4648 : F2F2F2;
    4649 : F2F2F2;
    464A : F2F2F2;
    464B : F2F2F2;
    464C : F2F2F2;
    464D : F2F2F2;
    464E : F2F2F2;
    464F : F2F2F2;
    4650 : F2F2F2;
    4651 : F2F2F2;
    4652 : F2F2F2;
    4653 : F2F2F2;
    4654 : F2F2F2;
    4655 : F2F2F2;
    4656 : F2F2F2;
    4657 : F2F2F2;
    4658 : F2F2F2;
    4659 : F2F2F2;
    465A : F2F2F2;
    465B : F2F2F2;
    465C : F2F2F2;
    465D : F2F2F2;
    465E : F2F2F2;
    465F : F2F2F2;
    4660 : F2F2F2;
    4661 : F2F2F2;
    4662 : F2F2F2;
    4663 : F2F2F2;
    4664 : F2F2F2;
    4665 : F2F2F2;
    4666 : F2F2F2;
    4667 : F2F2F2;
    4668 : F2F2F2;
    4669 : F2F2F2;
    466A : F2F2F2;
    466B : F2F2F2;
    466C : F2F2F2;
    466D : F2F2F2;
    466E : F2F2F2;
    466F : F2F2F2;
    4670 : F2F2F2;
    4671 : F2F2F2;
    4672 : F2F2F2;
    4673 : F2F2F2;
    4674 : F2F2F2;
    4675 : F2F2F2;
    4676 : F2F2F2;
    4677 : F2F2F2;
    4678 : EAEAEA;
    4679 : F7F7F7;
    467A : F7F7F7;
    467B : EDEDED;
    467C : F6F6F6;
    467D : E4E4E4;
    467E : FFFFFF;
    467F : 828282;
    4680 : 292929;
    4681 : DADADA;
    4682 : 999999;
    4683 : A2A2A2;
    4684 : FFFFFF;
    4685 : FDFDFD;
    4686 : D9D9D9;
    4687 : 333333;
    4688 : 292929;
    4689 : 0F0F0F;
    468A : 2A2A2A;
    468B : 383838;
    468C : 303030;
    468D : 323232;
    468E : 2C2C2C;
    468F : 2D2D2D;
    4690 : 2F2F2F;
    4691 : 2A2A2A;
    4692 : 292929;
    4693 : 2E2E2E;
    4694 : 313131;
    4695 : 313131;
    4696 : 2F2F2F;
    4697 : 2F2F2F;
    4698 : 313131;
    4699 : 1F1F1F;
    469A : 272727;
    469B : 2E2E2E;
    469C : 232323;
    469D : 0C0C0C;
    469E : 353535;
    469F : 3F3F3F;
    46A0 : 363636;
    46A1 : 373737;
    46A2 : 383838;
    46A3 : 3C3C3C;
    46A4 : 434343;
    46A5 : 444444;
    46A6 : 393738;
    46A7 : 2A2829;
    46A8 : 181617;
    46A9 : 1B191A;
    46AA : 201C1D;
    46AB : 221E1F;
    46AC : 221E1F;
    46AD : 201C1D;
    46AE : 201A1C;
    46AF : 201C1B;
    46B0 : 211D1A;
    46B1 : 1E1D18;
    46B2 : 1C1B17;
    46B3 : 1B1A16;
    46B4 : 1A1915;
    46B5 : 1B1A16;
    46B6 : 1C1B19;
    46B7 : 1C1B19;
    46B8 : 161513;
    46B9 : 181715;
    46BA : 1A1819;
    46BB : 1A1819;
    46BC : 191718;
    46BD : 151314;
    46BE : 110F10;
    46BF : 0F0D0E;
    46C0 : 0F0F0F;
    46C1 : 0C0C0C;
    46C2 : 111111;
    46C3 : 202020;
    46C4 : 2E2E2E;
    46C5 : 323232;
    46C6 : 303030;
    46C7 : 2D2D2D;
    46C8 : 333333;
    46C9 : 1F1F1F;
    46CA : 2A2A2A;
    46CB : 252525;
    46CC : 3E3E3E;
    46CD : 141414;
    46CE : 1C1C1C;
    46CF : 2B2B2B;
    46D0 : 2D2D2D;
    46D1 : 343434;
    46D2 : 1E1E1E;
    46D3 : 161616;
    46D4 : 363636;
    46D5 : 393939;
    46D6 : 4C4C4C;
    46D7 : 393939;
    46D8 : 363636;
    46D9 : 333333;
    46DA : 222222;
    46DB : 2D2D2D;
    46DC : 353535;
    46DD : 393939;
    46DE : 252525;
    46DF : 262626;
    46E0 : 111111;
    46E1 : 393939;
    46E2 : 353535;
    46E3 : 181818;
    46E4 : 212121;
    46E5 : 1D1D1D;
    46E6 : D0D0D0;
    46E7 : FFFFFF;
    46E8 : BABABA;
    46E9 : 545454;
    46EA : EBEBEB;
    46EB : E6E6E6;
    46EC : EEEEEE;
    46ED : FAFAFA;
    46EE : E7E7E7;
    46EF : F0F0F0;
    46F0 : F2F2F2;
    46F1 : F2F2F2;
    46F2 : F2F2F2;
    46F3 : F2F2F2;
    46F4 : F2F2F2;
    46F5 : F2F2F2;
    46F6 : F2F2F2;
    46F7 : F2F2F2;
    46F8 : F2F2F2;
    46F9 : F2F2F2;
    46FA : F2F2F2;
    46FB : F2F2F2;
    46FC : F2F2F2;
    46FD : F2F2F2;
    46FE : F2F2F2;
    46FF : F2F2F2;
    4700 : F2F2F2;
    4701 : F2F2F2;
    4702 : F2F2F2;
    4703 : F2F2F2;
    4704 : F2F2F2;
    4705 : F2F2F2;
    4706 : F2F2F2;
    4707 : F2F2F2;
    4708 : F2F2F2;
    4709 : F2F2F2;
    470A : F2F2F2;
    470B : F2F2F2;
    470C : F2F2F2;
    470D : F2F2F2;
    470E : F2F2F2;
    470F : F2F2F2;
    4710 : F2F2F2;
    4711 : F2F2F2;
    4712 : F2F2F2;
    4713 : F2F2F2;
    4714 : F2F2F2;
    4715 : F2F2F2;
    4716 : F2F2F2;
    4717 : F2F2F2;
    4718 : F2F2F2;
    4719 : F2F2F2;
    471A : F2F2F2;
    471B : F2F2F2;
    471C : F2F2F2;
    471D : F2F2F2;
    471E : F2F2F2;
    471F : F2F2F2;
    4720 : F2F2F2;
    4721 : F2F2F2;
    4722 : F2F2F2;
    4723 : F2F2F2;
    4724 : F2F2F2;
    4725 : F2F2F2;
    4726 : F2F2F2;
    4727 : F2F2F2;
    4728 : F2F2F2;
    4729 : F2F2F2;
    472A : F2F2F2;
    472B : F2F2F2;
    472C : F2F2F2;
    472D : F2F2F2;
    472E : F2F2F2;
    472F : F2F2F2;
    4730 : F2F2F2;
    4731 : F2F2F2;
    4732 : F2F2F2;
    4733 : F2F2F2;
    4734 : F2F2F2;
    4735 : F2F2F2;
    4736 : F2F2F2;
    4737 : F2F2F2;
    4738 : F2F2F2;
    4739 : F2F2F2;
    473A : F2F2F2;
    473B : F2F2F2;
    473C : F2F2F2;
    473D : F2F2F2;
    473E : F2F2F2;
    473F : F2F2F2;
    4740 : F6F6F6;
    4741 : EAEAEA;
    4742 : FBFBFB;
    4743 : E8E8E8;
    4744 : EAEAEA;
    4745 : FFFFFF;
    4746 : C0C0C0;
    4747 : 101010;
    4748 : EBEBEB;
    4749 : 3C3C3C;
    474A : 545454;
    474B : FFFFFF;
    474C : 7A7A7A;
    474D : BABABA;
    474E : CACACA;
    474F : 454545;
    4750 : 2D2D2D;
    4751 : 2D2D2D;
    4752 : 060606;
    4753 : 282828;
    4754 : 303030;
    4755 : 222222;
    4756 : 464646;
    4757 : 2A2A2A;
    4758 : 313131;
    4759 : 2B2B2B;
    475A : 272727;
    475B : 2A2A2A;
    475C : 313131;
    475D : 343434;
    475E : 313131;
    475F : 2E2E2E;
    4760 : 323232;
    4761 : 1E1E1E;
    4762 : 232323;
    4763 : 292929;
    4764 : 222222;
    4765 : 0E0E0E;
    4766 : 353535;
    4767 : 3A3A3A;
    4768 : 3D3D3D;
    4769 : 353535;
    476A : 323232;
    476B : 393939;
    476C : 414141;
    476D : 414141;
    476E : 3C3A3B;
    476F : 373536;
    4770 : 191718;
    4771 : 1A1819;
    4772 : 1F1B1C;
    4773 : 242021;
    4774 : 242021;
    4775 : 211D1E;
    4776 : 211B1D;
    4777 : 221E1D;
    4778 : 201C19;
    4779 : 1D1C17;
    477A : 1B1A16;
    477B : 191814;
    477C : 181713;
    477D : 191814;
    477E : 1A1917;
    477F : 1B1A18;
    4780 : 1B1A18;
    4781 : 1B1A18;
    4782 : 1B191A;
    4783 : 191718;
    4784 : 161415;
    4785 : 131112;
    4786 : 0F0D0E;
    4787 : 0D0B0C;
    4788 : 111111;
    4789 : 0E0E0E;
    478A : 151515;
    478B : 272727;
    478C : 303030;
    478D : 2D2D2D;
    478E : 292929;
    478F : 2B2B2B;
    4790 : 242424;
    4791 : 383838;
    4792 : 252525;
    4793 : 262626;
    4794 : 424242;
    4795 : 747474;
    4796 : 5A5A5A;
    4797 : 343434;
    4798 : 4B4B4B;
    4799 : 575757;
    479A : 525252;
    479B : 494949;
    479C : 323232;
    479D : 232323;
    479E : 232323;
    479F : 343434;
    47A0 : 3C3C3C;
    47A1 : 2D2D2D;
    47A2 : 202020;
    47A3 : 2C2C2C;
    47A4 : 383838;
    47A5 : 383838;
    47A6 : 2B2B2B;
    47A7 : 292929;
    47A8 : 2B2B2B;
    47A9 : 1C1C1C;
    47AA : 393939;
    47AB : 2C2C2C;
    47AC : 212121;
    47AD : 414141;
    47AE : E6E6E6;
    47AF : CBCBCB;
    47B0 : 999999;
    47B1 : 909090;
    47B2 : 595959;
    47B3 : FFFFFF;
    47B4 : EBEBEB;
    47B5 : F0F0F0;
    47B6 : F4F4F4;
    47B7 : FBFBFB;
    47B8 : F2F2F2;
    47B9 : F2F2F2;
    47BA : F2F2F2;
    47BB : F2F2F2;
    47BC : F2F2F2;
    47BD : F2F2F2;
    47BE : F2F2F2;
    47BF : F2F2F2;
    47C0 : F2F2F2;
    47C1 : F2F2F2;
    47C2 : F2F2F2;
    47C3 : F2F2F2;
    47C4 : F2F2F2;
    47C5 : F2F2F2;
    47C6 : F2F2F2;
    47C7 : F2F2F2;
    47C8 : F2F2F2;
    47C9 : F2F2F2;
    47CA : F2F2F2;
    47CB : F2F2F2;
    47CC : F2F2F2;
    47CD : F2F2F2;
    47CE : F2F2F2;
    47CF : F2F2F2;
    47D0 : F2F2F2;
    47D1 : F2F2F2;
    47D2 : F2F2F2;
    47D3 : F2F2F2;
    47D4 : F2F2F2;
    47D5 : F2F2F2;
    47D6 : F2F2F2;
    47D7 : F2F2F2;
    47D8 : F2F2F2;
    47D9 : F2F2F2;
    47DA : F2F2F2;
    47DB : F2F2F2;
    47DC : F2F2F2;
    47DD : F2F2F2;
    47DE : F2F2F2;
    47DF : F2F2F2;
    47E0 : F2F2F2;
    47E1 : F2F2F2;
    47E2 : F2F2F2;
    47E3 : F2F2F2;
    47E4 : F2F2F2;
    47E5 : F2F2F2;
    47E6 : F2F2F2;
    47E7 : F2F2F2;
    47E8 : F2F2F2;
    47E9 : F2F2F2;
    47EA : F2F2F2;
    47EB : F2F2F2;
    47EC : F2F2F2;
    47ED : F2F2F2;
    47EE : F2F2F2;
    47EF : F2F2F2;
    47F0 : F2F2F2;
    47F1 : F2F2F2;
    47F2 : F2F2F2;
    47F3 : F2F2F2;
    47F4 : F2F2F2;
    47F5 : F2F2F2;
    47F6 : F2F2F2;
    47F7 : F2F2F2;
    47F8 : F2F2F2;
    47F9 : F2F2F2;
    47FA : F2F2F2;
    47FB : F2F2F2;
    47FC : F2F2F2;
    47FD : F2F2F2;
    47FE : F2F2F2;
    47FF : F2F2F2;
    4800 : F2F2F2;
    4801 : F2F2F2;
    4802 : F2F2F2;
    4803 : F2F2F2;
    4804 : F2F2F2;
    4805 : F2F2F2;
    4806 : F2F2F2;
    4807 : F2F2F2;
    4808 : EFEFEF;
    4809 : F2F2F2;
    480A : F4F4F4;
    480B : EAEAEA;
    480C : F8F8F8;
    480D : EBEBEB;
    480E : 121212;
    480F : 4B4B4B;
    4810 : F3F3F3;
    4811 : 3C3C3C;
    4812 : D7D7D7;
    4813 : F3F3F3;
    4814 : 707070;
    4815 : 222222;
    4816 : 1E1E1E;
    4817 : 464646;
    4818 : 8D8D8D;
    4819 : D6D6D6;
    481A : 626262;
    481B : 191919;
    481C : 393939;
    481D : 343434;
    481E : 353535;
    481F : 2C2C2C;
    4820 : 313131;
    4821 : 2B2B2B;
    4822 : 262626;
    4823 : 272727;
    4824 : 2F2F2F;
    4825 : 353535;
    4826 : 333333;
    4827 : 2E2E2E;
    4828 : 333333;
    4829 : 1F1F1F;
    482A : 232323;
    482B : 282828;
    482C : 242424;
    482D : 121212;
    482E : 373737;
    482F : 383838;
    4830 : 404040;
    4831 : 353535;
    4832 : 2F2F2F;
    4833 : 343434;
    4834 : 3A3A3A;
    4835 : 3B3B3B;
    4836 : 3C3A3B;
    4837 : 3E3C3D;
    4838 : 201E1F;
    4839 : 1C1A1B;
    483A : 1E1A1B;
    483B : 242021;
    483C : 252122;
    483D : 221E1F;
    483E : 221C1E;
    483F : 231F1E;
    4840 : 211D1A;
    4841 : 1E1D18;
    4842 : 1C1B17;
    4843 : 1A1915;
    4844 : 191814;
    4845 : 191814;
    4846 : 1A1917;
    4847 : 1A1917;
    4848 : 21201E;
    4849 : 1E1D1B;
    484A : 1A1819;
    484B : 161415;
    484C : 131112;
    484D : 100E0F;
    484E : 0F0D0E;
    484F : 0F0D0E;
    4850 : 111111;
    4851 : 111111;
    4852 : 1B1B1B;
    4853 : 2B2B2B;
    4854 : 313131;
    4855 : 2D2D2D;
    4856 : 2C2C2C;
    4857 : 313131;
    4858 : 2A2A2A;
    4859 : 3A3A3A;
    485A : 272727;
    485B : 363636;
    485C : 4B4B4B;
    485D : 848484;
    485E : 878787;
    485F : 8C8C8C;
    4860 : B5B5B5;
    4861 : 7F7F7F;
    4862 : 969696;
    4863 : EDEDED;
    4864 : C8C8C8;
    4865 : 7D7D7D;
    4866 : 212121;
    4867 : 383838;
    4868 : 3F3F3F;
    4869 : 292929;
    486A : 232323;
    486B : 2C2C2C;
    486C : 393939;
    486D : 373737;
    486E : 343434;
    486F : 2D2D2D;
    4870 : 1A1A1A;
    4871 : 353535;
    4872 : 353535;
    4873 : 454545;
    4874 : FDFDFD;
    4875 : 5E5E5E;
    4876 : CBCBCB;
    4877 : D4D4D4;
    4878 : 131313;
    4879 : B7B7B7;
    487A : 585858;
    487B : 777777;
    487C : FCFCFC;
    487D : F1F1F1;
    487E : F5F5F5;
    487F : F1F1F1;
    4880 : F2F2F2;
    4881 : F2F2F2;
    4882 : F2F2F2;
    4883 : F2F2F2;
    4884 : F2F2F2;
    4885 : F2F2F2;
    4886 : F2F2F2;
    4887 : F2F2F2;
    4888 : F2F2F2;
    4889 : F2F2F2;
    488A : F2F2F2;
    488B : F2F2F2;
    488C : F2F2F2;
    488D : F2F2F2;
    488E : F2F2F2;
    488F : F2F2F2;
    4890 : F2F2F2;
    4891 : F2F2F2;
    4892 : F2F2F2;
    4893 : F2F2F2;
    4894 : F2F2F2;
    4895 : F2F2F2;
    4896 : F2F2F2;
    4897 : F2F2F2;
    4898 : F2F2F2;
    4899 : F2F2F2;
    489A : F2F2F2;
    489B : F2F2F2;
    489C : F2F2F2;
    489D : F2F2F2;
    489E : F2F2F2;
    489F : F2F2F2;
    48A0 : F2F2F2;
    48A1 : F2F2F2;
    48A2 : F2F2F2;
    48A3 : F2F2F2;
    48A4 : F2F2F2;
    48A5 : F2F2F2;
    48A6 : F2F2F2;
    48A7 : F2F2F2;
    48A8 : F2F2F2;
    48A9 : F2F2F2;
    48AA : F2F2F2;
    48AB : F2F2F2;
    48AC : F2F2F2;
    48AD : F2F2F2;
    48AE : F2F2F2;
    48AF : F2F2F2;
    48B0 : F2F2F2;
    48B1 : F2F2F2;
    48B2 : F2F2F2;
    48B3 : F2F2F2;
    48B4 : F2F2F2;
    48B5 : F2F2F2;
    48B6 : F2F2F2;
    48B7 : F2F2F2;
    48B8 : F2F2F2;
    48B9 : F2F2F2;
    48BA : F2F2F2;
    48BB : F2F2F2;
    48BC : F2F2F2;
    48BD : F2F2F2;
    48BE : F2F2F2;
    48BF : F2F2F2;
    48C0 : F2F2F2;
    48C1 : F2F2F2;
    48C2 : F2F2F2;
    48C3 : F2F2F2;
    48C4 : F2F2F2;
    48C5 : F2F2F2;
    48C6 : F2F2F2;
    48C7 : F2F2F2;
    48C8 : F2F2F2;
    48C9 : F2F2F2;
    48CA : F2F2F2;
    48CB : F2F2F2;
    48CC : F2F2F2;
    48CD : F2F2F2;
    48CE : F2F2F2;
    48CF : F2F2F2;
    48D0 : EEEEEE;
    48D1 : F9F9F9;
    48D2 : E9E9E9;
    48D3 : F8F8F8;
    48D4 : F5F5F5;
    48D5 : 464646;
    48D6 : 000000;
    48D7 : ADADAD;
    48D8 : FFFFFF;
    48D9 : 212121;
    48DA : A7A7A7;
    48DB : F6F6F6;
    48DC : F4F4F4;
    48DD : 292929;
    48DE : 686868;
    48DF : EEEEEE;
    48E0 : FFFFFF;
    48E1 : FFFFFF;
    48E2 : C3C3C3;
    48E3 : 4B4B4B;
    48E4 : 343434;
    48E5 : 373737;
    48E6 : 1E1E1E;
    48E7 : 373737;
    48E8 : 313131;
    48E9 : 2C2C2C;
    48EA : 262626;
    48EB : 262626;
    48EC : 2D2D2D;
    48ED : 353535;
    48EE : 353535;
    48EF : 303030;
    48F0 : 323232;
    48F1 : 202020;
    48F2 : 262626;
    48F3 : 2C2C2C;
    48F4 : 282828;
    48F5 : 181818;
    48F6 : 3C3C3C;
    48F7 : 3A3A3A;
    48F8 : 3C3C3C;
    48F9 : 363636;
    48FA : 323232;
    48FB : 333333;
    48FC : 353535;
    48FD : 363636;
    48FE : 3A3839;
    48FF : 3D3B3C;
    4900 : 2D2B2C;
    4901 : 211F20;
    4902 : 1C1819;
    4903 : 221E1F;
    4904 : 262223;
    4905 : 231F20;
    4906 : 231D1F;
    4907 : 252120;
    4908 : 231F1C;
    4909 : 21201B;
    490A : 201F1B;
    490B : 1F1E1A;
    490C : 1E1D19;
    490D : 1D1C18;
    490E : 1C1B19;
    490F : 1B1A18;
    4910 : 201F1D;
    4911 : 1D1C1A;
    4912 : 181617;
    4913 : 141213;
    4914 : 110F10;
    4915 : 110F10;
    4916 : 121011;
    4917 : 131112;
    4918 : 0E0E0E;
    4919 : 151515;
    491A : 222222;
    491B : 2F2F2F;
    491C : 343434;
    491D : 333333;
    491E : 353535;
    491F : 393939;
    4920 : 353535;
    4921 : 343434;
    4922 : 383838;
    4923 : 404040;
    4924 : 5E5E5E;
    4925 : 686868;
    4926 : 7E7E7E;
    4927 : 959595;
    4928 : ADADAD;
    4929 : 797979;
    492A : 898989;
    492B : E5E5E5;
    492C : F5F5F5;
    492D : F1F1F1;
    492E : 818181;
    492F : 282828;
    4930 : 383838;
    4931 : 262626;
    4932 : 2C2C2C;
    4933 : 2F2F2F;
    4934 : 383838;
    4935 : 353535;
    4936 : 3A3A3A;
    4937 : 2E2E2E;
    4938 : 1F1F1F;
    4939 : 2A2A2A;
    493A : 323232;
    493B : E3E3E3;
    493C : E6E6E6;
    493D : D3D3D3;
    493E : C6C6C6;
    493F : FFFFFF;
    4940 : 606060;
    4941 : 292929;
    4942 : C5C5C5;
    4943 : 161616;
    4944 : B6B6B6;
    4945 : FFFFFF;
    4946 : E3E3E3;
    4947 : F0F0F0;
    4948 : F2F2F2;
    4949 : F2F2F2;
    494A : F2F2F2;
    494B : F2F2F2;
    494C : F2F2F2;
    494D : F2F2F2;
    494E : F2F2F2;
    494F : F2F2F2;
    4950 : F2F2F2;
    4951 : F2F2F2;
    4952 : F2F2F2;
    4953 : F2F2F2;
    4954 : F2F2F2;
    4955 : F2F2F2;
    4956 : F2F2F2;
    4957 : F2F2F2;
    4958 : F2F2F2;
    4959 : F2F2F2;
    495A : F2F2F2;
    495B : F2F2F2;
    495C : F2F2F2;
    495D : F2F2F2;
    495E : F2F2F2;
    495F : F2F2F2;
    4960 : F2F2F2;
    4961 : F2F2F2;
    4962 : F2F2F2;
    4963 : F2F2F2;
    4964 : F2F2F2;
    4965 : F2F2F2;
    4966 : F2F2F2;
    4967 : F2F2F2;
    4968 : F2F2F2;
    4969 : F2F2F2;
    496A : F2F2F2;
    496B : F2F2F2;
    496C : F2F2F2;
    496D : F2F2F2;
    496E : F2F2F2;
    496F : F2F2F2;
    4970 : F2F2F2;
    4971 : F2F2F2;
    4972 : F2F2F2;
    4973 : F2F2F2;
    4974 : F2F2F2;
    4975 : F2F2F2;
    4976 : F2F2F2;
    4977 : F2F2F2;
    4978 : F2F2F2;
    4979 : F2F2F2;
    497A : F2F2F2;
    497B : F2F2F2;
    497C : F2F2F2;
    497D : F2F2F2;
    497E : F2F2F2;
    497F : F2F2F2;
    4980 : F2F2F2;
    4981 : F2F2F2;
    4982 : F2F2F2;
    4983 : F2F2F2;
    4984 : F2F2F2;
    4985 : F2F2F2;
    4986 : F2F2F2;
    4987 : F2F2F2;
    4988 : F2F2F2;
    4989 : F2F2F2;
    498A : F2F2F2;
    498B : F2F2F2;
    498C : F2F2F2;
    498D : F2F2F2;
    498E : F2F2F2;
    498F : F2F2F2;
    4990 : F2F2F2;
    4991 : F2F2F2;
    4992 : F2F2F2;
    4993 : F2F2F2;
    4994 : F2F2F2;
    4995 : F2F2F2;
    4996 : F2F2F2;
    4997 : F2F2F2;
    4998 : F5F5F5;
    4999 : F1F1F1;
    499A : EFEFEF;
    499B : EDEDED;
    499C : 8C8C8C;
    499D : 0C0C0C;
    499E : 8D8D8D;
    499F : BEBEBE;
    49A0 : 999999;
    49A1 : 262626;
    49A2 : 3E3E3E;
    49A3 : F9F9F9;
    49A4 : F4F4F4;
    49A5 : 7C7C7C;
    49A6 : FFFFFF;
    49A7 : FEFEFE;
    49A8 : CCCCCC;
    49A9 : 7A7A7A;
    49AA : 7D7D7D;
    49AB : 5F5F5F;
    49AC : 272727;
    49AD : 282828;
    49AE : 2B2B2B;
    49AF : 3D3D3D;
    49B0 : 2F2F2F;
    49B1 : 2D2D2D;
    49B2 : 282828;
    49B3 : 252525;
    49B4 : 2B2B2B;
    49B5 : 343434;
    49B6 : 363636;
    49B7 : 323232;
    49B8 : 2E2E2E;
    49B9 : 202020;
    49BA : 282828;
    49BB : 2E2E2E;
    49BC : 292929;
    49BD : 1A1A1A;
    49BE : 3D3D3D;
    49BF : 3B3B3B;
    49C0 : 303030;
    49C1 : 353535;
    49C2 : 383838;
    49C3 : 363636;
    49C4 : 343434;
    49C5 : 363636;
    49C6 : 393738;
    49C7 : 3A3839;
    49C8 : 3A3839;
    49C9 : 262425;
    49CA : 1A1617;
    49CB : 1F1B1C;
    49CC : 262223;
    49CD : 252122;
    49CE : 241E20;
    49CF : 252120;
    49D0 : 221E1B;
    49D1 : 21201B;
    49D2 : 22211D;
    49D3 : 22211D;
    49D4 : 201F1B;
    49D5 : 1E1D19;
    49D6 : 1B1A18;
    49D7 : 1A1917;
    49D8 : 181715;
    49D9 : 171614;
    49DA : 151314;
    49DB : 141213;
    49DC : 141213;
    49DD : 151314;
    49DE : 161415;
    49DF : 171516;
    49E0 : 0D0D0D;
    49E1 : 1C1C1C;
    49E2 : 2C2C2C;
    49E3 : 323232;
    49E4 : 343434;
    49E5 : 353535;
    49E6 : 363636;
    49E7 : 353535;
    49E8 : 2E2E2E;
    49E9 : 404040;
    49EA : 404040;
    49EB : 444444;
    49EC : 7D7D7D;
    49ED : AAAAAA;
    49EE : 959595;
    49EF : 616161;
    49F0 : 7C7C7C;
    49F1 : 959595;
    49F2 : ACACAC;
    49F3 : C7C7C7;
    49F4 : CCCCCC;
    49F5 : EEEEEE;
    49F6 : ECECEC;
    49F7 : 5B5B5B;
    49F8 : 2A2A2A;
    49F9 : 222222;
    49FA : 373737;
    49FB : 333333;
    49FC : 383838;
    49FD : 333333;
    49FE : 3E3E3E;
    49FF : 292929;
    4A00 : 313131;
    4A01 : 121212;
    4A02 : 9A9A9A;
    4A03 : CCCCCC;
    4A04 : 8D8D8D;
    4A05 : D1D1D1;
    4A06 : 5F5F5F;
    4A07 : EAEAEA;
    4A08 : BBBBBB;
    4A09 : 484848;
    4A0A : B6B6B6;
    4A0B : C9C9C9;
    4A0C : 515151;
    4A0D : E7E7E7;
    4A0E : EAEAEA;
    4A0F : FFFFFF;
    4A10 : F2F2F2;
    4A11 : F2F2F2;
    4A12 : F2F2F2;
    4A13 : F2F2F2;
    4A14 : F2F2F2;
    4A15 : F2F2F2;
    4A16 : F2F2F2;
    4A17 : F2F2F2;
    4A18 : F2F2F2;
    4A19 : F2F2F2;
    4A1A : F2F2F2;
    4A1B : F2F2F2;
    4A1C : F2F2F2;
    4A1D : F2F2F2;
    4A1E : F2F2F2;
    4A1F : F2F2F2;
    4A20 : F2F2F2;
    4A21 : F2F2F2;
    4A22 : F2F2F2;
    4A23 : F2F2F2;
    4A24 : F2F2F2;
    4A25 : F2F2F2;
    4A26 : F2F2F2;
    4A27 : F2F2F2;
    4A28 : F2F2F2;
    4A29 : F2F2F2;
    4A2A : F2F2F2;
    4A2B : F2F2F2;
    4A2C : F2F2F2;
    4A2D : F2F2F2;
    4A2E : F2F2F2;
    4A2F : F2F2F2;
    4A30 : F2F2F2;
    4A31 : F2F2F2;
    4A32 : F2F2F2;
    4A33 : F2F2F2;
    4A34 : F2F2F2;
    4A35 : F2F2F2;
    4A36 : F2F2F2;
    4A37 : F2F2F2;
    4A38 : F2F2F2;
    4A39 : F2F2F2;
    4A3A : F2F2F2;
    4A3B : F2F2F2;
    4A3C : F2F2F2;
    4A3D : F2F2F2;
    4A3E : F2F2F2;
    4A3F : F2F2F2;
    4A40 : F2F2F2;
    4A41 : F2F2F2;
    4A42 : F2F2F2;
    4A43 : F2F2F2;
    4A44 : F2F2F2;
    4A45 : F2F2F2;
    4A46 : F2F2F2;
    4A47 : F2F2F2;
    4A48 : F2F2F2;
    4A49 : F2F2F2;
    4A4A : F2F2F2;
    4A4B : F2F2F2;
    4A4C : F2F2F2;
    4A4D : F2F2F2;
    4A4E : F2F2F2;
    4A4F : F2F2F2;
    4A50 : F2F2F2;
    4A51 : F2F2F2;
    4A52 : F2F2F2;
    4A53 : F2F2F2;
    4A54 : F2F2F2;
    4A55 : F2F2F2;
    4A56 : F2F2F2;
    4A57 : F2F2F2;
    4A58 : F2F2F2;
    4A59 : F2F2F2;
    4A5A : F2F2F2;
    4A5B : F2F2F2;
    4A5C : F2F2F2;
    4A5D : F2F2F2;
    4A5E : F2F2F2;
    4A5F : F2F2F2;
    4A60 : F3F3F3;
    4A61 : EAEAEA;
    4A62 : FFFFFF;
    4A63 : CCCCCC;
    4A64 : 020202;
    4A65 : 909090;
    4A66 : FFFFFF;
    4A67 : B7B7B7;
    4A68 : DADADA;
    4A69 : A7A7A7;
    4A6A : 7D7D7D;
    4A6B : FEFEFE;
    4A6C : C0C0C0;
    4A6D : B0B0B0;
    4A6E : FDFDFD;
    4A6F : EDEDED;
    4A70 : 515151;
    4A71 : 191919;
    4A72 : 1F1F1F;
    4A73 : 444444;
    4A74 : 353535;
    4A75 : 2A2A2A;
    4A76 : 353535;
    4A77 : 262626;
    4A78 : 2E2E2E;
    4A79 : 2E2E2E;
    4A7A : 292929;
    4A7B : 252525;
    4A7C : 292929;
    4A7D : 333333;
    4A7E : 373737;
    4A7F : 333333;
    4A80 : 282828;
    4A81 : 1D1D1D;
    4A82 : 272727;
    4A83 : 2D2D2D;
    4A84 : 282828;
    4A85 : 181818;
    4A86 : 3C3C3C;
    4A87 : 39393B;
    4A88 : 26272B;
    4A89 : 333438;
    4A8A : 3C3D3F;
    4A8B : 393B3A;
    4A8C : 353734;
    4A8D : 363835;
    4A8E : 373936;
    4A8F : 353734;
    4A90 : 3F4440;
    4A91 : 282A29;
    4A92 : 151618;
    4A93 : 1A1A1C;
    4A94 : 242225;
    4A95 : 262125;
    4A96 : 271E23;
    4A97 : 291E24;
    4A98 : 23181C;
    4A99 : 251B1C;
    4A9A : 251C1F;
    4A9B : 241E20;
    4A9C : 221E1D;
    4A9D : 1C1B19;
    4A9E : 191718;
    4A9F : 161415;
    4AA0 : 110F10;
    4AA1 : 121011;
    4AA2 : 151112;
    4AA3 : 181415;
    4AA4 : 191516;
    4AA5 : 191718;
    4AA6 : 1A1819;
    4AA7 : 1A1819;
    4AA8 : 0D0D0D;
    4AA9 : 222222;
    4AAA : 333333;
    4AAB : 343434;
    4AAC : 313131;
    4AAD : 323232;
    4AAE : 303030;
    4AAF : 2A2A2A;
    4AB0 : 373737;
    4AB1 : 363636;
    4AB2 : 3C3C3C;
    4AB3 : 909090;
    4AB4 : 888888;
    4AB5 : 7A7A7A;
    4AB6 : 595959;
    4AB7 : 848484;
    4AB8 : 727272;
    4AB9 : 7A7A7A;
    4ABA : 9D9D9D;
    4ABB : E2E2E2;
    4ABC : E7E7E7;
    4ABD : BBBBBB;
    4ABE : FFFFFF;
    4ABF : 8D8D8D;
    4AC0 : 1F1F1F;
    4AC1 : 1F1F1F;
    4AC2 : 3E3E3E;
    4AC3 : 373737;
    4AC4 : 393939;
    4AC5 : 323232;
    4AC6 : 3E3E3E;
    4AC7 : 242424;
    4AC8 : 181818;
    4AC9 : 3C3C3C;
    4ACA : A8A8A8;
    4ACB : BBBBBB;
    4ACC : 969696;
    4ACD : 4A4A4A;
    4ACE : 646464;
    4ACF : 989898;
    4AD0 : FFFFFF;
    4AD1 : F3F3F3;
    4AD2 : C8C8C8;
    4AD3 : B9B9B9;
    4AD4 : 898989;
    4AD5 : 7A7A7A;
    4AD6 : FFFFFF;
    4AD7 : E6E6E6;
    4AD8 : F2F2F2;
    4AD9 : F2F2F2;
    4ADA : F2F2F2;
    4ADB : F2F2F2;
    4ADC : F2F2F2;
    4ADD : F2F2F2;
    4ADE : F2F2F2;
    4ADF : F2F2F2;
    4AE0 : F2F2F2;
    4AE1 : F2F2F2;
    4AE2 : F2F2F2;
    4AE3 : F2F2F2;
    4AE4 : F2F2F2;
    4AE5 : F2F2F2;
    4AE6 : F2F2F2;
    4AE7 : F2F2F2;
    4AE8 : F2F2F2;
    4AE9 : F2F2F2;
    4AEA : F2F2F2;
    4AEB : F2F2F2;
    4AEC : F2F2F2;
    4AED : F2F2F2;
    4AEE : F2F2F2;
    4AEF : F2F2F2;
    4AF0 : F2F2F2;
    4AF1 : F2F2F2;
    4AF2 : F2F2F2;
    4AF3 : F2F2F2;
    4AF4 : F2F2F2;
    4AF5 : F2F2F2;
    4AF6 : F2F2F2;
    4AF7 : F2F2F2;
    4AF8 : F2F2F2;
    4AF9 : F2F2F2;
    4AFA : F2F2F2;
    4AFB : F2F2F2;
    4AFC : F2F2F2;
    4AFD : F2F2F2;
    4AFE : F2F2F2;
    4AFF : F2F2F2;
    4B00 : F2F2F2;
    4B01 : F2F2F2;
    4B02 : F2F2F2;
    4B03 : F2F2F2;
    4B04 : F2F2F2;
    4B05 : F2F2F2;
    4B06 : F2F2F2;
    4B07 : F2F2F2;
    4B08 : F2F2F2;
    4B09 : F2F2F2;
    4B0A : F2F2F2;
    4B0B : F2F2F2;
    4B0C : F2F2F2;
    4B0D : F2F2F2;
    4B0E : F2F2F2;
    4B0F : F2F2F2;
    4B10 : F2F2F2;
    4B11 : F2F2F2;
    4B12 : F2F2F2;
    4B13 : F2F2F2;
    4B14 : F2F2F2;
    4B15 : F2F2F2;
    4B16 : F2F2F2;
    4B17 : F2F2F2;
    4B18 : F2F2F2;
    4B19 : F2F2F2;
    4B1A : F2F2F2;
    4B1B : F2F2F2;
    4B1C : F2F2F2;
    4B1D : F2F2F2;
    4B1E : F2F2F2;
    4B1F : F2F2F2;
    4B20 : F2F2F2;
    4B21 : F2F2F2;
    4B22 : F2F2F2;
    4B23 : F2F2F2;
    4B24 : F2F2F2;
    4B25 : F2F2F2;
    4B26 : F2F2F2;
    4B27 : F2F2F2;
    4B28 : EDEDED;
    4B29 : F5F5F5;
    4B2A : FFFFFF;
    4B2B : 4B4B4B;
    4B2C : 060606;
    4B2D : 5F5F5F;
    4B2E : 757575;
    4B2F : 3D3D3D;
    4B30 : F5F5F5;
    4B31 : FFFFFF;
    4B32 : FFFFFF;
    4B33 : E3E3E3;
    4B34 : 494949;
    4B35 : C7C7C7;
    4B36 : FBFBFB;
    4B37 : C9C9C9;
    4B38 : 161616;
    4B39 : 404040;
    4B3A : 292929;
    4B3B : 202020;
    4B3C : 2E2E2E;
    4B3D : 3C3C3C;
    4B3E : 262626;
    4B3F : 2F2F2F;
    4B40 : 2A2A2A;
    4B41 : 2B2B2B;
    4B42 : 252525;
    4B43 : 1E1E1E;
    4B44 : 252525;
    4B45 : 353535;
    4B46 : 393939;
    4B47 : 333333;
    4B48 : 262626;
    4B49 : 272727;
    4B4A : 2E2E2E;
    4B4B : 2D2D2D;
    4B4C : 252525;
    4B4D : 282828;
    4B4E : 2C2C2C;
    4B4F : 242529;
    4B50 : 242831;
    4B51 : 30343D;
    4B52 : 464B4F;
    4B53 : 444847;
    4B54 : 343933;
    4B55 : 31392E;
    4B56 : 2E382D;
    4B57 : 29372A;
    4B58 : 2F3F35;
    4B59 : 283732;
    4B5A : 232F2F;
    4B5B : 141C1F;
    4B5C : 1F1E26;
    4B5D : 2B232E;
    4B5E : 21141E;
    4B5F : 2D1925;
    4B60 : 2F1425;
    4B61 : 2E1324;
    4B62 : 291521;
    4B63 : 22151F;
    4B64 : 1C151C;
    4B65 : 18161B;
    4B66 : 151517;
    4B67 : 141416;
    4B68 : 232124;
    4B69 : 221D21;
    4B6A : 1E181C;
    4B6B : 1C161A;
    4B6C : 1D171B;
    4B6D : 1D181C;
    4B6E : 1B191C;
    4B6F : 1A1A1C;
    4B70 : 101010;
    4B71 : 353535;
    4B72 : 343434;
    4B73 : 242424;
    4B74 : 333333;
    4B75 : 363636;
    4B76 : 292929;
    4B77 : 2F2F2F;
    4B78 : 363636;
    4B79 : 282828;
    4B7A : 4E4E4E;
    4B7B : 969696;
    4B7C : 828282;
    4B7D : ACACAC;
    4B7E : 8A8A8A;
    4B7F : 646464;
    4B80 : 969696;
    4B81 : 8A8A8A;
    4B82 : 949494;
    4B83 : D9D9D9;
    4B84 : EBEBEB;
    4B85 : DCDCDC;
    4B86 : FEFEFE;
    4B87 : 989898;
    4B88 : 070707;
    4B89 : 3B3B3B;
    4B8A : 343434;
    4B8B : 2F2F2F;
    4B8C : 373737;
    4B8D : 3E3E3E;
    4B8E : 242424;
    4B8F : 323232;
    4B90 : 6F6F6F;
    4B91 : 2B2B2B;
    4B92 : AEAEAE;
    4B93 : 808080;
    4B94 : 252525;
    4B95 : EFEFEF;
    4B96 : E5E5E5;
    4B97 : 393939;
    4B98 : 969696;
    4B99 : FFFFFF;
    4B9A : C6C6C6;
    4B9B : 3E3E3E;
    4B9C : 484848;
    4B9D : 4A4A4A;
    4B9E : FFFFFF;
    4B9F : E5E5E5;
    4BA0 : EFEFEF;
    4BA1 : EFEFEF;
    4BA2 : F1F1F1;
    4BA3 : F3F3F3;
    4BA4 : F6F6F6;
    4BA5 : F6F6F6;
    4BA6 : F3F3F3;
    4BA7 : F0F0F0;
    4BA8 : F2F2F2;
    4BA9 : F2F2F2;
    4BAA : F2F2F2;
    4BAB : F2F2F2;
    4BAC : F2F2F2;
    4BAD : F2F2F2;
    4BAE : F2F2F2;
    4BAF : F2F2F2;
    4BB0 : F2F2F2;
    4BB1 : F2F2F2;
    4BB2 : F2F2F2;
    4BB3 : F2F2F2;
    4BB4 : F2F2F2;
    4BB5 : F2F2F2;
    4BB6 : F2F2F2;
    4BB7 : F2F2F2;
    4BB8 : F2F2F2;
    4BB9 : F2F2F2;
    4BBA : F2F2F2;
    4BBB : F2F2F2;
    4BBC : F2F2F2;
    4BBD : F2F2F2;
    4BBE : F2F2F2;
    4BBF : F2F2F2;
    4BC0 : F2F2F2;
    4BC1 : F2F2F2;
    4BC2 : F2F2F2;
    4BC3 : F2F2F2;
    4BC4 : F2F2F2;
    4BC5 : F2F2F2;
    4BC6 : F2F2F2;
    4BC7 : F2F2F2;
    4BC8 : F2F2F2;
    4BC9 : F2F2F2;
    4BCA : F2F2F2;
    4BCB : F2F2F2;
    4BCC : F2F2F2;
    4BCD : F2F2F2;
    4BCE : F2F2F2;
    4BCF : F2F2F2;
    4BD0 : F2F2F2;
    4BD1 : F2F2F2;
    4BD2 : F2F2F2;
    4BD3 : F2F2F2;
    4BD4 : F2F2F2;
    4BD5 : F2F2F2;
    4BD6 : F2F2F2;
    4BD7 : F2F2F2;
    4BD8 : F2F2F2;
    4BD9 : F2F2F2;
    4BDA : F2F2F2;
    4BDB : F2F2F2;
    4BDC : F2F2F2;
    4BDD : F2F2F2;
    4BDE : F2F2F2;
    4BDF : F2F2F2;
    4BE0 : F2F2F2;
    4BE1 : F2F2F2;
    4BE2 : F2F2F2;
    4BE3 : F2F2F2;
    4BE4 : F2F2F2;
    4BE5 : F2F2F2;
    4BE6 : F2F2F2;
    4BE7 : F2F2F2;
    4BE8 : F2F2F2;
    4BE9 : F2F2F2;
    4BEA : F2F2F2;
    4BEB : F2F2F2;
    4BEC : F2F2F2;
    4BED : F2F2F2;
    4BEE : F2F2F2;
    4BEF : F2F2F2;
    4BF0 : F0F0F0;
    4BF1 : F2F2F2;
    4BF2 : CBCBCB;
    4BF3 : 1B1B1B;
    4BF4 : 030303;
    4BF5 : 181818;
    4BF6 : 272727;
    4BF7 : 272727;
    4BF8 : 5A5A5A;
    4BF9 : 838383;
    4BFA : 777777;
    4BFB : 4C4C4C;
    4BFC : 292929;
    4BFD : C1C1C1;
    4BFE : FFFFFF;
    4BFF : D3D3D3;
    4C00 : 606060;
    4C01 : 161616;
    4C02 : 222222;
    4C03 : 5A5A5A;
    4C04 : 5F5F5F;
    4C05 : 161616;
    4C06 : 303030;
    4C07 : 3B3B3B;
    4C08 : 2E2E2E;
    4C09 : 2F2F2F;
    4C0A : 292929;
    4C0B : 222222;
    4C0C : 282828;
    4C0D : 363636;
    4C0E : 393939;
    4C0F : 333333;
    4C10 : 2D2D2D;
    4C11 : 2C2C2C;
    4C12 : 313131;
    4C13 : 2E2E2E;
    4C14 : 242424;
    4C15 : 272727;
    4C16 : 2B2B2B;
    4C17 : 232428;
    4C18 : 30343F;
    4C19 : 3A3E4A;
    4C1A : 212429;
    4C1B : 363636;
    4C1C : 44433E;
    4C1D : 34362B;
    4C1E : 3B3E33;
    4C1F : 283025;
    4C20 : 3D4840;
    4C21 : 33423F;
    4C22 : 273536;
    4C23 : 121D21;
    4C24 : 1B2026;
    4C25 : 2A2B30;
    4C26 : 221D23;
    4C27 : 2A1E28;
    4C28 : 321D2C;
    4C29 : 321D2E;
    4C2A : 2C1E2D;
    4C2B : 28202B;
    4C2C : 242329;
    4C2D : 232428;
    4C2E : 212528;
    4C2F : 232426;
    4C30 : 1D181C;
    4C31 : 1E181C;
    4C32 : 22171D;
    4C33 : 251A20;
    4C34 : 281D23;
    4C35 : 261D22;
    4C36 : 1F191D;
    4C37 : 181619;
    4C38 : 1A1819;
    4C39 : 484848;
    4C3A : 343434;
    4C3B : 424242;
    4C3C : 252525;
    4C3D : 393939;
    4C3E : 2B2B2B;
    4C3F : 3D3D3D;
    4C40 : 353535;
    4C41 : 1F1F1F;
    4C42 : 3F3F3F;
    4C43 : 555555;
    4C44 : 515151;
    4C45 : 6A6A6A;
    4C46 : 6D6D6D;
    4C47 : 5D5D5D;
    4C48 : 707070;
    4C49 : 737373;
    4C4A : 8A8A8A;
    4C4B : B5B5B5;
    4C4C : B6B6B6;
    4C4D : A1A1A1;
    4C4E : BEBEBE;
    4C4F : 777777;
    4C50 : 202020;
    4C51 : 353535;
    4C52 : 333333;
    4C53 : 454545;
    4C54 : 3D3D3D;
    4C55 : 303030;
    4C56 : 363636;
    4C57 : 787878;
    4C58 : 9F9F9F;
    4C59 : C8C8C8;
    4C5A : A1A1A1;
    4C5B : 212121;
    4C5C : C2C2C2;
    4C5D : F3F3F3;
    4C5E : C9C9C9;
    4C5F : 2C2C2C;
    4C60 : 353535;
    4C61 : 535353;
    4C62 : 373737;
    4C63 : 333333;
    4C64 : 272727;
    4C65 : 0B0B0B;
    4C66 : B4B4B4;
    4C67 : FFFFFF;
    4C68 : F1F1F1;
    4C69 : F0F0F0;
    4C6A : F1F1F1;
    4C6B : F2F2F2;
    4C6C : F4F4F4;
    4C6D : F4F4F4;
    4C6E : F2F2F2;
    4C6F : F0F0F0;
    4C70 : F2F2F2;
    4C71 : F2F2F2;
    4C72 : F2F2F2;
    4C73 : F2F2F2;
    4C74 : F2F2F2;
    4C75 : F2F2F2;
    4C76 : F2F2F2;
    4C77 : F2F2F2;
    4C78 : F2F2F2;
    4C79 : F2F2F2;
    4C7A : F2F2F2;
    4C7B : F2F2F2;
    4C7C : F2F2F2;
    4C7D : F2F2F2;
    4C7E : F2F2F2;
    4C7F : F2F2F2;
    4C80 : F2F2F2;
    4C81 : F2F2F2;
    4C82 : F2F2F2;
    4C83 : F2F2F2;
    4C84 : F2F2F2;
    4C85 : F2F2F2;
    4C86 : F2F2F2;
    4C87 : F2F2F2;
    4C88 : F2F2F2;
    4C89 : F2F2F2;
    4C8A : F2F2F2;
    4C8B : F2F2F2;
    4C8C : F2F2F2;
    4C8D : F2F2F2;
    4C8E : F2F2F2;
    4C8F : F2F2F2;
    4C90 : F2F2F2;
    4C91 : F2F2F2;
    4C92 : F2F2F2;
    4C93 : F2F2F2;
    4C94 : F2F2F2;
    4C95 : F2F2F2;
    4C96 : F2F2F2;
    4C97 : F2F2F2;
    4C98 : F2F2F2;
    4C99 : F2F2F2;
    4C9A : F2F2F2;
    4C9B : F2F2F2;
    4C9C : F2F2F2;
    4C9D : F2F2F2;
    4C9E : F2F2F2;
    4C9F : F2F2F2;
    4CA0 : F2F2F2;
    4CA1 : F2F2F2;
    4CA2 : F2F2F2;
    4CA3 : F2F2F2;
    4CA4 : F2F2F2;
    4CA5 : F2F2F2;
    4CA6 : F2F2F2;
    4CA7 : F2F2F2;
    4CA8 : F2F2F2;
    4CA9 : F2F2F2;
    4CAA : F2F2F2;
    4CAB : F2F2F2;
    4CAC : F2F2F2;
    4CAD : F2F2F2;
    4CAE : F2F2F2;
    4CAF : F2F2F2;
    4CB0 : F2F2F2;
    4CB1 : F2F2F2;
    4CB2 : F2F2F2;
    4CB3 : F2F2F2;
    4CB4 : F2F2F2;
    4CB5 : F2F2F2;
    4CB6 : F2F2F2;
    4CB7 : F2F2F2;
    4CB8 : F3F3F3;
    4CB9 : FFFFFF;
    4CBA : A3A3A3;
    4CBB : 010101;
    4CBC : 1F1F1F;
    4CBD : 020202;
    4CBE : 070707;
    4CBF : 2C2C2C;
    4CC0 : 2C2C2C;
    4CC1 : 1E1E1E;
    4CC2 : 2F2F2F;
    4CC3 : 232323;
    4CC4 : 1F1F1F;
    4CC5 : 858585;
    4CC6 : FAFAFA;
    4CC7 : FFFFFF;
    4CC8 : E7E7E7;
    4CC9 : CCCCCC;
    4CCA : C2C2C2;
    4CCB : FFFFFF;
    4CCC : BABABA;
    4CCD : 333333;
    4CCE : 222222;
    4CCF : 3F3F3F;
    4CD0 : 2A2A2A;
    4CD1 : 2B2B2B;
    4CD2 : 272727;
    4CD3 : 232323;
    4CD4 : 292929;
    4CD5 : 353535;
    4CD6 : 393939;
    4CD7 : 343434;
    4CD8 : 2D2D2D;
    4CD9 : 2B2B2B;
    4CDA : 2E2E2E;
    4CDB : 2A2A2A;
    4CDC : 212121;
    4CDD : 252525;
    4CDE : 2B2B2B;
    4CDF : 232428;
    4CE0 : 02050E;
    4CE1 : 363640;
    4CE2 : 353037;
    4CE3 : 302529;
    4CE4 : 3B2B2B;
    4CE5 : 463432;
    4CE6 : 4C3D3A;
    4CE7 : 322725;
    4CE8 : 373131;
    4CE9 : 343537;
    4CEA : 283033;
    4CEB : 0A1819;
    4CEC : 0F1F1E;
    4CED : 20332D;
    4CEE : 172820;
    4CEF : 182720;
    4CF0 : 1A1F22;
    4CF1 : 1A1F23;
    4CF2 : 172123;
    4CF3 : 162222;
    4CF4 : 142222;
    4CF5 : 162220;
    4CF6 : 182120;
    4CF7 : 1D1F1E;
    4CF8 : 211D1E;
    4CF9 : 24191D;
    4CFA : 27161E;
    4CFB : 2A161F;
    4CFC : 2C1823;
    4CFD : 271620;
    4CFE : 1F0F19;
    4CFF : 150B13;
    4D00 : 292428;
    4D01 : 3C3C3C;
    4D02 : 3E3E3E;
    4D03 : 3A3A3A;
    4D04 : 3A3A3A;
    4D05 : 242424;
    4D06 : 3C3C3C;
    4D07 : 333333;
    4D08 : 272727;
    4D09 : 1A1A1A;
    4D0A : 3F3F3F;
    4D0B : 2C2C2C;
    4D0C : 383838;
    4D0D : 2F2F2F;
    4D0E : 3E3E3E;
    4D0F : 383838;
    4D10 : 313131;
    4D11 : 2A2A2A;
    4D12 : 303030;
    4D13 : 2D2D2D;
    4D14 : 2A2A2A;
    4D15 : 252525;
    4D16 : 454545;
    4D17 : 2E2E2E;
    4D18 : 252525;
    4D19 : 303030;
    4D1A : 292929;
    4D1B : 373737;
    4D1C : 303030;
    4D1D : 3A3A3A;
    4D1E : 494949;
    4D1F : 757575;
    4D20 : 454545;
    4D21 : D6D6D6;
    4D22 : A0A0A0;
    4D23 : FFFFFF;
    4D24 : FFFFFF;
    4D25 : CECECE;
    4D26 : 3B3B3B;
    4D27 : 353535;
    4D28 : 3B3B3B;
    4D29 : 212121;
    4D2A : 2B2B2B;
    4D2B : 373737;
    4D2C : 2D2D2D;
    4D2D : 323232;
    4D2E : 444444;
    4D2F : FFFFFF;
    4D30 : F5F5F5;
    4D31 : F3F3F3;
    4D32 : F1F1F1;
    4D33 : F1F1F1;
    4D34 : F2F2F2;
    4D35 : F3F3F3;
    4D36 : F2F2F2;
    4D37 : F1F1F1;
    4D38 : F2F2F2;
    4D39 : F2F2F2;
    4D3A : F2F2F2;
    4D3B : F2F2F2;
    4D3C : F2F2F2;
    4D3D : F2F2F2;
    4D3E : F2F2F2;
    4D3F : F2F2F2;
    4D40 : F2F2F2;
    4D41 : F2F2F2;
    4D42 : F2F2F2;
    4D43 : F2F2F2;
    4D44 : F2F2F2;
    4D45 : F2F2F2;
    4D46 : F2F2F2;
    4D47 : F2F2F2;
    4D48 : F2F2F2;
    4D49 : F2F2F2;
    4D4A : F2F2F2;
    4D4B : F2F2F2;
    4D4C : F2F2F2;
    4D4D : F2F2F2;
    4D4E : F2F2F2;
    4D4F : F2F2F2;
    4D50 : F2F2F2;
    4D51 : F2F2F2;
    4D52 : F2F2F2;
    4D53 : F2F2F2;
    4D54 : F2F2F2;
    4D55 : F2F2F2;
    4D56 : F2F2F2;
    4D57 : F2F2F2;
    4D58 : F2F2F2;
    4D59 : F2F2F2;
    4D5A : F2F2F2;
    4D5B : F2F2F2;
    4D5C : F2F2F2;
    4D5D : F2F2F2;
    4D5E : F2F2F2;
    4D5F : F2F2F2;
    4D60 : F2F2F2;
    4D61 : F2F2F2;
    4D62 : F2F2F2;
    4D63 : F2F2F2;
    4D64 : F2F2F2;
    4D65 : F2F2F2;
    4D66 : F2F2F2;
    4D67 : F2F2F2;
    4D68 : F2F2F2;
    4D69 : F2F2F2;
    4D6A : F2F2F2;
    4D6B : F2F2F2;
    4D6C : F2F2F2;
    4D6D : F2F2F2;
    4D6E : F2F2F2;
    4D6F : F2F2F2;
    4D70 : F2F2F2;
    4D71 : F2F2F2;
    4D72 : F2F2F2;
    4D73 : F2F2F2;
    4D74 : F2F2F2;
    4D75 : F2F2F2;
    4D76 : F2F2F2;
    4D77 : F2F2F2;
    4D78 : F2F2F2;
    4D79 : F2F2F2;
    4D7A : F2F2F2;
    4D7B : F2F2F2;
    4D7C : F2F2F2;
    4D7D : F2F2F2;
    4D7E : F2F2F2;
    4D7F : F2F2F2;
    4D80 : E2E2E2;
    4D81 : FFFFFF;
    4D82 : 757575;
    4D83 : 000000;
    4D84 : 202020;
    4D85 : 0C0C0C;
    4D86 : 050505;
    4D87 : 1C1C1C;
    4D88 : 2B2B2B;
    4D89 : 353535;
    4D8A : 2A2A2A;
    4D8B : 212121;
    4D8C : 3B3B3B;
    4D8D : 343434;
    4D8E : 707070;
    4D8F : DCDCDC;
    4D90 : F1F1F1;
    4D91 : ECECEC;
    4D92 : FFFFFF;
    4D93 : ECECEC;
    4D94 : D4D4D4;
    4D95 : 1F1F1F;
    4D96 : 424242;
    4D97 : 303030;
    4D98 : 232323;
    4D99 : 262626;
    4D9A : 252525;
    4D9B : 262626;
    4D9C : 2D2D2D;
    4D9D : 383838;
    4D9E : 3C3C3C;
    4D9F : 393939;
    4DA0 : 2C2C2C;
    4DA1 : 292929;
    4DA2 : 2B2B2B;
    4DA3 : 282828;
    4DA4 : 222222;
    4DA5 : 292929;
    4DA6 : 303030;
    4DA7 : 2A2A2C;
    4DA8 : 33333B;
    4DA9 : 24232B;
    4DAA : 332C33;
    4DAB : 332729;
    4DAC : 302021;
    4DAD : 3E2C2C;
    4DAE : 443133;
    4DAF : 514245;
    4DB0 : 332A2F;
    4DB1 : 3C3A3F;
    4DB2 : 3C3D41;
    4DB3 : 1C2222;
    4DB4 : 1C221E;
    4DB5 : 2E352D;
    4DB6 : 242A1E;
    4DB7 : 22281C;
    4DB8 : 242923;
    4DB9 : 232927;
    4DBA : 1F2A24;
    4DBB : 1E2923;
    4DBC : 1E2820;
    4DBD : 1F261F;
    4DBE : 22231D;
    4DBF : 26211D;
    4DC0 : 2E2321;
    4DC1 : 2D1A1C;
    4DC2 : 2A1319;
    4DC3 : 281117;
    4DC4 : 28151B;
    4DC5 : 25161D;
    4DC6 : 1F141A;
    4DC7 : 171115;
    4DC8 : 343233;
    4DC9 : 2F2F2F;
    4DCA : 3A3A3A;
    4DCB : 2E2E2E;
    4DCC : 494949;
    4DCD : 1D1D1D;
    4DCE : 434343;
    4DCF : 212121;
    4DD0 : 272727;
    4DD1 : 272727;
    4DD2 : 484848;
    4DD3 : 2E2E2E;
    4DD4 : 414141;
    4DD5 : 2E2E2E;
    4DD6 : 2F2F2F;
    4DD7 : 2D2D2D;
    4DD8 : 404040;
    4DD9 : 373737;
    4DDA : 404040;
    4DDB : 313131;
    4DDC : 3D3D3D;
    4DDD : 3B3B3B;
    4DDE : 3A3A3A;
    4DDF : 292929;
    4DE0 : 1B1B1B;
    4DE1 : 333333;
    4DE2 : 3C3C3C;
    4DE3 : 464646;
    4DE4 : 343434;
    4DE5 : 393939;
    4DE6 : 2F2F2F;
    4DE7 : 323232;
    4DE8 : 363636;
    4DE9 : 494949;
    4DEA : 828282;
    4DEB : 9A9A9A;
    4DEC : 707070;
    4DED : 3C3C3C;
    4DEE : 424242;
    4DEF : 3B3B3B;
    4DF0 : 404040;
    4DF1 : 3D3D3D;
    4DF2 : 151515;
    4DF3 : 363636;
    4DF4 : 303030;
    4DF5 : 363636;
    4DF6 : 282828;
    4DF7 : A2A2A2;
    4DF8 : F8F8F8;
    4DF9 : F5F5F5;
    4DFA : F1F1F1;
    4DFB : EFEFEF;
    4DFC : F0F0F0;
    4DFD : F1F1F1;
    4DFE : F1F1F1;
    4DFF : F1F1F1;
    4E00 : F2F2F2;
    4E01 : F2F2F2;
    4E02 : F2F2F2;
    4E03 : F2F2F2;
    4E04 : F2F2F2;
    4E05 : F2F2F2;
    4E06 : F2F2F2;
    4E07 : F2F2F2;
    4E08 : F2F2F2;
    4E09 : F2F2F2;
    4E0A : F2F2F2;
    4E0B : F2F2F2;
    4E0C : F2F2F2;
    4E0D : F2F2F2;
    4E0E : F2F2F2;
    4E0F : F2F2F2;
    4E10 : F2F2F2;
    4E11 : F2F2F2;
    4E12 : F2F2F2;
    4E13 : F2F2F2;
    4E14 : F2F2F2;
    4E15 : F2F2F2;
    4E16 : F2F2F2;
    4E17 : F2F2F2;
    4E18 : F2F2F2;
    4E19 : F2F2F2;
    4E1A : F2F2F2;
    4E1B : F2F2F2;
    4E1C : F2F2F2;
    4E1D : F2F2F2;
    4E1E : F2F2F2;
    4E1F : F2F2F2;
    4E20 : F2F2F2;
    4E21 : F2F2F2;
    4E22 : F2F2F2;
    4E23 : F2F2F2;
    4E24 : F2F2F2;
    4E25 : F2F2F2;
    4E26 : F2F2F2;
    4E27 : F2F2F2;
    4E28 : F2F2F2;
    4E29 : F2F2F2;
    4E2A : F2F2F2;
    4E2B : F2F2F2;
    4E2C : F2F2F2;
    4E2D : F2F2F2;
    4E2E : F2F2F2;
    4E2F : F2F2F2;
    4E30 : F2F2F2;
    4E31 : F2F2F2;
    4E32 : F2F2F2;
    4E33 : F2F2F2;
    4E34 : F2F2F2;
    4E35 : F2F2F2;
    4E36 : F2F2F2;
    4E37 : F2F2F2;
    4E38 : F2F2F2;
    4E39 : F2F2F2;
    4E3A : F2F2F2;
    4E3B : F2F2F2;
    4E3C : F2F2F2;
    4E3D : F2F2F2;
    4E3E : F2F2F2;
    4E3F : F2F2F2;
    4E40 : F2F2F2;
    4E41 : F2F2F2;
    4E42 : F2F2F2;
    4E43 : F2F2F2;
    4E44 : F2F2F2;
    4E45 : F2F2F2;
    4E46 : F2F2F2;
    4E47 : F2F2F2;
    4E48 : ECECEC;
    4E49 : F4F4F4;
    4E4A : 434343;
    4E4B : 000000;
    4E4C : 0E0E0E;
    4E4D : 141414;
    4E4E : 080808;
    4E4F : 080808;
    4E50 : 272727;
    4E51 : 2B2B2B;
    4E52 : 333333;
    4E53 : 353535;
    4E54 : 202020;
    4E55 : 202020;
    4E56 : 2B2B2B;
    4E57 : 363636;
    4E58 : 383838;
    4E59 : 606060;
    4E5A : DCDCDC;
    4E5B : FAFAFA;
    4E5C : 959595;
    4E5D : 000000;
    4E5E : 4A4A4A;
    4E5F : 3F3F3F;
    4E60 : 232323;
    4E61 : 262626;
    4E62 : 282828;
    4E63 : 2A2A2A;
    4E64 : 303030;
    4E65 : 373737;
    4E66 : 3B3B3B;
    4E67 : 3A3A3A;
    4E68 : 303030;
    4E69 : 2B2B2B;
    4E6A : 2C2C2C;
    4E6B : 2A2A2A;
    4E6C : 252525;
    4E6D : 2D2D2D;
    4E6E : 343434;
    4E6F : 2E2E30;
    4E70 : 26252A;
    4E71 : 19181D;
    4E72 : 1E1C1D;
    4E73 : 312D2C;
    4E74 : 332F2C;
    4E75 : 43423E;
    4E76 : 51514F;
    4E77 : 313234;
    4E78 : 303135;
    4E79 : 404146;
    4E7A : 443F45;
    4E7B : 261A1E;
    4E7C : 25100F;
    4E7D : 3A1B18;
    4E7E : 39120B;
    4E7F : 3B160D;
    4E80 : 301911;
    4E81 : 281B13;
    4E82 : 281B12;
    4E83 : 261C12;
    4E84 : 271B0F;
    4E85 : 281A0F;
    4E86 : 2A180E;
    4E87 : 2D160E;
    4E88 : 30150E;
    4E89 : 2C100C;
    4E8A : 260D09;
    4E8B : 24110D;
    4E8C : 221713;
    4E8D : 1E1B16;
    4E8E : 141611;
    4E8F : 0C110D;
    4E90 : 3C3E3D;
    4E91 : 3D3D3D;
    4E92 : 2B2B2B;
    4E93 : 3A3A3A;
    4E94 : 2F2F2F;
    4E95 : 2D2D2D;
    4E96 : 353535;
    4E97 : 272727;
    4E98 : 383838;
    4E99 : 393939;
    4E9A : 3D3D3D;
    4E9B : 2D2D2D;
    4E9C : 3C3C3C;
    4E9D : 414141;
    4E9E : 363636;
    4E9F : 3C3C3C;
    4EA0 : 3C3C3C;
    4EA1 : 343434;
    4EA2 : 424242;
    4EA3 : 2F2F2F;
    4EA4 : 434343;
    4EA5 : 444444;
    4EA6 : 363636;
    4EA7 : 272727;
    4EA8 : 1C1C1C;
    4EA9 : 212121;
    4EAA : 1C1C1C;
    4EAB : 252525;
    4EAC : 161616;
    4EAD : 2E2E2E;
    4EAE : 5B5B5B;
    4EAF : 979797;
    4EB0 : 292929;
    4EB1 : 202020;
    4EB2 : 404040;
    4EB3 : 252525;
    4EB4 : 252525;
    4EB5 : 393939;
    4EB6 : 464646;
    4EB7 : 2B2B2B;
    4EB8 : 343434;
    4EB9 : 101010;
    4EBA : 272727;
    4EBB : 272727;
    4EBC : 282828;
    4EBD : 4D4D4D;
    4EBE : 1A1A1A;
    4EBF : 7C7C7C;
    4EC0 : F9F9F9;
    4EC1 : F5F5F5;
    4EC2 : F1F1F1;
    4EC3 : EFEFEF;
    4EC4 : EFEFEF;
    4EC5 : F1F1F1;
    4EC6 : F1F1F1;
    4EC7 : F1F1F1;
    4EC8 : F2F2F2;
    4EC9 : F2F2F2;
    4ECA : F2F2F2;
    4ECB : F2F2F2;
    4ECC : F2F2F2;
    4ECD : F2F2F2;
    4ECE : F2F2F2;
    4ECF : F2F2F2;
    4ED0 : F2F2F2;
    4ED1 : F2F2F2;
    4ED2 : F2F2F2;
    4ED3 : F2F2F2;
    4ED4 : F2F2F2;
    4ED5 : F2F2F2;
    4ED6 : F2F2F2;
    4ED7 : F2F2F2;
    4ED8 : F2F2F2;
    4ED9 : F2F2F2;
    4EDA : F2F2F2;
    4EDB : F2F2F2;
    4EDC : F2F2F2;
    4EDD : F2F2F2;
    4EDE : F2F2F2;
    4EDF : F2F2F2;
    4EE0 : F2F2F2;
    4EE1 : F2F2F2;
    4EE2 : F2F2F2;
    4EE3 : F2F2F2;
    4EE4 : F2F2F2;
    4EE5 : F2F2F2;
    4EE6 : F2F2F2;
    4EE7 : F2F2F2;
    4EE8 : F2F2F2;
    4EE9 : F2F2F2;
    4EEA : F2F2F2;
    4EEB : F2F2F2;
    4EEC : F2F2F2;
    4EED : F2F2F2;
    4EEE : F2F2F2;
    4EEF : F2F2F2;
    4EF0 : F2F2F2;
    4EF1 : F2F2F2;
    4EF2 : F2F2F2;
    4EF3 : F2F2F2;
    4EF4 : F2F2F2;
    4EF5 : F2F2F2;
    4EF6 : F2F2F2;
    4EF7 : F2F2F2;
    4EF8 : F2F2F2;
    4EF9 : F2F2F2;
    4EFA : F2F2F2;
    4EFB : F2F2F2;
    4EFC : F2F2F2;
    4EFD : F2F2F2;
    4EFE : F2F2F2;
    4EFF : F2F2F2;
    4F00 : F2F2F2;
    4F01 : F2F2F2;
    4F02 : F2F2F2;
    4F03 : F2F2F2;
    4F04 : F2F2F2;
    4F05 : F2F2F2;
    4F06 : F2F2F2;
    4F07 : F2F2F2;
    4F08 : F2F2F2;
    4F09 : F2F2F2;
    4F0A : F2F2F2;
    4F0B : F2F2F2;
    4F0C : F2F2F2;
    4F0D : F2F2F2;
    4F0E : F2F2F2;
    4F0F : F2F2F2;
    4F10 : FFFFFF;
    4F11 : D0D0D0;
    4F12 : 1A1A1A;
    4F13 : 111111;
    4F14 : 0B0B0B;
    4F15 : 181818;
    4F16 : 131313;
    4F17 : 161616;
    4F18 : 101010;
    4F19 : 3E3E3E;
    4F1A : 292929;
    4F1B : 262626;
    4F1C : 353535;
    4F1D : 3A3A3A;
    4F1E : 151515;
    4F1F : 262626;
    4F20 : 262626;
    4F21 : 2F2F2F;
    4F22 : 262626;
    4F23 : 707070;
    4F24 : 1D1D1D;
    4F25 : 181818;
    4F26 : 2E2E2E;
    4F27 : 2F2F2F;
    4F28 : 222222;
    4F29 : 242424;
    4F2A : 272727;
    4F2B : 292929;
    4F2C : 2B2B2B;
    4F2D : 2D2D2D;
    4F2E : 2E2E2E;
    4F2F : 2E2E2E;
    4F30 : 2F2F2F;
    4F31 : 292929;
    4F32 : 292929;
    4F33 : 262626;
    4F34 : 212121;
    4F35 : 282828;
    4F36 : 2D2D2D;
    4F37 : 252525;
    4F38 : 202020;
    4F39 : 525252;
    4F3A : 40403E;
    4F3B : 454A44;
    4F3C : 2A302C;
    4F3D : 0D1812;
    4F3E : 3A4946;
    4F3F : 2C3A3A;
    4F40 : 2C373B;
    4F41 : 393C43;
    4F42 : 3F343C;
    4F43 : 2A0F14;
    4F44 : 380A0D;
    4F45 : 561918;
    4F46 : 621410;
    4F47 : 702019;
    4F48 : 651C13;
    4F49 : 621E13;
    4F4A : 622012;
    4F4B : 642214;
    4F4C : 662313;
    4F4D : 682314;
    4F4E : 6C2215;
    4F4F : 6D2316;
    4F50 : 74271D;
    4F51 : 6F261D;
    4F52 : 6C2921;
    4F53 : 682F26;
    4F54 : 5F3328;
    4F55 : 4E2E23;
    4F56 : 332012;
    4F57 : 20130A;
    4F58 : 44403D;
    4F59 : 3E3E3E;
    4F5A : 373737;
    4F5B : 2A2A2A;
    4F5C : 292929;
    4F5D : 2E2E2E;
    4F5E : 303030;
    4F5F : 323232;
    4F60 : 363636;
    4F61 : 373737;
    4F62 : 2D2D2D;
    4F63 : 272727;
    4F64 : 262626;
    4F65 : 393939;
    4F66 : 222222;
    4F67 : 262626;
    4F68 : 303030;
    4F69 : 2D2D2D;
    4F6A : 373737;
    4F6B : 1F1F1F;
    4F6C : 2A2A2A;
    4F6D : 2F2F2F;
    4F6E : 343434;
    4F6F : 2C2C2C;
    4F70 : 1E1E1E;
    4F71 : 3D3D3D;
    4F72 : 3F3F3F;
    4F73 : 414141;
    4F74 : 2F2F2F;
    4F75 : 313131;
    4F76 : 292929;
    4F77 : 3A3A3A;
    4F78 : 3B3B3B;
    4F79 : 3F3F3F;
    4F7A : 363636;
    4F7B : 353535;
    4F7C : 515151;
    4F7D : 2E2E2E;
    4F7E : 424242;
    4F7F : 474747;
    4F80 : 2D2D2D;
    4F81 : 898989;
    4F82 : 5D5D5D;
    4F83 : 343434;
    4F84 : 4D4D4D;
    4F85 : 363636;
    4F86 : 292929;
    4F87 : 636363;
    4F88 : F8F8F8;
    4F89 : F5F5F5;
    4F8A : F1F1F1;
    4F8B : EFEFEF;
    4F8C : F0F0F0;
    4F8D : F1F1F1;
    4F8E : F1F1F1;
    4F8F : F1F1F1;
    4F90 : F2F2F2;
    4F91 : F2F2F2;
    4F92 : F2F2F2;
    4F93 : F2F2F2;
    4F94 : F2F2F2;
    4F95 : F2F2F2;
    4F96 : F2F2F2;
    4F97 : F2F2F2;
    4F98 : F2F2F2;
    4F99 : F2F2F2;
    4F9A : F2F2F2;
    4F9B : F2F2F2;
    4F9C : F2F2F2;
    4F9D : F2F2F2;
    4F9E : F2F2F2;
    4F9F : F2F2F2;
    4FA0 : F2F2F2;
    4FA1 : F2F2F2;
    4FA2 : F2F2F2;
    4FA3 : F2F2F2;
    4FA4 : F2F2F2;
    4FA5 : F2F2F2;
    4FA6 : F2F2F2;
    4FA7 : F2F2F2;
    4FA8 : F2F2F2;
    4FA9 : F2F2F2;
    4FAA : F2F2F2;
    4FAB : F2F2F2;
    4FAC : F2F2F2;
    4FAD : F2F2F2;
    4FAE : F2F2F2;
    4FAF : F2F2F2;
    4FB0 : F2F2F2;
    4FB1 : F2F2F2;
    4FB2 : F2F2F2;
    4FB3 : F2F2F2;
    4FB4 : F2F2F2;
    4FB5 : F2F2F2;
    4FB6 : F2F2F2;
    4FB7 : F2F2F2;
    4FB8 : F2F2F2;
    4FB9 : F2F2F2;
    4FBA : F2F2F2;
    4FBB : F2F2F2;
    4FBC : F2F2F2;
    4FBD : F2F2F2;
    4FBE : F2F2F2;
    4FBF : F2F2F2;
    4FC0 : F2F2F2;
    4FC1 : F2F2F2;
    4FC2 : F2F2F2;
    4FC3 : F2F2F2;
    4FC4 : F2F2F2;
    4FC5 : F2F2F2;
    4FC6 : F2F2F2;
    4FC7 : F2F2F2;
    4FC8 : F2F2F2;
    4FC9 : F2F2F2;
    4FCA : F2F2F2;
    4FCB : F2F2F2;
    4FCC : F2F2F2;
    4FCD : F2F2F2;
    4FCE : F2F2F2;
    4FCF : F2F2F2;
    4FD0 : F2F2F2;
    4FD1 : F2F2F2;
    4FD2 : F2F2F2;
    4FD3 : F2F2F2;
    4FD4 : F2F2F2;
    4FD5 : F2F2F2;
    4FD6 : F2F2F2;
    4FD7 : F2F2F2;
    4FD8 : FFFFFF;
    4FD9 : A2A2A2;
    4FDA : 000000;
    4FDB : 101010;
    4FDC : 0B0B0B;
    4FDD : 0A0A0A;
    4FDE : 0B0B0B;
    4FDF : 141414;
    4FE0 : 1C1C1C;
    4FE1 : 151515;
    4FE2 : 222222;
    4FE3 : 3A3A3A;
    4FE4 : 252525;
    4FE5 : 2A2A2A;
    4FE6 : 313131;
    4FE7 : 353535;
    4FE8 : 262626;
    4FE9 : 343434;
    4FEA : 2E2E2E;
    4FEB : 1E1E1E;
    4FEC : 292929;
    4FED : 1B1B1B;
    4FEE : 353535;
    4FEF : 313131;
    4FF0 : 212121;
    4FF1 : 232323;
    4FF2 : 262626;
    4FF3 : 292929;
    4FF4 : 292929;
    4FF5 : 282828;
    4FF6 : 272727;
    4FF7 : 282828;
    4FF8 : 2B2B2B;
    4FF9 : 242424;
    4FFA : 252525;
    4FFB : 232323;
    4FFC : 1F1F1F;
    4FFD : 252525;
    4FFE : 292929;
    4FFF : 20201E;
    5000 : 939290;
    5001 : CBCCC7;
    5002 : CCCEC9;
    5003 : C3CDC5;
    5004 : B6C5BE;
    5005 : 576C65;
    5006 : 112A26;
    5007 : 2E4344;
    5008 : 314347;
    5009 : 393E44;
    500A : 45353F;
    500B : 492129;
    500C : 6B2A2E;
    500D : 933D3E;
    500E : A03734;
    500F : B93D35;
    5010 : C9392E;
    5011 : D1382A;
    5012 : D23929;
    5013 : D43B2B;
    5014 : D83D2B;
    5015 : DA3D2C;
    5016 : DE3C2D;
    5017 : DF3D2E;
    5018 : DE3E30;
    5019 : D73D31;
    501A : D04035;
    501B : C84638;
    501C : B94838;
    501D : 9F3E2D;
    501E : 802B17;
    501F : 591F11;
    5020 : 4C3933;
    5021 : 313131;
    5022 : 3D3D3D;
    5023 : 1A1A1A;
    5024 : 434343;
    5025 : 4C4C4C;
    5026 : 383838;
    5027 : 343434;
    5028 : 303030;
    5029 : 343434;
    502A : 383838;
    502B : 333333;
    502C : 292929;
    502D : 3A3A3A;
    502E : 292929;
    502F : 292929;
    5030 : 2A2A2A;
    5031 : 303030;
    5032 : 3F3F3F;
    5033 : 353535;
    5034 : 3A3A3A;
    5035 : 343434;
    5036 : 3B3B3B;
    5037 : 1E1E1E;
    5038 : 1C1C1C;
    5039 : 444444;
    503A : 3B3B3B;
    503B : 363636;
    503C : 363636;
    503D : 393939;
    503E : 151515;
    503F : 111111;
    5040 : 353535;
    5041 : 424242;
    5042 : 252525;
    5043 : 3B3B3B;
    5044 : 373737;
    5045 : 363636;
    5046 : 3A3A3A;
    5047 : 222222;
    5048 : 5B5B5B;
    5049 : CECECE;
    504A : CFCFCF;
    504B : 4C4C4C;
    504C : 353535;
    504D : 3A3A3A;
    504E : 161616;
    504F : 424242;
    5050 : F6F6F6;
    5051 : F4F4F4;
    5052 : F1F1F1;
    5053 : F0F0F0;
    5054 : F1F1F1;
    5055 : F2F2F2;
    5056 : F1F1F1;
    5057 : F1F1F1;
    5058 : F2F2F2;
    5059 : F2F2F2;
    505A : F2F2F2;
    505B : F2F2F2;
    505C : F2F2F2;
    505D : F2F2F2;
    505E : F2F2F2;
    505F : F2F2F2;
    5060 : F2F2F2;
    5061 : F2F2F2;
    5062 : F2F2F2;
    5063 : F2F2F2;
    5064 : F2F2F2;
    5065 : F2F2F2;
    5066 : F2F2F2;
    5067 : F2F2F2;
    5068 : F2F2F2;
    5069 : F2F2F2;
    506A : F2F2F2;
    506B : F2F2F2;
    506C : F2F2F2;
    506D : F2F2F2;
    506E : F2F2F2;
    506F : F2F2F2;
    5070 : F2F2F2;
    5071 : F2F2F2;
    5072 : F2F2F2;
    5073 : F2F2F2;
    5074 : F2F2F2;
    5075 : F2F2F2;
    5076 : F2F2F2;
    5077 : F2F2F2;
    5078 : F2F2F2;
    5079 : F2F2F2;
    507A : F2F2F2;
    507B : F2F2F2;
    507C : F2F2F2;
    507D : F2F2F2;
    507E : F2F2F2;
    507F : F2F2F2;
    5080 : F2F2F2;
    5081 : F2F2F2;
    5082 : F2F2F2;
    5083 : F2F2F2;
    5084 : F2F2F2;
    5085 : F2F2F2;
    5086 : F2F2F2;
    5087 : F2F2F2;
    5088 : F2F2F2;
    5089 : F2F2F2;
    508A : F2F2F2;
    508B : F2F2F2;
    508C : F2F2F2;
    508D : F2F2F2;
    508E : F2F2F2;
    508F : F2F2F2;
    5090 : F2F2F2;
    5091 : F2F2F2;
    5092 : F2F2F2;
    5093 : F2F2F2;
    5094 : F2F2F2;
    5095 : F2F2F2;
    5096 : F2F2F2;
    5097 : F2F2F2;
    5098 : F2F2F2;
    5099 : F2F2F2;
    509A : F2F2F2;
    509B : F2F2F2;
    509C : F2F2F2;
    509D : F2F2F2;
    509E : F2F2F2;
    509F : F2F2F2;
    50A0 : F9F9F9;
    50A1 : 959595;
    50A2 : 050505;
    50A3 : 0C0C0C;
    50A4 : 111111;
    50A5 : 040404;
    50A6 : 010101;
    50A7 : 030303;
    50A8 : 191919;
    50A9 : 141414;
    50AA : 252525;
    50AB : 323232;
    50AC : 313131;
    50AD : 272727;
    50AE : 242424;
    50AF : 1A1A1A;
    50B0 : 363636;
    50B1 : 1D1D1D;
    50B2 : 393939;
    50B3 : 313131;
    50B4 : 181818;
    50B5 : 0B0B0B;
    50B6 : 383838;
    50B7 : 313131;
    50B8 : 242424;
    50B9 : 262626;
    50BA : 2B2B2B;
    50BB : 303030;
    50BC : 303030;
    50BD : 2E2E2E;
    50BE : 2E2E2E;
    50BF : 2F2F2F;
    50C0 : 2B2B2B;
    50C1 : 252525;
    50C2 : 272727;
    50C3 : 272727;
    50C4 : 252525;
    50C5 : 2D2D2D;
    50C6 : 313131;
    50C7 : 272725;
    50C8 : D9D8D4;
    50C9 : F7F6F1;
    50CA : B6B7B1;
    50CB : 0D120C;
    50CC : 6B7670;
    50CD : C9D8D5;
    50CE : 2D3D3D;
    50CF : 1C2B30;
    50D0 : 2F3942;
    50D1 : 32303B;
    50D2 : 412D36;
    50D3 : 52292F;
    50D4 : 7E3E3F;
    50D5 : A34E4B;
    50D6 : A63E35;
    50D7 : B63C2F;
    50D8 : BA2C1E;
    50D9 : C32A1A;
    50DA : C32A1A;
    50DB : C62918;
    50DC : CA2917;
    50DD : CD2717;
    50DE : D02617;
    50DF : D12517;
    50E0 : D4281E;
    50E1 : CC251C;
    50E2 : C1271D;
    50E3 : BA2D24;
    50E4 : AD3328;
    50E5 : 982E21;
    50E6 : 7A2111;
    50E7 : 57190C;
    50E8 : 483330;
    50E9 : 343434;
    50EA : 282828;
    50EB : 323232;
    50EC : 535353;
    50ED : 909090;
    50EE : 383838;
    50EF : 353535;
    50F0 : 3C3C3C;
    50F1 : 3F3F3F;
    50F2 : 515151;
    50F3 : 464646;
    50F4 : 3F3F3F;
    50F5 : 555555;
    50F6 : 5E5E5E;
    50F7 : 646464;
    50F8 : 404040;
    50F9 : 343434;
    50FA : 292929;
    50FB : 1D1D1D;
    50FC : 262626;
    50FD : 2A2A2A;
    50FE : 424242;
    50FF : 1C1C1C;
    5100 : 212121;
    5101 : 383838;
    5102 : 303030;
    5103 : 444444;
    5104 : 424242;
    5105 : 242424;
    5106 : 0A0A0A;
    5107 : 393939;
    5108 : 3F3F3F;
    5109 : 333333;
    510A : 393939;
    510B : 484848;
    510C : 3D3D3D;
    510D : 3B3B3B;
    510E : 343434;
    510F : 353535;
    5110 : 9D9D9D;
    5111 : C4C4C4;
    5112 : FFFFFF;
    5113 : ADADAD;
    5114 : 252525;
    5115 : 3E3E3E;
    5116 : 6F6F6F;
    5117 : 454545;
    5118 : F5F5F5;
    5119 : F3F3F3;
    511A : F1F1F1;
    511B : F1F1F1;
    511C : F2F2F2;
    511D : F3F3F3;
    511E : F2F2F2;
    511F : F1F1F1;
    5120 : F2F2F2;
    5121 : F2F2F2;
    5122 : F2F2F2;
    5123 : F2F2F2;
    5124 : F2F2F2;
    5125 : F2F2F2;
    5126 : F2F2F2;
    5127 : F2F2F2;
    5128 : F2F2F2;
    5129 : F2F2F2;
    512A : F2F2F2;
    512B : F2F2F2;
    512C : F2F2F2;
    512D : F2F2F2;
    512E : F2F2F2;
    512F : F2F2F2;
    5130 : F2F2F2;
    5131 : F2F2F2;
    5132 : F2F2F2;
    5133 : F2F2F2;
    5134 : F2F2F2;
    5135 : F2F2F2;
    5136 : F2F2F2;
    5137 : F2F2F2;
    5138 : F2F2F2;
    5139 : F2F2F2;
    513A : F2F2F2;
    513B : F2F2F2;
    513C : F2F2F2;
    513D : F2F2F2;
    513E : F2F2F2;
    513F : F2F2F2;
    5140 : F2F2F2;
    5141 : F2F2F2;
    5142 : F2F2F2;
    5143 : F2F2F2;
    5144 : F2F2F2;
    5145 : F2F2F2;
    5146 : F2F2F2;
    5147 : F2F2F2;
    5148 : F2F2F2;
    5149 : F2F2F2;
    514A : F2F2F2;
    514B : F2F2F2;
    514C : F2F2F2;
    514D : F2F2F2;
    514E : F2F2F2;
    514F : F2F2F2;
    5150 : F2F2F2;
    5151 : F2F2F2;
    5152 : F2F2F2;
    5153 : F2F2F2;
    5154 : F2F2F2;
    5155 : F2F2F2;
    5156 : F2F2F2;
    5157 : F2F2F2;
    5158 : F2F2F2;
    5159 : F2F2F2;
    515A : F2F2F2;
    515B : F2F2F2;
    515C : F2F2F2;
    515D : F2F2F2;
    515E : F2F2F2;
    515F : F2F2F2;
    5160 : F0F0F0;
    5161 : F4F4F4;
    5162 : F3F3F3;
    5163 : F0F0F0;
    5164 : F0F0F0;
    5165 : F2F2F2;
    5166 : F3F3F3;
    5167 : F3F3F3;
    5168 : F9F9F9;
    5169 : 474747;
    516A : 0E0E0E;
    516B : 1C1C1C;
    516C : 262626;
    516D : 707070;
    516E : A6A6A6;
    516F : 313131;
    5170 : 000000;
    5171 : 191919;
    5172 : 1D1D1D;
    5173 : 313131;
    5174 : 181818;
    5175 : 646464;
    5176 : B5B5B5;
    5177 : 414141;
    5178 : 282828;
    5179 : 262626;
    517A : 383838;
    517B : 2A2A2A;
    517C : 202020;
    517D : 161616;
    517E : 252525;
    517F : 242424;
    5180 : 181818;
    5181 : 262626;
    5182 : 414141;
    5183 : 262626;
    5184 : 202020;
    5185 : 373737;
    5186 : 2D2D2D;
    5187 : 2F2F2F;
    5188 : 3C3C3C;
    5189 : 666666;
    518A : 969696;
    518B : 3A3A3A;
    518C : 292929;
    518D : 2F2F2F;
    518E : 252525;
    518F : 4D4C4A;
    5190 : F9F5F2;
    5191 : FFFEFA;
    5192 : 6C6763;
    5193 : 080000;
    5194 : 5F5959;
    5195 : F3EDF1;
    5196 : B9B1BC;
    5197 : 1F1925;
    5198 : 2F2736;
    5199 : 463A48;
    519A : 3C2730;
    519B : 634346;
    519C : 5E2F29;
    519D : 7E4335;
    519E : AF6852;
    519F : A15941;
    51A0 : B57462;
    51A1 : BC7D6C;
    51A2 : D99685;
    51A3 : BD7463;
    51A4 : C47362;
    51A5 : E58C7E;
    51A6 : D06E63;
    51A7 : D56E65;
    51A8 : ED817E;
    51A9 : CD6461;
    51AA : F18F90;
    51AB : E28D90;
    51AC : DB9798;
    51AD : AA7776;
    51AE : 411919;
    51AF : 462E2C;
    51B0 : 413839;
    51B1 : 343434;
    51B2 : 2E2E2E;
    51B3 : 393939;
    51B4 : A1A1A1;
    51B5 : EAEAEA;
    51B6 : 2F2F2F;
    51B7 : 373737;
    51B8 : 262626;
    51B9 : 969696;
    51BA : F4F4F4;
    51BB : DDDDDD;
    51BC : EFEFEF;
    51BD : EDEDED;
    51BE : FFFFFF;
    51BF : FAFAFA;
    51C0 : E5E5E5;
    51C1 : 686868;
    51C2 : A7A7A7;
    51C3 : A3A3A3;
    51C4 : 969696;
    51C5 : 1D1D1D;
    51C6 : 3D3D3D;
    51C7 : 101010;
    51C8 : 464646;
    51C9 : 4D4D4D;
    51CA : 3A3A3A;
    51CB : 3B3B3B;
    51CC : 444444;
    51CD : 252525;
    51CE : 161616;
    51CF : 424242;
    51D0 : 343434;
    51D1 : 3C3C3C;
    51D2 : 373737;
    51D3 : 424242;
    51D4 : 373737;
    51D5 : 3E3E3E;
    51D6 : 161616;
    51D7 : 6F6F6F;
    51D8 : E0E0E0;
    51D9 : E5E5E5;
    51DA : EAEAEA;
    51DB : F7F7F7;
    51DC : 242424;
    51DD : 909090;
    51DE : FFFFFF;
    51DF : 404040;
    51E0 : E8E8E8;
    51E1 : F0F0F0;
    51E2 : F4F4F4;
    51E3 : F2F2F2;
    51E4 : F2F2F2;
    51E5 : EFEFEF;
    51E6 : F5F5F5;
    51E7 : F5F5F5;
    51E8 : F2F2F2;
    51E9 : F2F2F2;
    51EA : F2F2F2;
    51EB : F2F2F2;
    51EC : F2F2F2;
    51ED : F2F2F2;
    51EE : F2F2F2;
    51EF : F2F2F2;
    51F0 : F2F2F2;
    51F1 : F2F2F2;
    51F2 : F2F2F2;
    51F3 : F2F2F2;
    51F4 : F2F2F2;
    51F5 : F2F2F2;
    51F6 : F2F2F2;
    51F7 : F2F2F2;
    51F8 : F2F2F2;
    51F9 : F2F2F2;
    51FA : F2F2F2;
    51FB : F2F2F2;
    51FC : F2F2F2;
    51FD : F2F2F2;
    51FE : F2F2F2;
    51FF : F2F2F2;
    5200 : F2F2F2;
    5201 : F2F2F2;
    5202 : F2F2F2;
    5203 : F2F2F2;
    5204 : F2F2F2;
    5205 : F2F2F2;
    5206 : F2F2F2;
    5207 : F2F2F2;
    5208 : F2F2F2;
    5209 : F2F2F2;
    520A : F2F2F2;
    520B : F2F2F2;
    520C : F2F2F2;
    520D : F2F2F2;
    520E : F2F2F2;
    520F : F2F2F2;
    5210 : F2F2F2;
    5211 : F2F2F2;
    5212 : F2F2F2;
    5213 : F2F2F2;
    5214 : F2F2F2;
    5215 : F2F2F2;
    5216 : F2F2F2;
    5217 : F2F2F2;
    5218 : F2F2F2;
    5219 : F2F2F2;
    521A : F2F2F2;
    521B : F2F2F2;
    521C : F2F2F2;
    521D : F2F2F2;
    521E : F2F2F2;
    521F : F2F2F2;
    5220 : F2F2F2;
    5221 : F2F2F2;
    5222 : F2F2F2;
    5223 : F2F2F2;
    5224 : F2F2F2;
    5225 : F2F2F2;
    5226 : F2F2F2;
    5227 : F2F2F2;
    5228 : F0F0F0;
    5229 : F4F4F4;
    522A : F0F0F0;
    522B : EFEFEF;
    522C : F5F5F5;
    522D : F2F2F2;
    522E : EEEEEE;
    522F : F4F4F4;
    5230 : ECECEC;
    5231 : 383838;
    5232 : 242424;
    5233 : 434343;
    5234 : A1A1A1;
    5235 : F6F6F6;
    5236 : FFFFFF;
    5237 : 949494;
    5238 : 1A1A1A;
    5239 : 1E1E1E;
    523A : 141414;
    523B : 121212;
    523C : 3D3D3D;
    523D : A1A1A1;
    523E : F6F6F6;
    523F : CACACA;
    5240 : 232323;
    5241 : 262626;
    5242 : 313131;
    5243 : 252525;
    5244 : 121212;
    5245 : 161616;
    5246 : 8F8F8F;
    5247 : C9C9C9;
    5248 : 858585;
    5249 : B0B0B0;
    524A : BDBDBD;
    524B : DCDCDC;
    524C : 565656;
    524D : 1D1D1D;
    524E : 313131;
    524F : 3D3D3D;
    5250 : E0E0E0;
    5251 : FFFFFF;
    5252 : AAAAAA;
    5253 : 343434;
    5254 : 2A2A2A;
    5255 : 272727;
    5256 : 202020;
    5257 : 8F8E8C;
    5258 : FFFCF9;
    5259 : F6F1ED;
    525A : BAB2AF;
    525B : ADA3A2;
    525C : D3C7C9;
    525D : FFFAFF;
    525E : BCAFB9;
    525F : 0D000E;
    5260 : 322435;
    5261 : 483747;
    5262 : 38232C;
    5263 : 422527;
    5264 : 512B22;
    5265 : 9C6D5B;
    5266 : E8B095;
    5267 : C68E73;
    5268 : E2B8A2;
    5269 : E1BBA8;
    526A : CEA392;
    526B : E8B8A4;
    526C : FFCBB8;
    526D : DC9989;
    526E : D98D80;
    526F : FFC3B9;
    5270 : FFA9A3;
    5271 : F8A09E;
    5272 : ED9D9E;
    5273 : FFBABD;
    5274 : BF8B8D;
    5275 : AB8487;
    5276 : 31181B;
    5277 : 433535;
    5278 : 312D2C;
    5279 : 373737;
    527A : 161616;
    527B : 646464;
    527C : FAFAFA;
    527D : F5F5F5;
    527E : 525252;
    527F : 3B3B3B;
    5280 : 2D2D2D;
    5281 : B3B3B3;
    5282 : FFFFFF;
    5283 : FEFEFE;
    5284 : B6B6B6;
    5285 : 939393;
    5286 : B3B3B3;
    5287 : F1F1F1;
    5288 : F8F8F8;
    5289 : 9A9A9A;
    528A : ABABAB;
    528B : FFFFFF;
    528C : F5F5F5;
    528D : 555555;
    528E : 323232;
    528F : 646464;
    5290 : 4B4B4B;
    5291 : 484848;
    5292 : 3D3D3D;
    5293 : 363636;
    5294 : 3D3D3D;
    5295 : 1B1B1B;
    5296 : 121212;
    5297 : 2D2D2D;
    5298 : 303030;
    5299 : 3E3E3E;
    529A : 2E2E2E;
    529B : 3A3A3A;
    529C : 3B3B3B;
    529D : 313131;
    529E : 131313;
    529F : 949494;
    52A0 : FFFFFF;
    52A1 : 878787;
    52A2 : FFFFFF;
    52A3 : C9C9C9;
    52A4 : 5C5C5C;
    52A5 : FFFFFF;
    52A6 : DBDBDB;
    52A7 : 676767;
    52A8 : C2C2C2;
    52A9 : F8F8F8;
    52AA : F4F4F4;
    52AB : EDEDED;
    52AC : EBEBEB;
    52AD : F5F5F5;
    52AE : F9F9F9;
    52AF : ECECEC;
    52B0 : F2F2F2;
    52B1 : F2F2F2;
    52B2 : F2F2F2;
    52B3 : F2F2F2;
    52B4 : F2F2F2;
    52B5 : F2F2F2;
    52B6 : F2F2F2;
    52B7 : F2F2F2;
    52B8 : F2F2F2;
    52B9 : F2F2F2;
    52BA : F2F2F2;
    52BB : F2F2F2;
    52BC : F2F2F2;
    52BD : F2F2F2;
    52BE : F2F2F2;
    52BF : F2F2F2;
    52C0 : F2F2F2;
    52C1 : F2F2F2;
    52C2 : F2F2F2;
    52C3 : F2F2F2;
    52C4 : F2F2F2;
    52C5 : F2F2F2;
    52C6 : F2F2F2;
    52C7 : F2F2F2;
    52C8 : F2F2F2;
    52C9 : F2F2F2;
    52CA : F2F2F2;
    52CB : F2F2F2;
    52CC : F2F2F2;
    52CD : F2F2F2;
    52CE : F2F2F2;
    52CF : F2F2F2;
    52D0 : F2F2F2;
    52D1 : F2F2F2;
    52D2 : F2F2F2;
    52D3 : F2F2F2;
    52D4 : F2F2F2;
    52D5 : F2F2F2;
    52D6 : F2F2F2;
    52D7 : F2F2F2;
    52D8 : F2F2F2;
    52D9 : F2F2F2;
    52DA : F2F2F2;
    52DB : F2F2F2;
    52DC : F2F2F2;
    52DD : F2F2F2;
    52DE : F2F2F2;
    52DF : F2F2F2;
    52E0 : F2F2F2;
    52E1 : F2F2F2;
    52E2 : F2F2F2;
    52E3 : F2F2F2;
    52E4 : F2F2F2;
    52E5 : F2F2F2;
    52E6 : F2F2F2;
    52E7 : F2F2F2;
    52E8 : F2F2F2;
    52E9 : F2F2F2;
    52EA : F2F2F2;
    52EB : F2F2F2;
    52EC : F2F2F2;
    52ED : F2F2F2;
    52EE : F2F2F2;
    52EF : F2F2F2;
    52F0 : EFEFEF;
    52F1 : F5F5F5;
    52F2 : EDEDED;
    52F3 : EFEFEF;
    52F4 : FBFBFB;
    52F5 : F1F1F1;
    52F6 : EAEAEA;
    52F7 : F9F9F9;
    52F8 : C9C9C9;
    52F9 : 2A2A2A;
    52FA : 222222;
    52FB : 5F5F5F;
    52FC : FEFEFE;
    52FD : B5B5B5;
    52FE : B5B5B5;
    52FF : FAFAFA;
    5300 : 353535;
    5301 : 292929;
    5302 : 222222;
    5303 : 111111;
    5304 : 3B3B3B;
    5305 : BFBFBF;
    5306 : 858585;
    5307 : AAAAAA;
    5308 : 242424;
    5309 : 343434;
    530A : 262626;
    530B : 303030;
    530C : 222222;
    530D : 666666;
    530E : F4F4F4;
    530F : FFFFFF;
    5310 : 606060;
    5311 : ADADAD;
    5312 : FFFFFF;
    5313 : FFFFFF;
    5314 : 858585;
    5315 : 272727;
    5316 : 191919;
    5317 : BBBBBB;
    5318 : F3F3F3;
    5319 : DEDEDE;
    531A : 393939;
    531B : 121212;
    531C : 2C2C2C;
    531D : 333333;
    531E : 222222;
    531F : B5B5B5;
    5320 : FFFFFD;
    5321 : FAF6F3;
    5322 : FFFAF7;
    5323 : F6F1EE;
    5324 : FFFDFD;
    5325 : F7F3F4;
    5326 : BBB6BC;
    5327 : 332D37;
    5328 : 0B0511;
    5329 : 2E242F;
    532A : 49353E;
    532B : 4C2F31;
    532C : 552C26;
    532D : 9D685A;
    532E : FFC2AD;
    532F : EFA990;
    5330 : D18671;
    5331 : FFCBB5;
    5332 : E5947F;
    5333 : EB977F;
    5334 : F79B84;
    5335 : B04D36;
    5336 : CD624E;
    5337 : FFA996;
    5338 : EB7768;
    5339 : F38377;
    533A : D76F66;
    533B : F89B94;
    533C : AE635D;
    533D : A56961;
    533E : 4B1C14;
    533F : 563933;
    5340 : 352B29;
    5341 : 3D3D3D;
    5342 : 373737;
    5343 : AAAAAA;
    5344 : FFFFFF;
    5345 : EBEBEB;
    5346 : 6A6A6A;
    5347 : 2C2C2C;
    5348 : 515151;
    5349 : EAEAEA;
    534A : FAFAFA;
    534B : B1B1B1;
    534C : 252525;
    534D : 292929;
    534E : 7F7F7F;
    534F : F9F9F9;
    5350 : FFFFFF;
    5351 : A0A0A0;
    5352 : 555555;
    5353 : F2F2F2;
    5354 : FFFFFF;
    5355 : 7F7F7F;
    5356 : 565656;
    5357 : F1F1F1;
    5358 : 363636;
    5359 : 2D2D2D;
    535A : 3B3B3B;
    535B : 323232;
    535C : 3B3B3B;
    535D : 181818;
    535E : 1B1B1B;
    535F : 1E1E1E;
    5360 : 434343;
    5361 : 4B4B4B;
    5362 : 2C2C2C;
    5363 : 363636;
    5364 : 3F3F3F;
    5365 : 292929;
    5366 : 1C1C1C;
    5367 : B8B8B8;
    5368 : F2F2F2;
    5369 : 5B5B5B;
    536A : A7A7A7;
    536B : 4B4B4B;
    536C : C9C9C9;
    536D : 9A9A9A;
    536E : CFCFCF;
    536F : 838383;
    5370 : A7A7A7;
    5371 : FFFFFF;
    5372 : EEEEEE;
    5373 : F5F5F5;
    5374 : F1F1F1;
    5375 : F7F7F7;
    5376 : F6F6F6;
    5377 : EFEFEF;
    5378 : F2F2F2;
    5379 : F2F2F2;
    537A : F2F2F2;
    537B : F2F2F2;
    537C : F2F2F2;
    537D : F2F2F2;
    537E : F2F2F2;
    537F : F2F2F2;
    5380 : F2F2F2;
    5381 : F2F2F2;
    5382 : F2F2F2;
    5383 : F2F2F2;
    5384 : F2F2F2;
    5385 : F2F2F2;
    5386 : F2F2F2;
    5387 : F2F2F2;
    5388 : F2F2F2;
    5389 : F2F2F2;
    538A : F2F2F2;
    538B : F2F2F2;
    538C : F2F2F2;
    538D : F2F2F2;
    538E : F2F2F2;
    538F : F2F2F2;
    5390 : F2F2F2;
    5391 : F2F2F2;
    5392 : F2F2F2;
    5393 : F2F2F2;
    5394 : F2F2F2;
    5395 : F2F2F2;
    5396 : F2F2F2;
    5397 : F2F2F2;
    5398 : F2F2F2;
    5399 : F2F2F2;
    539A : F2F2F2;
    539B : F2F2F2;
    539C : F2F2F2;
    539D : F2F2F2;
    539E : F2F2F2;
    539F : F2F2F2;
    53A0 : F2F2F2;
    53A1 : F2F2F2;
    53A2 : F2F2F2;
    53A3 : F2F2F2;
    53A4 : F2F2F2;
    53A5 : F2F2F2;
    53A6 : F2F2F2;
    53A7 : F2F2F2;
    53A8 : F2F2F2;
    53A9 : F2F2F2;
    53AA : F2F2F2;
    53AB : F2F2F2;
    53AC : F2F2F2;
    53AD : F2F2F2;
    53AE : F2F2F2;
    53AF : F2F2F2;
    53B0 : F2F2F2;
    53B1 : F2F2F2;
    53B2 : F2F2F2;
    53B3 : F2F2F2;
    53B4 : F2F2F2;
    53B5 : F2F2F2;
    53B6 : F2F2F2;
    53B7 : F2F2F2;
    53B8 : EEEEEE;
    53B9 : F6F6F6;
    53BA : EEEEEE;
    53BB : EFEFEF;
    53BC : FBFBFB;
    53BD : EFEFEF;
    53BE : EAEAEA;
    53BF : FFFFFF;
    53C0 : BABABA;
    53C1 : 171717;
    53C2 : 2C2C2C;
    53C3 : 323232;
    53C4 : 616161;
    53C5 : 1E1E1E;
    53C6 : 484848;
    53C7 : 929292;
    53C8 : 4F4F4F;
    53C9 : 0C0C0C;
    53CA : 282828;
    53CB : 212121;
    53CC : 252525;
    53CD : 565656;
    53CE : B2B2B2;
    53CF : 4E4E4E;
    53D0 : 161616;
    53D1 : 363636;
    53D2 : 292929;
    53D3 : 2F2F2F;
    53D4 : 020202;
    53D5 : 636363;
    53D6 : 9E9E9E;
    53D7 : 808080;
    53D8 : 2D2D2D;
    53D9 : 646464;
    53DA : F7F7F7;
    53DB : FFFFFF;
    53DC : 8F8F8F;
    53DD : 121212;
    53DE : 9C9C9C;
    53DF : FBFBFB;
    53E0 : FBFBFB;
    53E1 : 7D7D7D;
    53E2 : 252525;
    53E3 : 3E3E3E;
    53E4 : 2E2E2E;
    53E5 : 2F2F2F;
    53E6 : 242424;
    53E7 : D1D1D1;
    53E8 : FDFDFD;
    53E9 : D8D8D8;
    53EA : 6B6B69;
    53EB : 575956;
    53EC : 9EA09D;
    53ED : F6FCFA;
    53EE : F9FFFF;
    53EF : DBE3E6;
    53F0 : 0D1218;
    53F1 : 1A171E;
    53F2 : 493C43;
    53F3 : 5A3D3F;
    53F4 : 4F221F;
    53F5 : 5A1E16;
    53F6 : AF6558;
    53F7 : B75F51;
    53F8 : C45E52;
    53F9 : FF9D91;
    53FA : BE5043;
    53FB : AD3E2D;
    53FC : CF5C49;
    53FD : B33A27;
    53FE : BB3E2C;
    53FF : C04130;
    5400 : B13223;
    5401 : B63A2E;
    5402 : AB392F;
    5403 : AE4941;
    5404 : 8A352E;
    5405 : 662219;
    5406 : 4A140A;
    5407 : 422017;
    5408 : 2A1F1D;
    5409 : 383838;
    540A : 909090;
    540B : FFFFFF;
    540C : F7F7F7;
    540D : FFFFFF;
    540E : 939393;
    540F : 1B1B1B;
    5410 : 676767;
    5411 : FFFFFF;
    5412 : FFFFFF;
    5413 : 959595;
    5414 : 222222;
    5415 : 2C2C2C;
    5416 : 999999;
    5417 : FAFAFA;
    5418 : FAFAFA;
    5419 : 7F7F7F;
    541A : 252525;
    541B : CBCBCB;
    541C : FFFFFF;
    541D : A5A5A5;
    541E : 6D6D6D;
    541F : C5C5C5;
    5420 : 1E1E1E;
    5421 : 141414;
    5422 : 3B3B3B;
    5423 : 353535;
    5424 : 3B3B3B;
    5425 : 141414;
    5426 : 232323;
    5427 : 161616;
    5428 : 1F1F1F;
    5429 : 3B3B3B;
    542A : 3D3D3D;
    542B : 3F3F3F;
    542C : 272727;
    542D : 151515;
    542E : 3A3A3A;
    542F : DDDDDD;
    5430 : 797979;
    5431 : 242424;
    5432 : 494949;
    5433 : 7B7B7B;
    5434 : 737373;
    5435 : 6D6D6D;
    5436 : 6E6E6E;
    5437 : 4B4B4B;
    5438 : A3A3A3;
    5439 : FFFFFF;
    543A : E2E2E2;
    543B : FDFDFD;
    543C : F9F9F9;
    543D : EDEDED;
    543E : EAEAEA;
    543F : F8F8F8;
    5440 : F2F2F2;
    5441 : F2F2F2;
    5442 : F2F2F2;
    5443 : F2F2F2;
    5444 : F2F2F2;
    5445 : F2F2F2;
    5446 : F2F2F2;
    5447 : F2F2F2;
    5448 : F2F2F2;
    5449 : F2F2F2;
    544A : F2F2F2;
    544B : F2F2F2;
    544C : F2F2F2;
    544D : F2F2F2;
    544E : F2F2F2;
    544F : F2F2F2;
    5450 : F2F2F2;
    5451 : F2F2F2;
    5452 : F2F2F2;
    5453 : F2F2F2;
    5454 : F2F2F2;
    5455 : F2F2F2;
    5456 : F2F2F2;
    5457 : F2F2F2;
    5458 : F2F2F2;
    5459 : F2F2F2;
    545A : F2F2F2;
    545B : F2F2F2;
    545C : F2F2F2;
    545D : F2F2F2;
    545E : F2F2F2;
    545F : F2F2F2;
    5460 : F2F2F2;
    5461 : F2F2F2;
    5462 : F2F2F2;
    5463 : F2F2F2;
    5464 : F2F2F2;
    5465 : F2F2F2;
    5466 : F2F2F2;
    5467 : F2F2F2;
    5468 : F2F2F2;
    5469 : F2F2F2;
    546A : F2F2F2;
    546B : F2F2F2;
    546C : F2F2F2;
    546D : F2F2F2;
    546E : F2F2F2;
    546F : F2F2F2;
    5470 : F2F2F2;
    5471 : F2F2F2;
    5472 : F2F2F2;
    5473 : F2F2F2;
    5474 : F2F2F2;
    5475 : F2F2F2;
    5476 : F2F2F2;
    5477 : F2F2F2;
    5478 : F2F2F2;
    5479 : F2F2F2;
    547A : F2F2F2;
    547B : F2F2F2;
    547C : F2F2F2;
    547D : F2F2F2;
    547E : F2F2F2;
    547F : F2F2F2;
    5480 : EEEEEE;
    5481 : F5F5F5;
    5482 : F1F1F1;
    5483 : F1F1F1;
    5484 : F5F5F5;
    5485 : EEEEEE;
    5486 : EFEFEF;
    5487 : FFFFFF;
    5488 : 848484;
    5489 : 020202;
    548A : 121212;
    548B : 000000;
    548C : 000000;
    548D : 000000;
    548E : 0F0F0F;
    548F : 000000;
    5490 : 181818;
    5491 : 121212;
    5492 : 242424;
    5493 : 242424;
    5494 : 0F0F0F;
    5495 : 626262;
    5496 : B7B7B7;
    5497 : 9E9E9E;
    5498 : 313131;
    5499 : 171717;
    549A : 303030;
    549B : 222222;
    549C : 000000;
    549D : 1D1D1D;
    549E : 2A2A2A;
    549F : 181818;
    54A0 : 232323;
    54A1 : 3E3E3E;
    54A2 : E6E6E6;
    54A3 : FFFFFF;
    54A4 : B3B3B3;
    54A5 : 5D5D5D;
    54A6 : FBFBFB;
    54A7 : FFFFFF;
    54A8 : CDCDCD;
    54A9 : 1E1E1E;
    54AA : 202020;
    54AB : 313131;
    54AC : 1C1C1C;
    54AD : 2F2F2F;
    54AE : 2A2A2A;
    54AF : DCDCDC;
    54B0 : F7F8FC;
    54B1 : C3C7C8;
    54B2 : 111715;
    54B3 : 1E2923;
    54B4 : 2E3D36;
    54B5 : D3E7DE;
    54B6 : D5ECE4;
    54B7 : DCF3ED;
    54B8 : 253836;
    54B9 : 0E1618;
    54BA : 332A2F;
    54BB : 53363A;
    54BC : 582629;
    54BD : 540C0F;
    54BE : 8F3735;
    54BF : A13737;
    54C0 : CF535B;
    54C1 : DD5A62;
    54C2 : B33237;
    54C3 : B43435;
    54C4 : CD4B49;
    54C5 : C33F3A;
    54C6 : C03B34;
    54C7 : BD3A32;
    54C8 : C94842;
    54C9 : C54A45;
    54CA : BE4E4C;
    54CB : A44241;
    54CC : 8B3B3A;
    54CD : 581818;
    54CE : 5C2A29;
    54CF : 452624;
    54D0 : 483E3D;
    54D1 : 414141;
    54D2 : 8D8D8D;
    54D3 : DBDBDB;
    54D4 : F1F1F1;
    54D5 : FFFFFF;
    54D6 : C0C0C0;
    54D7 : 202020;
    54D8 : A2A2A2;
    54D9 : F7F7F7;
    54DA : EBEBEB;
    54DB : 646464;
    54DC : 343434;
    54DD : 2A2A2A;
    54DE : BFBFBF;
    54DF : FFFFFF;
    54E0 : FFFFFF;
    54E1 : 656565;
    54E2 : 272727;
    54E3 : 898989;
    54E4 : F4F4F4;
    54E5 : D6D6D6;
    54E6 : AFAFAF;
    54E7 : 696969;
    54E8 : 212121;
    54E9 : 141414;
    54EA : 3F3F3F;
    54EB : 393939;
    54EC : 333333;
    54ED : 090909;
    54EE : 1D1D1D;
    54EF : 121212;
    54F0 : 2A2A2A;
    54F1 : 282828;
    54F2 : 2C2C2C;
    54F3 : 333333;
    54F4 : 1D1D1D;
    54F5 : 1F1F1F;
    54F6 : 393939;
    54F7 : 797979;
    54F8 : 181818;
    54F9 : 242424;
    54FA : 636363;
    54FB : 404040;
    54FC : 595959;
    54FD : 595959;
    54FE : 313131;
    54FF : 1A1A1A;
    5500 : 979797;
    5501 : FFFFFF;
    5502 : E2E2E2;
    5503 : F5F5F5;
    5504 : F4F4F4;
    5505 : EBEBEB;
    5506 : E7E7E7;
    5507 : F6F6F6;
    5508 : F2F2F2;
    5509 : F2F2F2;
    550A : F2F2F2;
    550B : F2F2F2;
    550C : F2F2F2;
    550D : F2F2F2;
    550E : F2F2F2;
    550F : F2F2F2;
    5510 : F2F2F2;
    5511 : F2F2F2;
    5512 : F2F2F2;
    5513 : F2F2F2;
    5514 : F2F2F2;
    5515 : F2F2F2;
    5516 : F2F2F2;
    5517 : F2F2F2;
    5518 : F2F2F2;
    5519 : F2F2F2;
    551A : F2F2F2;
    551B : F2F2F2;
    551C : F2F2F2;
    551D : F2F2F2;
    551E : F2F2F2;
    551F : F2F2F2;
    5520 : F2F2F2;
    5521 : F2F2F2;
    5522 : F2F2F2;
    5523 : F2F2F2;
    5524 : F2F2F2;
    5525 : F2F2F2;
    5526 : F2F2F2;
    5527 : F2F2F2;
    5528 : F2F2F2;
    5529 : F2F2F2;
    552A : F2F2F2;
    552B : F2F2F2;
    552C : F2F2F2;
    552D : F2F2F2;
    552E : F2F2F2;
    552F : F2F2F2;
    5530 : F2F2F2;
    5531 : F2F2F2;
    5532 : F2F2F2;
    5533 : F2F2F2;
    5534 : F2F2F2;
    5535 : F2F2F2;
    5536 : F2F2F2;
    5537 : F2F2F2;
    5538 : F2F2F2;
    5539 : F2F2F2;
    553A : F2F2F2;
    553B : F2F2F2;
    553C : F2F2F2;
    553D : F2F2F2;
    553E : F2F2F2;
    553F : F2F2F2;
    5540 : F2F2F2;
    5541 : F2F2F2;
    5542 : F2F2F2;
    5543 : F2F2F2;
    5544 : F2F2F2;
    5545 : F2F2F2;
    5546 : F2F2F2;
    5547 : F2F2F2;
    5548 : F2F2F2;
    5549 : F1F1F1;
    554A : F3F3F3;
    554B : F3F3F3;
    554C : EFEFEF;
    554D : F0F0F0;
    554E : F4F4F4;
    554F : F5F5F5;
    5550 : 4E4E4E;
    5551 : 040404;
    5552 : 000000;
    5553 : 090909;
    5554 : 101010;
    5555 : 0A0A0A;
    5556 : 000000;
    5557 : 0D0D0D;
    5558 : 000000;
    5559 : 1E1E1E;
    555A : 262626;
    555B : 242424;
    555C : 292929;
    555D : 2F2F2F;
    555E : FFFFFF;
    555F : D5D5D5;
    5560 : ACACAC;
    5561 : 121212;
    5562 : 232323;
    5563 : 181818;
    5564 : 464646;
    5565 : 1F1F1F;
    5566 : 242424;
    5567 : 272727;
    5568 : 121212;
    5569 : 272727;
    556A : B7B7B7;
    556B : F6F6F6;
    556C : E4E4E4;
    556D : E2E2E2;
    556E : F9F9F9;
    556F : D8D8D8;
    5570 : 313131;
    5571 : 020202;
    5572 : 4D4D4D;
    5573 : 3F3F3F;
    5574 : 252525;
    5575 : 292929;
    5576 : 353535;
    5577 : E1E2E4;
    5578 : FCFFFF;
    5579 : 888D91;
    557A : 101616;
    557B : 1E2724;
    557C : 46534A;
    557D : CFDFD5;
    557E : F2FFFD;
    557F : E1F6EF;
    5580 : 172724;
    5581 : 0E1817;
    5582 : 2E2A2B;
    5583 : 4D393B;
    5584 : 593034;
    5585 : 5B2022;
    5586 : 7B3130;
    5587 : 8E3839;
    5588 : 8B2731;
    5589 : 902634;
    558A : 9A323B;
    558B : 942F33;
    558C : 892223;
    558D : 86201C;
    558E : 8F2823;
    558F : 9C3530;
    5590 : 88221E;
    5591 : 852622;
    5592 : 7B2524;
    5593 : 6D2526;
    5594 : 4F1416;
    5595 : 3F1517;
    5596 : 442628;
    5597 : 382527;
    5598 : 363030;
    5599 : 292929;
    559A : 232323;
    559B : 5F5F5F;
    559C : FEFEFE;
    559D : E7E7E7;
    559E : D6D6D6;
    559F : 353535;
    55A0 : CECECE;
    55A1 : FFFFFF;
    55A2 : E6E6E6;
    55A3 : 4C4C4C;
    55A4 : 3B3B3B;
    55A5 : 383838;
    55A6 : D8D8D8;
    55A7 : EFEFEF;
    55A8 : D6D6D6;
    55A9 : 3A3A3A;
    55AA : 353535;
    55AB : 5B5B5B;
    55AC : F2F2F2;
    55AD : FFFFFF;
    55AE : D8D8D8;
    55AF : 212121;
    55B0 : 2A2A2A;
    55B1 : 1A1A1A;
    55B2 : 3B3B3B;
    55B3 : 3D3D3D;
    55B4 : 323232;
    55B5 : 0A0A0A;
    55B6 : 1A1A1A;
    55B7 : 1C1C1C;
    55B8 : 383838;
    55B9 : 232323;
    55BA : 222222;
    55BB : 2A2A2A;
    55BC : 262626;
    55BD : 353535;
    55BE : 2E2E2E;
    55BF : 101010;
    55C0 : 383838;
    55C1 : 303030;
    55C2 : 3B3B3B;
    55C3 : 393939;
    55C4 : 252525;
    55C5 : 373737;
    55C6 : 5D5D5D;
    55C7 : 151515;
    55C8 : 717171;
    55C9 : FEFEFE;
    55CA : F5F5F5;
    55CB : EDEDED;
    55CC : EEEEEE;
    55CD : F8F8F8;
    55CE : F4F4F4;
    55CF : F2F2F2;
    55D0 : F2F2F2;
    55D1 : F2F2F2;
    55D2 : F2F2F2;
    55D3 : F2F2F2;
    55D4 : F2F2F2;
    55D5 : F2F2F2;
    55D6 : F2F2F2;
    55D7 : F2F2F2;
    55D8 : F2F2F2;
    55D9 : F2F2F2;
    55DA : F2F2F2;
    55DB : F2F2F2;
    55DC : F2F2F2;
    55DD : F2F2F2;
    55DE : F2F2F2;
    55DF : F2F2F2;
    55E0 : F2F2F2;
    55E1 : F2F2F2;
    55E2 : F2F2F2;
    55E3 : F2F2F2;
    55E4 : F2F2F2;
    55E5 : F2F2F2;
    55E6 : F2F2F2;
    55E7 : F2F2F2;
    55E8 : F2F2F2;
    55E9 : F2F2F2;
    55EA : F2F2F2;
    55EB : F2F2F2;
    55EC : F2F2F2;
    55ED : F2F2F2;
    55EE : F2F2F2;
    55EF : F2F2F2;
    55F0 : F2F2F2;
    55F1 : F2F2F2;
    55F2 : F2F2F2;
    55F3 : F2F2F2;
    55F4 : F2F2F2;
    55F5 : F2F2F2;
    55F6 : F2F2F2;
    55F7 : F2F2F2;
    55F8 : F2F2F2;
    55F9 : F2F2F2;
    55FA : F2F2F2;
    55FB : F2F2F2;
    55FC : F2F2F2;
    55FD : F2F2F2;
    55FE : F2F2F2;
    55FF : F2F2F2;
    5600 : F2F2F2;
    5601 : F2F2F2;
    5602 : F2F2F2;
    5603 : F2F2F2;
    5604 : F2F2F2;
    5605 : F2F2F2;
    5606 : F2F2F2;
    5607 : F2F2F2;
    5608 : F2F2F2;
    5609 : F2F2F2;
    560A : F2F2F2;
    560B : F2F2F2;
    560C : F2F2F2;
    560D : F2F2F2;
    560E : F2F2F2;
    560F : F2F2F2;
    5610 : F8F8F8;
    5611 : EBEBEB;
    5612 : F2F2F2;
    5613 : F4F4F4;
    5614 : EBEBEB;
    5615 : F5F5F5;
    5616 : F5F5F5;
    5617 : D6D6D6;
    5618 : 101010;
    5619 : 000000;
    561A : 0C0C0C;
    561B : 141414;
    561C : 000000;
    561D : 000000;
    561E : 0A0A0A;
    561F : 050505;
    5620 : 111111;
    5621 : 363636;
    5622 : 1C1C1C;
    5623 : 121212;
    5624 : 161616;
    5625 : 575757;
    5626 : 919191;
    5627 : D7D7D7;
    5628 : BEBEBE;
    5629 : 272727;
    562A : 1F1F1F;
    562B : 1A1A1A;
    562C : 5E5E5E;
    562D : 2A2A2A;
    562E : 282828;
    562F : 1D1D1D;
    5630 : 292929;
    5631 : 2A2A2A;
    5632 : 626262;
    5633 : FFFFFF;
    5634 : F1F1F1;
    5635 : F6F6F6;
    5636 : F7F7F7;
    5637 : 515151;
    5638 : 0F0F0F;
    5639 : 959595;
    563A : F5F5F5;
    563B : D5D5D5;
    563C : 585858;
    563D : 0A0A0A;
    563E : 5A5A5A;
    563F : F9FAFC;
    5640 : FCFFFF;
    5641 : 95989F;
    5642 : 77767B;
    5643 : 898788;
    5644 : E5E1DE;
    5645 : FFFEFB;
    5646 : FFFEFB;
    5647 : 7B7A78;
    5648 : 191A1C;
    5649 : 1B1C1E;
    564A : 282627;
    564B : 403738;
    564C : 3D2E2B;
    564D : 311D16;
    564E : 270B00;
    564F : 3A1910;
    5650 : 391A18;
    5651 : 38181B;
    5652 : 331513;
    5653 : 2B0E08;
    5654 : 32140A;
    5655 : 3F1D11;
    5656 : 3B1606;
    5657 : 2F0500;
    5658 : 360A00;
    5659 : 340900;
    565A : 35100A;
    565B : 341815;
    565C : 1C0A0A;
    565D : 312B2D;
    565E : 35393C;
    565F : 333B3D;
    5660 : 232426;
    5661 : 373737;
    5662 : 313131;
    5663 : 666666;
    5664 : FFFFFF;
    5665 : F7F7F7;
    5666 : E5E5E5;
    5667 : 767676;
    5668 : F3F3F3;
    5669 : FFFFFF;
    566A : BFBFBF;
    566B : 3A3A3A;
    566C : 262626;
    566D : 5B5B5B;
    566E : FFFFFF;
    566F : FFFFFF;
    5670 : C8C8C8;
    5671 : 3D3D3D;
    5672 : 303030;
    5673 : 252525;
    5674 : C7C7C7;
    5675 : F2F2F2;
    5676 : BDBDBD;
    5677 : 272727;
    5678 : 282828;
    5679 : 1B1B1B;
    567A : 343434;
    567B : 4C4C4C;
    567C : 444444;
    567D : 1C1C1C;
    567E : 171717;
    567F : 1F1F1F;
    5680 : 070707;
    5681 : 262626;
    5682 : 3B3B3B;
    5683 : 343434;
    5684 : 262626;
    5685 : 303030;
    5686 : 3F3F3F;
    5687 : 333333;
    5688 : 404040;
    5689 : 363636;
    568A : 2E2E2E;
    568B : 343434;
    568C : 414141;
    568D : 3C3C3C;
    568E : 2D2D2D;
    568F : 3A3A3A;
    5690 : 393939;
    5691 : D0D0D0;
    5692 : FCFCFC;
    5693 : EFEFEF;
    5694 : F3F3F3;
    5695 : FCFCFC;
    5696 : F6F6F6;
    5697 : F4F4F4;
    5698 : F2F2F2;
    5699 : F2F2F2;
    569A : F2F2F2;
    569B : F2F2F2;
    569C : F2F2F2;
    569D : F2F2F2;
    569E : F2F2F2;
    569F : F2F2F2;
    56A0 : F2F2F2;
    56A1 : F2F2F2;
    56A2 : F2F2F2;
    56A3 : F2F2F2;
    56A4 : F2F2F2;
    56A5 : F2F2F2;
    56A6 : F2F2F2;
    56A7 : F2F2F2;
    56A8 : F2F2F2;
    56A9 : F2F2F2;
    56AA : F2F2F2;
    56AB : F2F2F2;
    56AC : F2F2F2;
    56AD : F2F2F2;
    56AE : F2F2F2;
    56AF : F2F2F2;
    56B0 : F2F2F2;
    56B1 : F2F2F2;
    56B2 : F2F2F2;
    56B3 : F2F2F2;
    56B4 : F2F2F2;
    56B5 : F2F2F2;
    56B6 : F2F2F2;
    56B7 : F2F2F2;
    56B8 : F2F2F2;
    56B9 : F2F2F2;
    56BA : F2F2F2;
    56BB : F2F2F2;
    56BC : F2F2F2;
    56BD : F2F2F2;
    56BE : F2F2F2;
    56BF : F2F2F2;
    56C0 : F2F2F2;
    56C1 : F2F2F2;
    56C2 : F2F2F2;
    56C3 : F2F2F2;
    56C4 : F2F2F2;
    56C5 : F2F2F2;
    56C6 : F2F2F2;
    56C7 : F2F2F2;
    56C8 : F2F2F2;
    56C9 : F2F2F2;
    56CA : F2F2F2;
    56CB : F2F2F2;
    56CC : F2F2F2;
    56CD : F2F2F2;
    56CE : F2F2F2;
    56CF : F2F2F2;
    56D0 : F2F2F2;
    56D1 : F2F2F2;
    56D2 : F2F2F2;
    56D3 : F2F2F2;
    56D4 : F2F2F2;
    56D5 : F2F2F2;
    56D6 : F2F2F2;
    56D7 : F2F2F2;
    56D8 : FDFDFD;
    56D9 : E7E7E7;
    56DA : F0F0F0;
    56DB : F5F5F5;
    56DC : EAEAEA;
    56DD : FAFAFA;
    56DE : F3F3F3;
    56DF : BCBCBC;
    56E0 : 0A0A0A;
    56E1 : 4D4D4D;
    56E2 : 595959;
    56E3 : 848484;
    56E4 : CDCDCD;
    56E5 : 686868;
    56E6 : 000000;
    56E7 : 060606;
    56E8 : 262626;
    56E9 : 171717;
    56EA : 1C1C1C;
    56EB : 292929;
    56EC : 151515;
    56ED : 363636;
    56EE : 151515;
    56EF : 202020;
    56F0 : 262626;
    56F1 : 1F1F1F;
    56F2 : 303030;
    56F3 : 303030;
    56F4 : 303030;
    56F5 : 1E1E1E;
    56F6 : 2C2C2C;
    56F7 : 272727;
    56F8 : 2D2D2D;
    56F9 : 222222;
    56FA : 373737;
    56FB : C6C6C6;
    56FC : F8F8F8;
    56FD : FCFCFC;
    56FE : 8B8B8B;
    56FF : 0D0D0D;
    5700 : 3D3D3D;
    5701 : DEDEDE;
    5702 : FFFFFF;
    5703 : FFFFFF;
    5704 : 6E6E6E;
    5705 : 0A0A0A;
    5706 : 979797;
    5707 : F6F7F9;
    5708 : EDF0F5;
    5709 : FEFFFF;
    570A : FEFCFF;
    570B : FFFDFF;
    570C : FFF9FA;
    570D : F5EBEA;
    570E : A29897;
    570F : 403738;
    5710 : 353132;
    5711 : 1D1B1E;
    5712 : 0C0C0C;
    5713 : 333331;
    5714 : 44433E;
    5715 : 3C3930;
    5716 : 151105;
    5717 : 2B291D;
    5718 : 1A1B16;
    5719 : 282A27;
    571A : 1A1F19;
    571B : 21241D;
    571C : 25271C;
    571D : 131406;
    571E : 1D1709;
    571F : 2A2215;
    5720 : 2E2216;
    5721 : 20130A;
    5722 : 2E231D;
    5723 : 1B1613;
    5724 : 111312;
    5725 : 252D2F;
    5726 : 2C3B3E;
    5727 : 273536;
    5728 : 272B2C;
    5729 : 3B3B3B;
    572A : 3D3D3D;
    572B : 343434;
    572C : 575757;
    572D : 7C7C7C;
    572E : 686868;
    572F : 474747;
    5730 : 898989;
    5731 : 8E8E8E;
    5732 : 5D5D5D;
    5733 : 4D4D4D;
    5734 : 383838;
    5735 : 606060;
    5736 : CDCDCD;
    5737 : CDCDCD;
    5738 : 828282;
    5739 : 303030;
    573A : 3C3C3C;
    573B : 464646;
    573C : EAEAEA;
    573D : FBFBFB;
    573E : 8E8E8E;
    573F : 282828;
    5740 : 272727;
    5741 : 1E1E1E;
    5742 : 343434;
    5743 : 5F5F5F;
    5744 : 585858;
    5745 : 2A2A2A;
    5746 : 0B0B0B;
    5747 : 111111;
    5748 : 202020;
    5749 : 3D3D3D;
    574A : 343434;
    574B : 232323;
    574C : 333333;
    574D : 3F3F3F;
    574E : 414141;
    574F : 353535;
    5750 : 353535;
    5751 : 464646;
    5752 : 363636;
    5753 : 434343;
    5754 : 454545;
    5755 : 2B2B2B;
    5756 : 3E3E3E;
    5757 : 444444;
    5758 : 0B0B0B;
    5759 : 999999;
    575A : EFEFEF;
    575B : F2F2F2;
    575C : F8F8F8;
    575D : EFEFEF;
    575E : E8E8E8;
    575F : F6F6F6;
    5760 : F2F2F2;
    5761 : F2F2F2;
    5762 : F2F2F2;
    5763 : F2F2F2;
    5764 : F2F2F2;
    5765 : F2F2F2;
    5766 : F2F2F2;
    5767 : F2F2F2;
    5768 : F2F2F2;
    5769 : F2F2F2;
    576A : F2F2F2;
    576B : F2F2F2;
    576C : F2F2F2;
    576D : F2F2F2;
    576E : F2F2F2;
    576F : F2F2F2;
    5770 : F2F2F2;
    5771 : F2F2F2;
    5772 : F2F2F2;
    5773 : F2F2F2;
    5774 : F2F2F2;
    5775 : F2F2F2;
    5776 : F2F2F2;
    5777 : F2F2F2;
    5778 : F2F2F2;
    5779 : F2F2F2;
    577A : F2F2F2;
    577B : F2F2F2;
    577C : F2F2F2;
    577D : F2F2F2;
    577E : F2F2F2;
    577F : F2F2F2;
    5780 : F2F2F2;
    5781 : F2F2F2;
    5782 : F2F2F2;
    5783 : F2F2F2;
    5784 : F2F2F2;
    5785 : F2F2F2;
    5786 : F2F2F2;
    5787 : F2F2F2;
    5788 : F2F2F2;
    5789 : F2F2F2;
    578A : F2F2F2;
    578B : F2F2F2;
    578C : F2F2F2;
    578D : F2F2F2;
    578E : F2F2F2;
    578F : F2F2F2;
    5790 : F2F2F2;
    5791 : F2F2F2;
    5792 : F2F2F2;
    5793 : F2F2F2;
    5794 : F2F2F2;
    5795 : F2F2F2;
    5796 : F2F2F2;
    5797 : F2F2F2;
    5798 : F2F2F2;
    5799 : F2F2F2;
    579A : F2F2F2;
    579B : F2F2F2;
    579C : F2F2F2;
    579D : F2F2F2;
    579E : F2F2F2;
    579F : F2F2F2;
    57A0 : EEEEEE;
    57A1 : EDEDED;
    57A2 : F2F2F2;
    57A3 : F4F4F4;
    57A4 : FAFAFA;
    57A5 : E7E7E7;
    57A6 : FFFFFF;
    57A7 : 858585;
    57A8 : 2B2B2B;
    57A9 : A0A0A0;
    57AA : 797979;
    57AB : BCBCBC;
    57AC : FDFDFD;
    57AD : F4F4F4;
    57AE : 5B5B5B;
    57AF : 090909;
    57B0 : 2D2D2D;
    57B1 : 282828;
    57B2 : 111111;
    57B3 : 1C1C1C;
    57B4 : 2B2B2B;
    57B5 : 292929;
    57B6 : 313131;
    57B7 : 323232;
    57B8 : 2C2C2C;
    57B9 : 272727;
    57BA : 292929;
    57BB : 2D2D2D;
    57BC : 262626;
    57BD : 1A1A1A;
    57BE : 1E1E1E;
    57BF : 2C2C2C;
    57C0 : 1E1E1E;
    57C1 : 252525;
    57C2 : 424242;
    57C3 : E2E2E2;
    57C4 : FFFFFF;
    57C5 : C0C0C0;
    57C6 : 1F1F1F;
    57C7 : 343434;
    57C8 : 282828;
    57C9 : CECECE;
    57CA : E8E8E8;
    57CB : B6B6B6;
    57CC : 202020;
    57CD : 0D0D0D;
    57CE : 999999;
    57CF : CBCBCB;
    57D0 : C2C3C5;
    57D1 : A9A9AB;
    57D2 : A4A4A6;
    57D3 : 989697;
    57D4 : 8A8687;
    57D5 : 5C5857;
    57D6 : 292524;
    57D7 : 3E3C3D;
    57D8 : 3C3A3B;
    57D9 : 202020;
    57DA : 101010;
    57DB : 323232;
    57DC : 3C3C3A;
    57DD : 383733;
    57DE : 0E0D09;
    57DF : 272622;
    57E0 : 21201E;
    57E1 : 1E1E1E;
    57E2 : 1D1D1B;
    57E3 : 1D1D1B;
    57E4 : 1F1E1A;
    57E5 : 1F1E1A;
    57E6 : 1E1B16;
    57E7 : 1C1914;
    57E8 : 26211D;
    57E9 : 16110E;
    57EA : 282320;
    57EB : 1D1918;
    57EC : 181818;
    57ED : 363739;
    57EE : 2F3334;
    57EF : 232728;
    57F0 : 363837;
    57F1 : 3C3C3C;
    57F2 : 393939;
    57F3 : 2E2E2E;
    57F4 : 2C2C2C;
    57F5 : 343434;
    57F6 : 393939;
    57F7 : 373737;
    57F8 : 323232;
    57F9 : 383838;
    57FA : 434343;
    57FB : 4E4E4E;
    57FC : 4B4B4B;
    57FD : 3E3E3E;
    57FE : 363636;
    57FF : 373737;
    5800 : 414141;
    5801 : 2E2E2E;
    5802 : 414141;
    5803 : CBCBCB;
    5804 : FDFDFD;
    5805 : EDEDED;
    5806 : 434343;
    5807 : 393939;
    5808 : 2D2D2D;
    5809 : 141414;
    580A : 4C4C4C;
    580B : 828282;
    580C : 515151;
    580D : 343434;
    580E : 0F0F0F;
    580F : 141414;
    5810 : 333333;
    5811 : 2C2C2C;
    5812 : 202020;
    5813 : 3B3B3B;
    5814 : 303030;
    5815 : 383838;
    5816 : 404040;
    5817 : 373737;
    5818 : 373737;
    5819 : 454545;
    581A : 2F2F2F;
    581B : 3B3B3B;
    581C : 3F3F3F;
    581D : 333333;
    581E : 3B3B3B;
    581F : 404040;
    5820 : 2F2F2F;
    5821 : 383838;
    5822 : EEEEEE;
    5823 : F6F6F6;
    5824 : E7E7E7;
    5825 : FAFAFA;
    5826 : ECECEC;
    5827 : F6F6F6;
    5828 : F2F2F2;
    5829 : F2F2F2;
    582A : F2F2F2;
    582B : F2F2F2;
    582C : F2F2F2;
    582D : F2F2F2;
    582E : F2F2F2;
    582F : F2F2F2;
    5830 : F2F2F2;
    5831 : F2F2F2;
    5832 : F2F2F2;
    5833 : F2F2F2;
    5834 : F2F2F2;
    5835 : F2F2F2;
    5836 : F2F2F2;
    5837 : F2F2F2;
    5838 : F2F2F2;
    5839 : F2F2F2;
    583A : F2F2F2;
    583B : F2F2F2;
    583C : F2F2F2;
    583D : F2F2F2;
    583E : F2F2F2;
    583F : F2F2F2;
    5840 : F2F2F2;
    5841 : F2F2F2;
    5842 : F2F2F2;
    5843 : F2F2F2;
    5844 : F2F2F2;
    5845 : F2F2F2;
    5846 : F2F2F2;
    5847 : F2F2F2;
    5848 : F2F2F2;
    5849 : F2F2F2;
    584A : F2F2F2;
    584B : F2F2F2;
    584C : F2F2F2;
    584D : F2F2F2;
    584E : F2F2F2;
    584F : F2F2F2;
    5850 : F2F2F2;
    5851 : F2F2F2;
    5852 : F2F2F2;
    5853 : F2F2F2;
    5854 : F2F2F2;
    5855 : F2F2F2;
    5856 : F2F2F2;
    5857 : F2F2F2;
    5858 : F2F2F2;
    5859 : F2F2F2;
    585A : F2F2F2;
    585B : F2F2F2;
    585C : F2F2F2;
    585D : F2F2F2;
    585E : F2F2F2;
    585F : F2F2F2;
    5860 : F2F2F2;
    5861 : F2F2F2;
    5862 : F2F2F2;
    5863 : F2F2F2;
    5864 : F2F2F2;
    5865 : F2F2F2;
    5866 : F2F2F2;
    5867 : F2F2F2;
    5868 : EAEAEA;
    5869 : F5F5F5;
    586A : F5F5F5;
    586B : E8E8E8;
    586C : F4F4F4;
    586D : FEFEFE;
    586E : D3D3D3;
    586F : 353535;
    5870 : 3B3B3B;
    5871 : 8F8F8F;
    5872 : 979797;
    5873 : F9F9F9;
    5874 : C5C5C5;
    5875 : FFFFFF;
    5876 : 6A6A6A;
    5877 : 010101;
    5878 : 333333;
    5879 : 282828;
    587A : 171717;
    587B : 080808;
    587C : 0F0F0F;
    587D : 252525;
    587E : 2E2E2E;
    587F : 2B2B2B;
    5880 : 2F2F2F;
    5881 : 2B2B2B;
    5882 : 292929;
    5883 : 262626;
    5884 : 181818;
    5885 : 0D0D0D;
    5886 : 1A1A1A;
    5887 : 313131;
    5888 : 2E2E2E;
    5889 : 282828;
    588A : A5A5A5;
    588B : EEEEEE;
    588C : E3E3E3;
    588D : 4C4C4C;
    588E : 242424;
    588F : 272727;
    5890 : 2E2E2E;
    5891 : 2E2E2E;
    5892 : 3F3F3F;
    5893 : 202020;
    5894 : 181818;
    5895 : 1F1F1F;
    5896 : 1D1D1D;
    5897 : 404040;
    5898 : 252525;
    5899 : 343434;
    589A : 333333;
    589B : 262626;
    589C : 2A2A2A;
    589D : 383838;
    589E : 434343;
    589F : 525252;
    58A0 : 272727;
    58A1 : 4A4A4A;
    58A2 : 4B4B4B;
    58A3 : 0B0B0B;
    58A4 : 494949;
    58A5 : 333333;
    58A6 : 202020;
    58A7 : 2D2D2D;
    58A8 : 211F20;
    58A9 : 1F1D1E;
    58AA : 1E1C1D;
    58AB : 1E1C1D;
    58AC : 1F1D1E;
    58AD : 1E1C1D;
    58AE : 1C1A1B;
    58AF : 1A1819;
    58B0 : 201E1F;
    58B1 : 181617;
    58B2 : 1D1B1C;
    58B3 : 1A1819;
    58B4 : 181617;
    58B5 : 3B393A;
    58B6 : 312F30;
    58B7 : 302E2F;
    58B8 : 383838;
    58B9 : 3B3B3B;
    58BA : 3B3B3B;
    58BB : 3A3A3A;
    58BC : 3C3C3C;
    58BD : 434343;
    58BE : 474747;
    58BF : 484848;
    58C0 : 4B4B4B;
    58C1 : 494949;
    58C2 : 4B4B4B;
    58C3 : 4F4F4F;
    58C4 : 4E4E4E;
    58C5 : 494949;
    58C6 : 494949;
    58C7 : 4D4D4D;
    58C8 : 3F3F3F;
    58C9 : 323232;
    58CA : B3B3B3;
    58CB : FFFFFF;
    58CC : FFFFFF;
    58CD : 757575;
    58CE : 262626;
    58CF : 414141;
    58D0 : 1A1A1A;
    58D1 : 262626;
    58D2 : 838383;
    58D3 : 848484;
    58D4 : 131313;
    58D5 : 060606;
    58D6 : 202020;
    58D7 : 1D1D1D;
    58D8 : 272727;
    58D9 : 222222;
    58DA : 333333;
    58DB : 484848;
    58DC : 3B3B3B;
    58DD : 363636;
    58DE : 4C4C4C;
    58DF : 282828;
    58E0 : 373737;
    58E1 : 323232;
    58E2 : 474747;
    58E3 : 393939;
    58E4 : 343434;
    58E5 : 3B3B3B;
    58E6 : 4A4A4A;
    58E7 : 2E2E2E;
    58E8 : 303030;
    58E9 : 212121;
    58EA : C8C8C8;
    58EB : FEFEFE;
    58EC : E7E7E7;
    58ED : F5F5F5;
    58EE : EAEAEA;
    58EF : EFEFEF;
    58F0 : F2F2F2;
    58F1 : F2F2F2;
    58F2 : F2F2F2;
    58F3 : F2F2F2;
    58F4 : F2F2F2;
    58F5 : F2F2F2;
    58F6 : F2F2F2;
    58F7 : F2F2F2;
    58F8 : F2F2F2;
    58F9 : F2F2F2;
    58FA : F2F2F2;
    58FB : F2F2F2;
    58FC : F2F2F2;
    58FD : F2F2F2;
    58FE : F2F2F2;
    58FF : F2F2F2;
    5900 : F2F2F2;
    5901 : F2F2F2;
    5902 : F2F2F2;
    5903 : F2F2F2;
    5904 : F2F2F2;
    5905 : F2F2F2;
    5906 : F2F2F2;
    5907 : F2F2F2;
    5908 : F2F2F2;
    5909 : F2F2F2;
    590A : F2F2F2;
    590B : F2F2F2;
    590C : F2F2F2;
    590D : F2F2F2;
    590E : F2F2F2;
    590F : F2F2F2;
    5910 : F2F2F2;
    5911 : F2F2F2;
    5912 : F2F2F2;
    5913 : F2F2F2;
    5914 : F2F2F2;
    5915 : F2F2F2;
    5916 : F2F2F2;
    5917 : F2F2F2;
    5918 : F2F2F2;
    5919 : F2F2F2;
    591A : F2F2F2;
    591B : F2F2F2;
    591C : F2F2F2;
    591D : F2F2F2;
    591E : F2F2F2;
    591F : F2F2F2;
    5920 : F2F2F2;
    5921 : F2F2F2;
    5922 : F2F2F2;
    5923 : F2F2F2;
    5924 : F2F2F2;
    5925 : F2F2F2;
    5926 : F2F2F2;
    5927 : F2F2F2;
    5928 : F2F2F2;
    5929 : F2F2F2;
    592A : F2F2F2;
    592B : F2F2F2;
    592C : F2F2F2;
    592D : F2F2F2;
    592E : F2F2F2;
    592F : F2F2F2;
    5930 : ECECEC;
    5931 : F6F6F6;
    5932 : F5F5F5;
    5933 : E7E7E7;
    5934 : EFEFEF;
    5935 : FFFFFF;
    5936 : 808080;
    5937 : 000000;
    5938 : 444444;
    5939 : 727272;
    593A : D5D5D5;
    593B : E9E9E9;
    593C : F3F3F3;
    593D : C3C3C3;
    593E : 0F0F0F;
    593F : CFCFCF;
    5940 : D4D4D4;
    5941 : 7C7C7C;
    5942 : 303030;
    5943 : 191919;
    5944 : 191919;
    5945 : 0F0F0F;
    5946 : 121212;
    5947 : 313131;
    5948 : 2B2B2B;
    5949 : 2C2C2C;
    594A : 2F2F2F;
    594B : 2B2B2B;
    594C : 181818;
    594D : 0B0B0B;
    594E : 1B1B1B;
    594F : 363636;
    5950 : 1D1D1D;
    5951 : 5A5A5A;
    5952 : F1F1F1;
    5953 : FFFFFF;
    5954 : 8A8A8A;
    5955 : 1B1B1B;
    5956 : 393939;
    5957 : 363636;
    5958 : 292929;
    5959 : 202020;
    595A : 272727;
    595B : 242424;
    595C : 424242;
    595D : 1C1C1C;
    595E : 1B1B1B;
    595F : 444444;
    5960 : 424242;
    5961 : 535353;
    5962 : 4F4F4F;
    5963 : 474747;
    5964 : 4A4A4A;
    5965 : 525252;
    5966 : 4B4B4B;
    5967 : 313131;
    5968 : 454545;
    5969 : B6B6B6;
    596A : 939393;
    596B : 131313;
    596C : 393939;
    596D : 3F3F3F;
    596E : 101010;
    596F : 1A1A1A;
    5970 : 211F20;
    5971 : 1F1D1E;
    5972 : 1E1C1D;
    5973 : 1E1C1D;
    5974 : 1E1C1D;
    5975 : 1E1C1D;
    5976 : 1C1A1B;
    5977 : 1B191A;
    5978 : 1B191A;
    5979 : 1D1B1C;
    597A : 161415;
    597B : 171516;
    597C : 1D1B1C;
    597D : 3B393A;
    597E : 302E2F;
    597F : 3A3839;
    5980 : 393939;
    5981 : 383838;
    5982 : 3C3C3C;
    5983 : 444444;
    5984 : 4B4B4B;
    5985 : 4D4D4D;
    5986 : 4F4F4F;
    5987 : 525252;
    5988 : 545454;
    5989 : 4E4E4E;
    598A : 4B4B4B;
    598B : 4C4C4C;
    598C : 4E4E4E;
    598D : 4D4D4D;
    598E : 4F4F4F;
    598F : 525252;
    5990 : 424242;
    5991 : 8C8C8C;
    5992 : FFFFFF;
    5993 : FCFCFC;
    5994 : 909090;
    5995 : 414141;
    5996 : 2E2E2E;
    5997 : 505050;
    5998 : 212121;
    5999 : 373737;
    599A : 525252;
    599B : 2F2F2F;
    599C : 171717;
    599D : 191919;
    599E : 191919;
    599F : 111111;
    59A0 : 0D0D0D;
    59A1 : 373737;
    59A2 : 2D2D2D;
    59A3 : 212121;
    59A4 : 494949;
    59A5 : 363636;
    59A6 : 3D3D3D;
    59A7 : 414141;
    59A8 : 333333;
    59A9 : 434343;
    59AA : 454545;
    59AB : 2F2F2F;
    59AC : 383838;
    59AD : 3E3E3E;
    59AE : 333333;
    59AF : 424242;
    59B0 : 404040;
    59B1 : 121212;
    59B2 : 929292;
    59B3 : FFFFFF;
    59B4 : EBEBEB;
    59B5 : F4F4F4;
    59B6 : F0F0F0;
    59B7 : F1F1F1;
    59B8 : F2F2F2;
    59B9 : F2F2F2;
    59BA : F2F2F2;
    59BB : F2F2F2;
    59BC : F2F2F2;
    59BD : F2F2F2;
    59BE : F2F2F2;
    59BF : F2F2F2;
    59C0 : F2F2F2;
    59C1 : F2F2F2;
    59C2 : F2F2F2;
    59C3 : F2F2F2;
    59C4 : F2F2F2;
    59C5 : F2F2F2;
    59C6 : F2F2F2;
    59C7 : F2F2F2;
    59C8 : F2F2F2;
    59C9 : F2F2F2;
    59CA : F2F2F2;
    59CB : F2F2F2;
    59CC : F2F2F2;
    59CD : F2F2F2;
    59CE : F2F2F2;
    59CF : F2F2F2;
    59D0 : F2F2F2;
    59D1 : F2F2F2;
    59D2 : F2F2F2;
    59D3 : F2F2F2;
    59D4 : F2F2F2;
    59D5 : F2F2F2;
    59D6 : F2F2F2;
    59D7 : F2F2F2;
    59D8 : F2F2F2;
    59D9 : F2F2F2;
    59DA : F2F2F2;
    59DB : F2F2F2;
    59DC : F2F2F2;
    59DD : F2F2F2;
    59DE : F2F2F2;
    59DF : F2F2F2;
    59E0 : F2F2F2;
    59E1 : F2F2F2;
    59E2 : F2F2F2;
    59E3 : F2F2F2;
    59E4 : F2F2F2;
    59E5 : F2F2F2;
    59E6 : F2F2F2;
    59E7 : F2F2F2;
    59E8 : F2F2F2;
    59E9 : F2F2F2;
    59EA : F2F2F2;
    59EB : F2F2F2;
    59EC : F2F2F2;
    59ED : F2F2F2;
    59EE : F2F2F2;
    59EF : F2F2F2;
    59F0 : F2F2F2;
    59F1 : F2F2F2;
    59F2 : F2F2F2;
    59F3 : F2F2F2;
    59F4 : F2F2F2;
    59F5 : F2F2F2;
    59F6 : F2F2F2;
    59F7 : F2F2F2;
    59F8 : F6F6F6;
    59F9 : EDEDED;
    59FA : F0F0F0;
    59FB : F5F5F5;
    59FC : F0F0F0;
    59FD : E9E9E9;
    59FE : 383838;
    59FF : 050505;
    5A00 : 505050;
    5A01 : 828282;
    5A02 : C4C4C4;
    5A03 : A7A7A7;
    5A04 : AEAEAE;
    5A05 : 252525;
    5A06 : 3E3E3E;
    5A07 : F4F4F4;
    5A08 : FFFFFF;
    5A09 : F2F2F2;
    5A0A : 797979;
    5A0B : 262626;
    5A0C : 292929;
    5A0D : 272727;
    5A0E : 191919;
    5A0F : 030303;
    5A10 : 1C1C1C;
    5A11 : 222222;
    5A12 : 2F2F2F;
    5A13 : 323232;
    5A14 : 222222;
    5A15 : 111111;
    5A16 : 191919;
    5A17 : 2E2E2E;
    5A18 : 242424;
    5A19 : B7B7B7;
    5A1A : FFFFFF;
    5A1B : D5D5D5;
    5A1C : 2D2D2D;
    5A1D : 1A1A1A;
    5A1E : 323232;
    5A1F : 1F1F1F;
    5A20 : 2C2C2C;
    5A21 : 3A3A3A;
    5A22 : 2C2C2C;
    5A23 : 2A2A2A;
    5A24 : 2C2C2C;
    5A25 : 060606;
    5A26 : 232323;
    5A27 : 414141;
    5A28 : 434343;
    5A29 : 333333;
    5A2A : 383838;
    5A2B : 393939;
    5A2C : 3C3C3C;
    5A2D : 3E3E3E;
    5A2E : 333333;
    5A2F : 353535;
    5A30 : 919191;
    5A31 : F9F9F9;
    5A32 : B5B5B5;
    5A33 : 181818;
    5A34 : 2B2B2B;
    5A35 : 494949;
    5A36 : 202020;
    5A37 : 232323;
    5A38 : 222021;
    5A39 : 201E1F;
    5A3A : 1E1C1D;
    5A3B : 1D1B1C;
    5A3C : 1E1C1D;
    5A3D : 1E1C1D;
    5A3E : 1D1B1C;
    5A3F : 1B191A;
    5A40 : 191718;
    5A41 : 1D1B1C;
    5A42 : 191718;
    5A43 : 121011;
    5A44 : 2C2A2B;
    5A45 : 323031;
    5A46 : 312F30;
    5A47 : 3C3A3B;
    5A48 : 383838;
    5A49 : 343434;
    5A4A : 393939;
    5A4B : 484848;
    5A4C : 4F4F4F;
    5A4D : 4B4B4B;
    5A4E : 494949;
    5A4F : 4D4D4D;
    5A50 : 4A4A4A;
    5A51 : 484848;
    5A52 : 474747;
    5A53 : 4B4B4B;
    5A54 : 4E4E4E;
    5A55 : 4D4D4D;
    5A56 : 494949;
    5A57 : 464646;
    5A58 : 7A7A7A;
    5A59 : F1F1F1;
    5A5A : FFFFFF;
    5A5B : B7B7B7;
    5A5C : 2A2A2A;
    5A5D : 505050;
    5A5E : 414141;
    5A5F : 464646;
    5A60 : 1A1A1A;
    5A61 : 373737;
    5A62 : 313131;
    5A63 : 070707;
    5A64 : 232323;
    5A65 : 181818;
    5A66 : 131313;
    5A67 : 232323;
    5A68 : 262626;
    5A69 : 282828;
    5A6A : 363636;
    5A6B : 3D3D3D;
    5A6C : 2C2C2C;
    5A6D : 303030;
    5A6E : 414141;
    5A6F : 282828;
    5A70 : 2B2B2B;
    5A71 : 2F2F2F;
    5A72 : 1A1A1A;
    5A73 : 414141;
    5A74 : 414141;
    5A75 : 333333;
    5A76 : 222222;
    5A77 : 2C2C2C;
    5A78 : 494949;
    5A79 : 121212;
    5A7A : 5C5C5C;
    5A7B : FFFFFF;
    5A7C : EDEDED;
    5A7D : F1F1F1;
    5A7E : F6F6F6;
    5A7F : F4F4F4;
    5A80 : F2F2F2;
    5A81 : F2F2F2;
    5A82 : F2F2F2;
    5A83 : F2F2F2;
    5A84 : F2F2F2;
    5A85 : F2F2F2;
    5A86 : F2F2F2;
    5A87 : F2F2F2;
    5A88 : F2F2F2;
    5A89 : F2F2F2;
    5A8A : F2F2F2;
    5A8B : F2F2F2;
    5A8C : F2F2F2;
    5A8D : F2F2F2;
    5A8E : F2F2F2;
    5A8F : F2F2F2;
    5A90 : F2F2F2;
    5A91 : F2F2F2;
    5A92 : F2F2F2;
    5A93 : F2F2F2;
    5A94 : F2F2F2;
    5A95 : F2F2F2;
    5A96 : F2F2F2;
    5A97 : F2F2F2;
    5A98 : F2F2F2;
    5A99 : F2F2F2;
    5A9A : F2F2F2;
    5A9B : F2F2F2;
    5A9C : F2F2F2;
    5A9D : F2F2F2;
    5A9E : F2F2F2;
    5A9F : F2F2F2;
    5AA0 : F2F2F2;
    5AA1 : F2F2F2;
    5AA2 : F2F2F2;
    5AA3 : F2F2F2;
    5AA4 : F2F2F2;
    5AA5 : F2F2F2;
    5AA6 : F2F2F2;
    5AA7 : F2F2F2;
    5AA8 : F2F2F2;
    5AA9 : F2F2F2;
    5AAA : F2F2F2;
    5AAB : F2F2F2;
    5AAC : F2F2F2;
    5AAD : F2F2F2;
    5AAE : F2F2F2;
    5AAF : F2F2F2;
    5AB0 : F2F2F2;
    5AB1 : F2F2F2;
    5AB2 : F2F2F2;
    5AB3 : F2F2F2;
    5AB4 : F2F2F2;
    5AB5 : F2F2F2;
    5AB6 : F2F2F2;
    5AB7 : F2F2F2;
    5AB8 : F2F2F2;
    5AB9 : F2F2F2;
    5ABA : F2F2F2;
    5ABB : F2F2F2;
    5ABC : F2F2F2;
    5ABD : F2F2F2;
    5ABE : F2F2F2;
    5ABF : F2F2F2;
    5AC0 : FAFAFA;
    5AC1 : E8E8E8;
    5AC2 : ECECEC;
    5AC3 : FBFBFB;
    5AC4 : F8F8F8;
    5AC5 : CECECE;
    5AC6 : 131313;
    5AC7 : 131313;
    5AC8 : 323232;
    5AC9 : 202020;
    5ACA : 0B0B0B;
    5ACB : 111111;
    5ACC : 0E0E0E;
    5ACD : 020202;
    5ACE : 2F2F2F;
    5ACF : 696969;
    5AD0 : EEEEEE;
    5AD1 : FFFFFF;
    5AD2 : 808080;
    5AD3 : 171717;
    5AD4 : 2A2A2A;
    5AD5 : 323232;
    5AD6 : 3C3C3C;
    5AD7 : 232323;
    5AD8 : 161616;
    5AD9 : 191919;
    5ADA : 252525;
    5ADB : 2E2E2E;
    5ADC : 232323;
    5ADD : 111111;
    5ADE : 111111;
    5ADF : 1E1E1E;
    5AE0 : 616161;
    5AE1 : EFEFEF;
    5AE2 : FAFAFA;
    5AE3 : 5D5D5D;
    5AE4 : 2B2B2B;
    5AE5 : 282828;
    5AE6 : 3C3C3C;
    5AE7 : 292929;
    5AE8 : 1E1E1E;
    5AE9 : 191919;
    5AEA : 2A2A2A;
    5AEB : 333333;
    5AEC : 292929;
    5AED : 2E2E2E;
    5AEE : 181818;
    5AEF : 2E2E2E;
    5AF0 : 3F3F3F;
    5AF1 : 313131;
    5AF2 : 4E4E4E;
    5AF3 : 454545;
    5AF4 : 3D3D3D;
    5AF5 : 404040;
    5AF6 : 383838;
    5AF7 : 696969;
    5AF8 : FAFAFA;
    5AF9 : FFFFFF;
    5AFA : CBCBCB;
    5AFB : 181818;
    5AFC : 363636;
    5AFD : 303030;
    5AFE : 313131;
    5AFF : 131313;
    5B00 : 222021;
    5B01 : 201E1F;
    5B02 : 1D1B1C;
    5B03 : 1C1A1B;
    5B04 : 1D1B1C;
    5B05 : 1E1C1D;
    5B06 : 1D1B1C;
    5B07 : 1C1A1B;
    5B08 : 191718;
    5B09 : 1B191A;
    5B0A : 201E1F;
    5B0B : 121011;
    5B0C : 3B393A;
    5B0D : 272526;
    5B0E : 343233;
    5B0F : 373536;
    5B10 : 373737;
    5B11 : 343434;
    5B12 : 3B3B3B;
    5B13 : 494949;
    5B14 : 4E4E4E;
    5B15 : 494949;
    5B16 : 464646;
    5B17 : 4A4A4A;
    5B18 : 484848;
    5B19 : 494949;
    5B1A : 4A4A4A;
    5B1B : 4C4C4C;
    5B1C : 4F4F4F;
    5B1D : 4F4F4F;
    5B1E : 4A4A4A;
    5B1F : 444444;
    5B20 : 6E6E6E;
    5B21 : A3A3A3;
    5B22 : A3A3A3;
    5B23 : 555555;
    5B24 : 464646;
    5B25 : 484848;
    5B26 : 424242;
    5B27 : 3F3F3F;
    5B28 : 242424;
    5B29 : 313131;
    5B2A : 3C3C3C;
    5B2B : 1D1D1D;
    5B2C : 171717;
    5B2D : 0E0E0E;
    5B2E : 202020;
    5B2F : 151515;
    5B30 : 070707;
    5B31 : 1E1E1E;
    5B32 : 161616;
    5B33 : 313131;
    5B34 : 3F3F3F;
    5B35 : 565656;
    5B36 : 393939;
    5B37 : 6E6E6E;
    5B38 : 939393;
    5B39 : 6F6F6F;
    5B3A : 7E7E7E;
    5B3B : CACACA;
    5B3C : 9F9F9F;
    5B3D : 6B6B6B;
    5B3E : A3A3A3;
    5B3F : 4E4E4E;
    5B40 : 363636;
    5B41 : 252525;
    5B42 : 333333;
    5B43 : F5F5F5;
    5B44 : F1F1F1;
    5B45 : EEEEEE;
    5B46 : F3F3F3;
    5B47 : EEEEEE;
    5B48 : F2F2F2;
    5B49 : F2F2F2;
    5B4A : F2F2F2;
    5B4B : F2F2F2;
    5B4C : F2F2F2;
    5B4D : F2F2F2;
    5B4E : F2F2F2;
    5B4F : F2F2F2;
    5B50 : F2F2F2;
    5B51 : F2F2F2;
    5B52 : F2F2F2;
    5B53 : F2F2F2;
    5B54 : F2F2F2;
    5B55 : F2F2F2;
    5B56 : F2F2F2;
    5B57 : F2F2F2;
    5B58 : F2F2F2;
    5B59 : F2F2F2;
    5B5A : F2F2F2;
    5B5B : F2F2F2;
    5B5C : F2F2F2;
    5B5D : F2F2F2;
    5B5E : F2F2F2;
    5B5F : F2F2F2;
    5B60 : F2F2F2;
    5B61 : F2F2F2;
    5B62 : F2F2F2;
    5B63 : F2F2F2;
    5B64 : F2F2F2;
    5B65 : F2F2F2;
    5B66 : F2F2F2;
    5B67 : F2F2F2;
    5B68 : F2F2F2;
    5B69 : F2F2F2;
    5B6A : F2F2F2;
    5B6B : F2F2F2;
    5B6C : F2F2F2;
    5B6D : F2F2F2;
    5B6E : F2F2F2;
    5B6F : F2F2F2;
    5B70 : F2F2F2;
    5B71 : F2F2F2;
    5B72 : F2F2F2;
    5B73 : F2F2F2;
    5B74 : F2F2F2;
    5B75 : F2F2F2;
    5B76 : F2F2F2;
    5B77 : F2F2F2;
    5B78 : F2F2F2;
    5B79 : F2F2F2;
    5B7A : F2F2F2;
    5B7B : F2F2F2;
    5B7C : F2F2F2;
    5B7D : F2F2F2;
    5B7E : F2F2F2;
    5B7F : F2F2F2;
    5B80 : F2F2F2;
    5B81 : F2F2F2;
    5B82 : F2F2F2;
    5B83 : F2F2F2;
    5B84 : F2F2F2;
    5B85 : F2F2F2;
    5B86 : F2F2F2;
    5B87 : F2F2F2;
    5B88 : F5F5F5;
    5B89 : EDEDED;
    5B8A : ECECEC;
    5B8B : F3F3F3;
    5B8C : FFFFFF;
    5B8D : B5B5B5;
    5B8E : 0A0A0A;
    5B8F : 040404;
    5B90 : 000000;
    5B91 : 000000;
    5B92 : 121212;
    5B93 : 020202;
    5B94 : 000000;
    5B95 : 202020;
    5B96 : 171717;
    5B97 : B2B2B2;
    5B98 : FEFEFE;
    5B99 : F3F3F3;
    5B9A : 555555;
    5B9B : 1B1B1B;
    5B9C : 393939;
    5B9D : 242424;
    5B9E : 282828;
    5B9F : 242424;
    5BA0 : 232323;
    5BA1 : 1F1F1F;
    5BA2 : 222222;
    5BA3 : 282828;
    5BA4 : 202020;
    5BA5 : 101010;
    5BA6 : 0F0F0F;
    5BA7 : 1A1A1A;
    5BA8 : AEAEAE;
    5BA9 : F3F3F3;
    5BAA : BFBFBF;
    5BAB : 202020;
    5BAC : 303030;
    5BAD : 222222;
    5BAE : 171717;
    5BAF : 3E3E3E;
    5BB0 : 5F5F5F;
    5BB1 : 4C4C4C;
    5BB2 : 1E1E1E;
    5BB3 : 2F2F2F;
    5BB4 : 262626;
    5BB5 : 1F1F1F;
    5BB6 : 1A1A1A;
    5BB7 : 3A3A3A;
    5BB8 : 555555;
    5BB9 : 515151;
    5BBA : 4B4B4B;
    5BBB : 2C2C2C;
    5BBC : 343434;
    5BBD : 434343;
    5BBE : 363636;
    5BBF : 585858;
    5BC0 : 737373;
    5BC1 : 5E5E5E;
    5BC2 : 4A4A4A;
    5BC3 : 010101;
    5BC4 : 1C1C1C;
    5BC5 : 343434;
    5BC6 : 383838;
    5BC7 : 141414;
    5BC8 : 232122;
    5BC9 : 201E1F;
    5BCA : 1D1B1C;
    5BCB : 1C1A1B;
    5BCC : 1D1B1C;
    5BCD : 1D1B1C;
    5BCE : 1D1B1C;
    5BCF : 1C1A1B;
    5BD0 : 1C1A1B;
    5BD1 : 191718;
    5BD2 : 201E1F;
    5BD3 : 1B191A;
    5BD4 : 3B393A;
    5BD5 : 222021;
    5BD6 : 373536;
    5BD7 : 343233;
    5BD8 : 363636;
    5BD9 : 3A3A3A;
    5BDA : 424242;
    5BDB : 4B4B4B;
    5BDC : 4E4E4E;
    5BDD : 4B4B4B;
    5BDE : 4C4C4C;
    5BDF : 4F4F4F;
    5BE0 : 4D4D4D;
    5BE1 : 4D4D4D;
    5BE2 : 4B4B4B;
    5BE3 : 484848;
    5BE4 : 4A4A4A;
    5BE5 : 4E4E4E;
    5BE6 : 4E4E4E;
    5BE7 : 4B4B4B;
    5BE8 : 3E3E3E;
    5BE9 : 3F3F3F;
    5BEA : 3F3F3F;
    5BEB : 2B2B2B;
    5BEC : 676767;
    5BED : 444444;
    5BEE : 3B3B3B;
    5BEF : 434343;
    5BF0 : 282828;
    5BF1 : 454545;
    5BF2 : 2F2F2F;
    5BF3 : 101010;
    5BF4 : 1B1B1B;
    5BF5 : 171717;
    5BF6 : 181818;
    5BF7 : 0E0E0E;
    5BF8 : 4E4E4E;
    5BF9 : ADADAD;
    5BFA : 959595;
    5BFB : AFAFAF;
    5BFC : FFFFFF;
    5BFD : D4D4D4;
    5BFE : 303030;
    5BFF : CFCFCF;
    5C00 : FEFEFE;
    5C01 : F5F5F5;
    5C02 : FFFFFF;
    5C03 : F8F8F8;
    5C04 : CBCBCB;
    5C05 : 6A6A6A;
    5C06 : F7F7F7;
    5C07 : B4B4B4;
    5C08 : 252525;
    5C09 : 5F5F5F;
    5C0A : 2F2F2F;
    5C0B : DBDBDB;
    5C0C : FDFDFD;
    5C0D : F2F2F2;
    5C0E : F2F2F2;
    5C0F : ECECEC;
    5C10 : F2F2F2;
    5C11 : F2F2F2;
    5C12 : F2F2F2;
    5C13 : F2F2F2;
    5C14 : F2F2F2;
    5C15 : F2F2F2;
    5C16 : F2F2F2;
    5C17 : F2F2F2;
    5C18 : F2F2F2;
    5C19 : F2F2F2;
    5C1A : F2F2F2;
    5C1B : F2F2F2;
    5C1C : F2F2F2;
    5C1D : F2F2F2;
    5C1E : F2F2F2;
    5C1F : F2F2F2;
    5C20 : F2F2F2;
    5C21 : F2F2F2;
    5C22 : F2F2F2;
    5C23 : F2F2F2;
    5C24 : F2F2F2;
    5C25 : F2F2F2;
    5C26 : F2F2F2;
    5C27 : F2F2F2;
    5C28 : F2F2F2;
    5C29 : F2F2F2;
    5C2A : F2F2F2;
    5C2B : F2F2F2;
    5C2C : F2F2F2;
    5C2D : F2F2F2;
    5C2E : F2F2F2;
    5C2F : F2F2F2;
    5C30 : F2F2F2;
    5C31 : F2F2F2;
    5C32 : F2F2F2;
    5C33 : F2F2F2;
    5C34 : F2F2F2;
    5C35 : F2F2F2;
    5C36 : F2F2F2;
    5C37 : F2F2F2;
    5C38 : F2F2F2;
    5C39 : F2F2F2;
    5C3A : F2F2F2;
    5C3B : F2F2F2;
    5C3C : F2F2F2;
    5C3D : F2F2F2;
    5C3E : F2F2F2;
    5C3F : F2F2F2;
    5C40 : F2F2F2;
    5C41 : F2F2F2;
    5C42 : F2F2F2;
    5C43 : F2F2F2;
    5C44 : F2F2F2;
    5C45 : F2F2F2;
    5C46 : F2F2F2;
    5C47 : F2F2F2;
    5C48 : F2F2F2;
    5C49 : F2F2F2;
    5C4A : F2F2F2;
    5C4B : F2F2F2;
    5C4C : F2F2F2;
    5C4D : F2F2F2;
    5C4E : F2F2F2;
    5C4F : F2F2F2;
    5C50 : F0F0F0;
    5C51 : F3F3F3;
    5C52 : F0F0F0;
    5C53 : EEEEEE;
    5C54 : FFFFFF;
    5C55 : 8C8C8C;
    5C56 : 0B0B0B;
    5C57 : 000000;
    5C58 : 0F0F0F;
    5C59 : 0D0D0D;
    5C5A : 0B0B0B;
    5C5B : 0E0E0E;
    5C5C : 090909;
    5C5D : 676767;
    5C5E : A5A5A5;
    5C5F : 9B9B9B;
    5C60 : F3F3F3;
    5C61 : A7A7A7;
    5C62 : 414141;
    5C63 : 1D1D1D;
    5C64 : 232323;
    5C65 : 212121;
    5C66 : 272727;
    5C67 : 2F2F2F;
    5C68 : 2A2A2A;
    5C69 : 242424;
    5C6A : 262626;
    5C6B : 2A2A2A;
    5C6C : 202020;
    5C6D : 111111;
    5C6E : 121212;
    5C6F : 1D1D1D;
    5C70 : 4E4E4E;
    5C71 : 5A5A5A;
    5C72 : 3C3C3C;
    5C73 : 161616;
    5C74 : 222222;
    5C75 : 363636;
    5C76 : 242424;
    5C77 : 9D9D9D;
    5C78 : FFFFFF;
    5C79 : E9E9E9;
    5C7A : 575757;
    5C7B : 1E1E1E;
    5C7C : 292929;
    5C7D : 111111;
    5C7E : 2A2A2A;
    5C7F : 707070;
    5C80 : FFFFFF;
    5C81 : F1F1F1;
    5C82 : 767676;
    5C83 : 323232;
    5C84 : 404040;
    5C85 : 3E3E3E;
    5C86 : 3B3B3B;
    5C87 : 3B3B3B;
    5C88 : 333333;
    5C89 : 2B2B2B;
    5C8A : 212121;
    5C8B : 232323;
    5C8C : 1B1B1B;
    5C8D : 4D4D4D;
    5C8E : 343434;
    5C8F : 171717;
    5C90 : 232122;
    5C91 : 201E1F;
    5C92 : 1D1B1C;
    5C93 : 1B191A;
    5C94 : 1C1A1B;
    5C95 : 1D1B1C;
    5C96 : 1D1B1C;
    5C97 : 1D1B1C;
    5C98 : 1E1C1D;
    5C99 : 1C1A1B;
    5C9A : 141213;
    5C9B : 2D2B2C;
    5C9C : 2C2A2B;
    5C9D : 272526;
    5C9E : 393738;
    5C9F : 373536;
    5CA0 : 363636;
    5CA1 : 404040;
    5CA2 : 494949;
    5CA3 : 494949;
    5CA4 : 484848;
    5CA5 : 4A4A4A;
    5CA6 : 4E4E4E;
    5CA7 : 4F4F4F;
    5CA8 : 4B4B4B;
    5CA9 : 4E4E4E;
    5CAA : 4D4D4D;
    5CAB : 474747;
    5CAC : 464646;
    5CAD : 4B4B4B;
    5CAE : 4E4E4E;
    5CAF : 4D4D4D;
    5CB0 : 515151;
    5CB1 : 535353;
    5CB2 : 474747;
    5CB3 : 484848;
    5CB4 : 585858;
    5CB5 : 494949;
    5CB6 : 3A3A3A;
    5CB7 : 353535;
    5CB8 : 181818;
    5CB9 : 4F4F4F;
    5CBA : 252525;
    5CBB : 0F0F0F;
    5CBC : 1A1A1A;
    5CBD : 171717;
    5CBE : 353535;
    5CBF : 7D7D7D;
    5CC0 : FFFFFF;
    5CC1 : F8F8F8;
    5CC2 : F7F7F7;
    5CC3 : F4F4F4;
    5CC4 : F6F6F6;
    5CC5 : BEBEBE;
    5CC6 : 353535;
    5CC7 : DFDFDF;
    5CC8 : F6F6F6;
    5CC9 : F3F3F3;
    5CCA : ADADAD;
    5CCB : 707070;
    5CCC : 5F5F5F;
    5CCD : 171717;
    5CCE : B5B5B5;
    5CCF : D8D8D8;
    5CD0 : 343434;
    5CD1 : B7B7B7;
    5CD2 : 464646;
    5CD3 : BCBCBC;
    5CD4 : FFFFFF;
    5CD5 : F3F3F3;
    5CD6 : F2F2F2;
    5CD7 : F2F2F2;
    5CD8 : F2F2F2;
    5CD9 : F2F2F2;
    5CDA : F2F2F2;
    5CDB : F2F2F2;
    5CDC : F2F2F2;
    5CDD : F2F2F2;
    5CDE : F2F2F2;
    5CDF : F2F2F2;
    5CE0 : F2F2F2;
    5CE1 : F2F2F2;
    5CE2 : F2F2F2;
    5CE3 : F2F2F2;
    5CE4 : F2F2F2;
    5CE5 : F2F2F2;
    5CE6 : F2F2F2;
    5CE7 : F2F2F2;
    5CE8 : F2F2F2;
    5CE9 : F2F2F2;
    5CEA : F2F2F2;
    5CEB : F2F2F2;
    5CEC : F2F2F2;
    5CED : F2F2F2;
    5CEE : F2F2F2;
    5CEF : F2F2F2;
    5CF0 : F2F2F2;
    5CF1 : F2F2F2;
    5CF2 : F2F2F2;
    5CF3 : F2F2F2;
    5CF4 : F2F2F2;
    5CF5 : F2F2F2;
    5CF6 : F2F2F2;
    5CF7 : F2F2F2;
    5CF8 : F2F2F2;
    5CF9 : F2F2F2;
    5CFA : F2F2F2;
    5CFB : F2F2F2;
    5CFC : F2F2F2;
    5CFD : F2F2F2;
    5CFE : F2F2F2;
    5CFF : F2F2F2;
    5D00 : F2F2F2;
    5D01 : F2F2F2;
    5D02 : F2F2F2;
    5D03 : F2F2F2;
    5D04 : F2F2F2;
    5D05 : F2F2F2;
    5D06 : F2F2F2;
    5D07 : F2F2F2;
    5D08 : F2F2F2;
    5D09 : F2F2F2;
    5D0A : F2F2F2;
    5D0B : F2F2F2;
    5D0C : F2F2F2;
    5D0D : F2F2F2;
    5D0E : F2F2F2;
    5D0F : F2F2F2;
    5D10 : F2F2F2;
    5D11 : F2F2F2;
    5D12 : F2F2F2;
    5D13 : F2F2F2;
    5D14 : F2F2F2;
    5D15 : F2F2F2;
    5D16 : F2F2F2;
    5D17 : F2F2F2;
    5D18 : F0F0F0;
    5D19 : F4F4F4;
    5D1A : F2F2F2;
    5D1B : F1F1F1;
    5D1C : FFFFFF;
    5D1D : 616161;
    5D1E : 0B0B0B;
    5D1F : 0A0A0A;
    5D20 : 0A0A0A;
    5D21 : 000000;
    5D22 : 020202;
    5D23 : 101010;
    5D24 : 000000;
    5D25 : A4A4A4;
    5D26 : E5E5E5;
    5D27 : D2D2D2;
    5D28 : 555555;
    5D29 : 060606;
    5D2A : 6E6E6E;
    5D2B : E7E7E7;
    5D2C : C6C6C6;
    5D2D : 555555;
    5D2E : 0F0F0F;
    5D2F : 313131;
    5D30 : 202020;
    5D31 : 1F1F1F;
    5D32 : 252525;
    5D33 : 2B2B2B;
    5D34 : 212121;
    5D35 : 111111;
    5D36 : 101010;
    5D37 : 1C1C1C;
    5D38 : 282828;
    5D39 : 090909;
    5D3A : 272727;
    5D3B : 353535;
    5D3C : 262626;
    5D3D : 282828;
    5D3E : 232323;
    5D3F : B1B1B1;
    5D40 : F8F8F8;
    5D41 : FAFAFA;
    5D42 : C8C8C8;
    5D43 : 303030;
    5D44 : 343434;
    5D45 : 1E1E1E;
    5D46 : 040404;
    5D47 : 9F9F9F;
    5D48 : FDFDFD;
    5D49 : F9F9F9;
    5D4A : 5B5B5B;
    5D4B : 333333;
    5D4C : 4D4D4D;
    5D4D : 2F2F2F;
    5D4E : 444444;
    5D4F : 3C3C3C;
    5D50 : 414141;
    5D51 : 2F2F2F;
    5D52 : 323232;
    5D53 : 0F0F0F;
    5D54 : 1A1A1A;
    5D55 : 313131;
    5D56 : 323232;
    5D57 : 161616;
    5D58 : 242223;
    5D59 : 201E1F;
    5D5A : 1D1B1C;
    5D5B : 1B191A;
    5D5C : 1C1A1B;
    5D5D : 1D1B1C;
    5D5E : 1E1C1D;
    5D5F : 1D1B1C;
    5D60 : 1F1D1E;
    5D61 : 1F1D1E;
    5D62 : 080607;
    5D63 : 3A3839;
    5D64 : 1D1B1C;
    5D65 : 2E2C2D;
    5D66 : 393738;
    5D67 : 3C3A3B;
    5D68 : 343434;
    5D69 : 434343;
    5D6A : 4B4B4B;
    5D6B : 444444;
    5D6C : 3F3F3F;
    5D6D : 444444;
    5D6E : 494949;
    5D6F : 494949;
    5D70 : 474747;
    5D71 : 4F4F4F;
    5D72 : 525252;
    5D73 : 4D4D4D;
    5D74 : 4A4A4A;
    5D75 : 4D4D4D;
    5D76 : 4E4E4E;
    5D77 : 4C4C4C;
    5D78 : 4C4C4C;
    5D79 : 494949;
    5D7A : 575757;
    5D7B : 4E4E4E;
    5D7C : 4B4B4B;
    5D7D : 393939;
    5D7E : 434343;
    5D7F : 292929;
    5D80 : 3B3B3B;
    5D81 : 2F2F2F;
    5D82 : 0D0D0D;
    5D83 : 2A2A2A;
    5D84 : 1E1E1E;
    5D85 : 353535;
    5D86 : 909090;
    5D87 : EEEEEE;
    5D88 : A1A1A1;
    5D89 : 868686;
    5D8A : D2D2D2;
    5D8B : EFEFEF;
    5D8C : FFFFFF;
    5D8D : BBBBBB;
    5D8E : 303030;
    5D8F : E4E4E4;
    5D90 : FFFFFF;
    5D91 : B5B5B5;
    5D92 : 333333;
    5D93 : 2B2B2B;
    5D94 : 1D1D1D;
    5D95 : 282828;
    5D96 : AEAEAE;
    5D97 : EBEBEB;
    5D98 : 4C4C4C;
    5D99 : FAFAFA;
    5D9A : 595959;
    5D9B : 9F9F9F;
    5D9C : F9F9F9;
    5D9D : ECECEC;
    5D9E : EFEFEF;
    5D9F : F7F7F7;
    5DA0 : F2F2F2;
    5DA1 : F2F2F2;
    5DA2 : F2F2F2;
    5DA3 : F2F2F2;
    5DA4 : F2F2F2;
    5DA5 : F2F2F2;
    5DA6 : F2F2F2;
    5DA7 : F2F2F2;
    5DA8 : F2F2F2;
    5DA9 : F2F2F2;
    5DAA : F2F2F2;
    5DAB : F2F2F2;
    5DAC : F2F2F2;
    5DAD : F2F2F2;
    5DAE : F2F2F2;
    5DAF : F2F2F2;
    5DB0 : F2F2F2;
    5DB1 : F2F2F2;
    5DB2 : F2F2F2;
    5DB3 : F2F2F2;
    5DB4 : F2F2F2;
    5DB5 : F2F2F2;
    5DB6 : F2F2F2;
    5DB7 : F2F2F2;
    5DB8 : F2F2F2;
    5DB9 : F2F2F2;
    5DBA : F2F2F2;
    5DBB : F2F2F2;
    5DBC : F2F2F2;
    5DBD : F2F2F2;
    5DBE : F2F2F2;
    5DBF : F2F2F2;
    5DC0 : F2F2F2;
    5DC1 : F2F2F2;
    5DC2 : F2F2F2;
    5DC3 : F2F2F2;
    5DC4 : F2F2F2;
    5DC5 : F2F2F2;
    5DC6 : F2F2F2;
    5DC7 : F2F2F2;
    5DC8 : F2F2F2;
    5DC9 : F2F2F2;
    5DCA : F2F2F2;
    5DCB : F2F2F2;
    5DCC : F2F2F2;
    5DCD : F2F2F2;
    5DCE : F2F2F2;
    5DCF : F2F2F2;
    5DD0 : F2F2F2;
    5DD1 : F2F2F2;
    5DD2 : F2F2F2;
    5DD3 : F2F2F2;
    5DD4 : F2F2F2;
    5DD5 : F2F2F2;
    5DD6 : F2F2F2;
    5DD7 : F2F2F2;
    5DD8 : F2F2F2;
    5DD9 : F2F2F2;
    5DDA : F2F2F2;
    5DDB : F2F2F2;
    5DDC : F2F2F2;
    5DDD : F2F2F2;
    5DDE : F2F2F2;
    5DDF : F2F2F2;
    5DE0 : EBEBEB;
    5DE1 : FFFFFF;
    5DE2 : E6E6E6;
    5DE3 : EAEAEA;
    5DE4 : FCFCFC;
    5DE5 : 323232;
    5DE6 : 020202;
    5DE7 : 090909;
    5DE8 : 0F0F0F;
    5DE9 : 040404;
    5DEA : 141414;
    5DEB : 3B3B3B;
    5DEC : 4B4B4B;
    5DED : 2D2D2D;
    5DEE : 191919;
    5DEF : A1A1A1;
    5DF0 : F1F1F1;
    5DF1 : 555555;
    5DF2 : 3B3B3B;
    5DF3 : 818181;
    5DF4 : AFAFAF;
    5DF5 : 6F6F6F;
    5DF6 : 050505;
    5DF7 : 1F1F1F;
    5DF8 : 2C2C2C;
    5DF9 : 0C0C0C;
    5DFA : 151515;
    5DFB : 262626;
    5DFC : 1F1F1F;
    5DFD : 121212;
    5DFE : 0C0C0C;
    5DFF : 151515;
    5E00 : 252525;
    5E01 : 292929;
    5E02 : 2F2F2F;
    5E03 : 2B2B2B;
    5E04 : 292929;
    5E05 : 343434;
    5E06 : 1B1B1B;
    5E07 : C0C0C0;
    5E08 : FCFCFC;
    5E09 : F6F6F6;
    5E0A : EDEDED;
    5E0B : ACACAC;
    5E0C : 1B1B1B;
    5E0D : 1C1C1C;
    5E0E : 171717;
    5E0F : B1B1B1;
    5E10 : F2F2F2;
    5E11 : EAEAEA;
    5E12 : 4F4F4F;
    5E13 : 3A3A3A;
    5E14 : 3D3D3D;
    5E15 : 3F3F3F;
    5E16 : 494949;
    5E17 : 393939;
    5E18 : 424242;
    5E19 : 2E2E2E;
    5E1A : 2A2A2A;
    5E1B : 272727;
    5E1C : 1C1C1C;
    5E1D : 363636;
    5E1E : 4B4B4B;
    5E1F : 0E0E0E;
    5E20 : 222021;
    5E21 : 1F1D1E;
    5E22 : 1B191A;
    5E23 : 191718;
    5E24 : 191718;
    5E25 : 1A1819;
    5E26 : 1A1819;
    5E27 : 191718;
    5E28 : 1A1819;
    5E29 : 1A1819;
    5E2A : 0F0D0E;
    5E2B : 312F30;
    5E2C : 323031;
    5E2D : 4A4849;
    5E2E : 403E3F;
    5E2F : 2F2D2E;
    5E30 : 363636;
    5E31 : 505050;
    5E32 : 383838;
    5E33 : 676767;
    5E34 : 777777;
    5E35 : 717171;
    5E36 : 434343;
    5E37 : 434343;
    5E38 : 4E4E4E;
    5E39 : 4B4B4B;
    5E3A : 333333;
    5E3B : 424242;
    5E3C : 4F4F4F;
    5E3D : 424242;
    5E3E : 393939;
    5E3F : 565656;
    5E40 : 535353;
    5E41 : 545454;
    5E42 : 343434;
    5E43 : 393939;
    5E44 : 333333;
    5E45 : 313131;
    5E46 : 464646;
    5E47 : 212121;
    5E48 : 373737;
    5E49 : 292929;
    5E4A : 484848;
    5E4B : 616161;
    5E4C : 404040;
    5E4D : 838383;
    5E4E : FAFAFA;
    5E4F : 737373;
    5E50 : 1C1C1C;
    5E51 : 3B3B3B;
    5E52 : 383838;
    5E53 : EDEDED;
    5E54 : FFFFFF;
    5E55 : 969696;
    5E56 : 3A3A3A;
    5E57 : FBFBFB;
    5E58 : FFFFFF;
    5E59 : 919191;
    5E5A : 1F1F1F;
    5E5B : 2C2C2C;
    5E5C : 313131;
    5E5D : 292929;
    5E5E : 969696;
    5E5F : F0F0F0;
    5E60 : A9A9A9;
    5E61 : F0F0F0;
    5E62 : 282828;
    5E63 : 9A9A9A;
    5E64 : F6F6F6;
    5E65 : F4F4F4;
    5E66 : EDEDED;
    5E67 : EEEEEE;
    5E68 : F2F2F2;
    5E69 : F2F2F2;
    5E6A : F2F2F2;
    5E6B : F2F2F2;
    5E6C : F2F2F2;
    5E6D : F2F2F2;
    5E6E : F2F2F2;
    5E6F : F2F2F2;
    5E70 : F2F2F2;
    5E71 : F2F2F2;
    5E72 : F2F2F2;
    5E73 : F2F2F2;
    5E74 : F2F2F2;
    5E75 : F2F2F2;
    5E76 : F2F2F2;
    5E77 : F2F2F2;
    5E78 : F2F2F2;
    5E79 : F2F2F2;
    5E7A : F2F2F2;
    5E7B : F2F2F2;
    5E7C : F2F2F2;
    5E7D : F2F2F2;
    5E7E : F2F2F2;
    5E7F : F2F2F2;
    5E80 : F2F2F2;
    5E81 : F2F2F2;
    5E82 : F2F2F2;
    5E83 : F2F2F2;
    5E84 : F2F2F2;
    5E85 : F2F2F2;
    5E86 : F2F2F2;
    5E87 : F2F2F2;
    5E88 : F2F2F2;
    5E89 : F2F2F2;
    5E8A : F2F2F2;
    5E8B : F2F2F2;
    5E8C : F2F2F2;
    5E8D : F2F2F2;
    5E8E : F2F2F2;
    5E8F : F2F2F2;
    5E90 : F2F2F2;
    5E91 : F2F2F2;
    5E92 : F2F2F2;
    5E93 : F2F2F2;
    5E94 : F2F2F2;
    5E95 : F2F2F2;
    5E96 : F2F2F2;
    5E97 : F2F2F2;
    5E98 : F2F2F2;
    5E99 : F2F2F2;
    5E9A : F2F2F2;
    5E9B : F2F2F2;
    5E9C : F2F2F2;
    5E9D : F2F2F2;
    5E9E : F2F2F2;
    5E9F : F2F2F2;
    5EA0 : F2F2F2;
    5EA1 : F2F2F2;
    5EA2 : F2F2F2;
    5EA3 : F2F2F2;
    5EA4 : F2F2F2;
    5EA5 : F2F2F2;
    5EA6 : F2F2F2;
    5EA7 : F2F2F2;
    5EA8 : F0F0F0;
    5EA9 : F1F1F1;
    5EAA : EEEEEE;
    5EAB : FFFFFF;
    5EAC : D9D9D9;
    5EAD : 181818;
    5EAE : 070707;
    5EAF : 080808;
    5EB0 : 090909;
    5EB1 : 0F0F0F;
    5EB2 : 181818;
    5EB3 : 525252;
    5EB4 : 323232;
    5EB5 : 0B0B0B;
    5EB6 : 0C0C0C;
    5EB7 : 090909;
    5EB8 : BBBBBB;
    5EB9 : F7F7F7;
    5EBA : D2D2D2;
    5EBB : 3D3D3D;
    5EBC : 4C4C4C;
    5EBD : 363636;
    5EBE : 010101;
    5EBF : 0E0E0E;
    5EC0 : 0B0B0B;
    5EC1 : BABABA;
    5EC2 : 585858;
    5EC3 : 222222;
    5EC4 : 3E3E3E;
    5EC5 : 131313;
    5EC6 : 212121;
    5EC7 : 0C0C0C;
    5EC8 : 202020;
    5EC9 : 2A2A2A;
    5ECA : 2E2E2E;
    5ECB : 232323;
    5ECC : 1B1B1B;
    5ECD : 2C2C2C;
    5ECE : 262626;
    5ECF : D8D8D8;
    5ED0 : FDFDFD;
    5ED1 : E7E7E7;
    5ED2 : FFFFFF;
    5ED3 : FEFEFE;
    5ED4 : 6C6C6C;
    5ED5 : 000000;
    5ED6 : 212121;
    5ED7 : C3C3C3;
    5ED8 : FFFFFF;
    5ED9 : DEDEDE;
    5EDA : 2D2D2D;
    5EDB : 434343;
    5EDC : 424242;
    5EDD : 2D2D2D;
    5EDE : 212121;
    5EDF : 343434;
    5EE0 : 2D2D2D;
    5EE1 : 272727;
    5EE2 : 252525;
    5EE3 : 1B1B1B;
    5EE4 : 171717;
    5EE5 : 141414;
    5EE6 : 313131;
    5EE7 : 202020;
    5EE8 : 211F20;
    5EE9 : 1E1C1D;
    5EEA : 1A1819;
    5EEB : 181617;
    5EEC : 181617;
    5EED : 191718;
    5EEE : 191718;
    5EEF : 191718;
    5EF0 : 191718;
    5EF1 : 222021;
    5EF2 : 1F1D1E;
    5EF3 : 343233;
    5EF4 : A9A7A8;
    5EF5 : E8E6E7;
    5EF6 : 767475;
    5EF7 : 393738;
    5EF8 : 363636;
    5EF9 : 474747;
    5EFA : D1D1D1;
    5EFB : FFFFFF;
    5EFC : FDFDFD;
    5EFD : FFFFFF;
    5EFE : EDEDED;
    5EFF : 626262;
    5F00 : 2D2D2D;
    5F01 : 4A4A4A;
    5F02 : BEBEBE;
    5F03 : F9F9F9;
    5F04 : F8F8F8;
    5F05 : CDCDCD;
    5F06 : 828282;
    5F07 : 3A3A3A;
    5F08 : 404040;
    5F09 : 1E1E1E;
    5F0A : 5E5E5E;
    5F0B : 7B7B7B;
    5F0C : 464646;
    5F0D : 313131;
    5F0E : 363636;
    5F0F : 1F1F1F;
    5F10 : 505050;
    5F11 : 292929;
    5F12 : 2B2B2B;
    5F13 : 121212;
    5F14 : 7F7F7F;
    5F15 : FEFEFE;
    5F16 : C3C3C3;
    5F17 : 2B2B2B;
    5F18 : 3D3D3D;
    5F19 : 2E2E2E;
    5F1A : 4D4D4D;
    5F1B : F0F0F0;
    5F1C : FCFCFC;
    5F1D : 8A8A8A;
    5F1E : 565656;
    5F1F : E6E6E6;
    5F20 : B9B9B9;
    5F21 : 4C4C4C;
    5F22 : 222222;
    5F23 : 242424;
    5F24 : 545454;
    5F25 : 252525;
    5F26 : 919191;
    5F27 : FFFFFF;
    5F28 : E8E8E8;
    5F29 : C9C9C9;
    5F2A : 121212;
    5F2B : 8C8C8C;
    5F2C : FFFFFF;
    5F2D : E1E1E1;
    5F2E : FFFFFF;
    5F2F : F2F2F2;
    5F30 : F2F2F2;
    5F31 : F2F2F2;
    5F32 : F2F2F2;
    5F33 : F2F2F2;
    5F34 : F2F2F2;
    5F35 : F2F2F2;
    5F36 : F2F2F2;
    5F37 : F2F2F2;
    5F38 : F2F2F2;
    5F39 : F2F2F2;
    5F3A : F2F2F2;
    5F3B : F2F2F2;
    5F3C : F2F2F2;
    5F3D : F2F2F2;
    5F3E : F2F2F2;
    5F3F : F2F2F2;
    5F40 : F2F2F2;
    5F41 : F2F2F2;
    5F42 : F2F2F2;
    5F43 : F2F2F2;
    5F44 : F2F2F2;
    5F45 : F2F2F2;
    5F46 : F2F2F2;
    5F47 : F2F2F2;
    5F48 : F2F2F2;
    5F49 : F2F2F2;
    5F4A : F2F2F2;
    5F4B : F2F2F2;
    5F4C : F2F2F2;
    5F4D : F2F2F2;
    5F4E : F2F2F2;
    5F4F : F2F2F2;
    5F50 : F2F2F2;
    5F51 : F2F2F2;
    5F52 : F2F2F2;
    5F53 : F2F2F2;
    5F54 : F2F2F2;
    5F55 : F2F2F2;
    5F56 : F2F2F2;
    5F57 : F2F2F2;
    5F58 : F2F2F2;
    5F59 : F2F2F2;
    5F5A : F2F2F2;
    5F5B : F2F2F2;
    5F5C : F2F2F2;
    5F5D : F2F2F2;
    5F5E : F2F2F2;
    5F5F : F2F2F2;
    5F60 : F2F2F2;
    5F61 : F2F2F2;
    5F62 : F2F2F2;
    5F63 : F2F2F2;
    5F64 : F2F2F2;
    5F65 : F2F2F2;
    5F66 : F2F2F2;
    5F67 : F2F2F2;
    5F68 : F2F2F2;
    5F69 : F2F2F2;
    5F6A : F2F2F2;
    5F6B : F2F2F2;
    5F6C : F2F2F2;
    5F6D : F2F2F2;
    5F6E : F2F2F2;
    5F6F : F2F2F2;
    5F70 : FCFCFC;
    5F71 : EAEAEA;
    5F72 : EDEDED;
    5F73 : FFFFFF;
    5F74 : A9A9A9;
    5F75 : 1A1A1A;
    5F76 : 3A3A3A;
    5F77 : 323232;
    5F78 : 222222;
    5F79 : 1A1A1A;
    5F7A : 090909;
    5F7B : 242424;
    5F7C : 616161;
    5F7D : 7C7C7C;
    5F7E : 444444;
    5F7F : 525252;
    5F80 : C9C9C9;
    5F81 : FDFDFD;
    5F82 : DCDCDC;
    5F83 : 282828;
    5F84 : 3D3D3D;
    5F85 : 5F5F5F;
    5F86 : 676767;
    5F87 : 080808;
    5F88 : 323232;
    5F89 : 8C8C8C;
    5F8A : EAEAEA;
    5F8B : 747474;
    5F8C : 080808;
    5F8D : 171717;
    5F8E : 070707;
    5F8F : 171717;
    5F90 : 0E0E0E;
    5F91 : 1B1B1B;
    5F92 : 232323;
    5F93 : 272727;
    5F94 : 252525;
    5F95 : 2E2E2E;
    5F96 : 242424;
    5F97 : D0D0D0;
    5F98 : FFFFFF;
    5F99 : E0E0E0;
    5F9A : BABABA;
    5F9B : E6E6E6;
    5F9C : A2A2A2;
    5F9D : 080808;
    5F9E : 303030;
    5F9F : E6E6E6;
    5FA0 : FEFEFE;
    5FA1 : C9C9C9;
    5FA2 : 313131;
    5FA3 : 323232;
    5FA4 : 323232;
    5FA5 : 656565;
    5FA6 : B2B2B2;
    5FA7 : D2D2D2;
    5FA8 : C9C9C9;
    5FA9 : A1A1A1;
    5FAA : 515151;
    5FAB : 171717;
    5FAC : 1E1E1E;
    5FAD : 323232;
    5FAE : 454545;
    5FAF : 2A2A2A;
    5FB0 : 201E1F;
    5FB1 : 1D1B1C;
    5FB2 : 191718;
    5FB3 : 171516;
    5FB4 : 171516;
    5FB5 : 181617;
    5FB6 : 181617;
    5FB7 : 181617;
    5FB8 : 100E0F;
    5FB9 : 323031;
    5FBA : 242223;
    5FBB : 1E1C1D;
    5FBC : 999798;
    5FBD : FFFEFF;
    5FBE : EAE8E9;
    5FBF : 434142;
    5FC0 : 565656;
    5FC1 : FFFFFF;
    5FC2 : FFFFFF;
    5FC3 : BBBBBB;
    5FC4 : 727272;
    5FC5 : AFAFAF;
    5FC6 : B3B3B3;
    5FC7 : 232323;
    5FC8 : 5E5E5E;
    5FC9 : FFFFFF;
    5FCA : FFFFFF;
    5FCB : D5D5D5;
    5FCC : CDCDCD;
    5FCD : FFFFFF;
    5FCE : 818181;
    5FCF : 2C2C2C;
    5FD0 : 5B5B5B;
    5FD1 : D7D7D7;
    5FD2 : EFEFEF;
    5FD3 : F9F9F9;
    5FD4 : DCDCDC;
    5FD5 : 979797;
    5FD6 : 666666;
    5FD7 : 1C1C1C;
    5FD8 : 323232;
    5FD9 : 2E2E2E;
    5FDA : 4C4C4C;
    5FDB : 353535;
    5FDC : DCDCDC;
    5FDD : FFFFFF;
    5FDE : B6B6B6;
    5FDF : 212121;
    5FE0 : 424242;
    5FE1 : 2D2D2D;
    5FE2 : 7A7A7A;
    5FE3 : E1E1E1;
    5FE4 : C1C1C1;
    5FE5 : 4D4D4D;
    5FE6 : 393939;
    5FE7 : 767676;
    5FE8 : 484848;
    5FE9 : 1C1C1C;
    5FEA : 2E2E2E;
    5FEB : 505050;
    5FEC : 2A2A2A;
    5FED : 323232;
    5FEE : 767676;
    5FEF : FFFFFF;
    5FF0 : FFFFFF;
    5FF1 : 616161;
    5FF2 : 0B0B0B;
    5FF3 : 717171;
    5FF4 : FCFCFC;
    5FF5 : E8E8E8;
    5FF6 : F5F5F5;
    5FF7 : E7E7E7;
    5FF8 : F2F2F2;
    5FF9 : F2F2F2;
    5FFA : F2F2F2;
    5FFB : F2F2F2;
    5FFC : F2F2F2;
    5FFD : F2F2F2;
    5FFE : F2F2F2;
    5FFF : F2F2F2;
    6000 : F2F2F2;
    6001 : F2F2F2;
    6002 : F2F2F2;
    6003 : F2F2F2;
    6004 : F2F2F2;
    6005 : F2F2F2;
    6006 : F2F2F2;
    6007 : F2F2F2;
    6008 : F2F2F2;
    6009 : F2F2F2;
    600A : F2F2F2;
    600B : F2F2F2;
    600C : F2F2F2;
    600D : F2F2F2;
    600E : F2F2F2;
    600F : F2F2F2;
    6010 : F2F2F2;
    6011 : F2F2F2;
    6012 : F2F2F2;
    6013 : F2F2F2;
    6014 : F2F2F2;
    6015 : F2F2F2;
    6016 : F2F2F2;
    6017 : F2F2F2;
    6018 : F2F2F2;
    6019 : F2F2F2;
    601A : F2F2F2;
    601B : F2F2F2;
    601C : F2F2F2;
    601D : F2F2F2;
    601E : F2F2F2;
    601F : F2F2F2;
    6020 : F2F2F2;
    6021 : F2F2F2;
    6022 : F2F2F2;
    6023 : F2F2F2;
    6024 : F2F2F2;
    6025 : F2F2F2;
    6026 : F2F2F2;
    6027 : F2F2F2;
    6028 : F2F2F2;
    6029 : F2F2F2;
    602A : F2F2F2;
    602B : F2F2F2;
    602C : F2F2F2;
    602D : F2F2F2;
    602E : F2F2F2;
    602F : F2F2F2;
    6030 : F2F2F2;
    6031 : F2F2F2;
    6032 : F2F2F2;
    6033 : F2F2F2;
    6034 : F2F2F2;
    6035 : F2F2F2;
    6036 : F2F2F2;
    6037 : F2F2F2;
    6038 : EBEBEB;
    6039 : ECECEC;
    603A : F5F5F5;
    603B : FFFFFF;
    603C : 9D9D9D;
    603D : 191919;
    603E : 2C2C2C;
    603F : 0E0E0E;
    6040 : 000000;
    6041 : 4A4A4A;
    6042 : A3A3A3;
    6043 : 969696;
    6044 : 5D5D5D;
    6045 : 535353;
    6046 : 696969;
    6047 : FFFFFF;
    6048 : FFFFFF;
    6049 : FEFEFE;
    604A : A7A7A7;
    604B : 1D1D1D;
    604C : 272727;
    604D : 181818;
    604E : 858585;
    604F : D3D3D3;
    6050 : 727272;
    6051 : 4F4F4F;
    6052 : 6B6B6B;
    6053 : 414141;
    6054 : 1A1A1A;
    6055 : 222222;
    6056 : 0B0B0B;
    6057 : 232323;
    6058 : 585858;
    6059 : 414141;
    605A : 222222;
    605B : 252525;
    605C : 282828;
    605D : 2E2E2E;
    605E : 303030;
    605F : E3E3E3;
    6060 : F6F6F6;
    6061 : D1D1D1;
    6062 : 303030;
    6063 : 5A5A5A;
    6064 : 818181;
    6065 : 2E2E2E;
    6066 : 202020;
    6067 : E9E9E9;
    6068 : FDFDFD;
    6069 : BEBEBE;
    606A : 242424;
    606B : 343434;
    606C : AAAAAA;
    606D : FBFBFB;
    606E : FFFFFF;
    606F : E4E4E4;
    6070 : EDEDED;
    6071 : FFFFFF;
    6072 : DBDBDB;
    6073 : 707070;
    6074 : 090909;
    6075 : 202020;
    6076 : 383838;
    6077 : 181818;
    6078 : 1F1D1E;
    6079 : 1B191A;
    607A : 171516;
    607B : 151314;
    607C : 161415;
    607D : 161415;
    607E : 161415;
    607F : 161415;
    6080 : 1D1B1C;
    6081 : 0B090A;
    6082 : 333132;
    6083 : 121011;
    6084 : 757374;
    6085 : FFFEFF;
    6086 : EAE8E9;
    6087 : 363435;
    6088 : 989898;
    6089 : FFFFFF;
    608A : FCFCFC;
    608B : A1A1A1;
    608C : 161616;
    608D : 333333;
    608E : 191919;
    608F : 2C2C2C;
    6090 : CACACA;
    6091 : E5E5E5;
    6092 : F0F0F0;
    6093 : 4F4F4F;
    6094 : 2C2C2C;
    6095 : 4C4C4C;
    6096 : 2B2B2B;
    6097 : 676767;
    6098 : ECECEC;
    6099 : FAFAFA;
    609A : ECECEC;
    609B : F4F4F4;
    609C : FDFDFD;
    609D : F4F4F4;
    609E : A1A1A1;
    609F : C5C5C5;
    60A0 : CDCDCD;
    60A1 : 464646;
    60A2 : 525252;
    60A3 : 393939;
    60A4 : EAEAEA;
    60A5 : E7E7E7;
    60A6 : C0C0C0;
    60A7 : 373737;
    60A8 : 323232;
    60A9 : 2D2D2D;
    60AA : 686868;
    60AB : 7A7A7A;
    60AC : 444444;
    60AD : 121212;
    60AE : 2F2F2F;
    60AF : 444444;
    60B0 : 323232;
    60B1 : 2E2E2E;
    60B2 : 3C3C3C;
    60B3 : 353535;
    60B4 : 424242;
    60B5 : 343434;
    60B6 : 9A9A9A;
    60B7 : F5F5F5;
    60B8 : 767676;
    60B9 : 6B6B6B;
    60BA : 4F4F4F;
    60BB : 8B8B8B;
    60BC : FFFFFF;
    60BD : F0F0F0;
    60BE : E3E3E3;
    60BF : F9F9F9;
    60C0 : F2F2F2;
    60C1 : F2F2F2;
    60C2 : F2F2F2;
    60C3 : F2F2F2;
    60C4 : F2F2F2;
    60C5 : F2F2F2;
    60C6 : F2F2F2;
    60C7 : F2F2F2;
    60C8 : F2F2F2;
    60C9 : F2F2F2;
    60CA : F2F2F2;
    60CB : F2F2F2;
    60CC : F2F2F2;
    60CD : F2F2F2;
    60CE : F2F2F2;
    60CF : F2F2F2;
    60D0 : F2F2F2;
    60D1 : F2F2F2;
    60D2 : F2F2F2;
    60D3 : F2F2F2;
    60D4 : F2F2F2;
    60D5 : F2F2F2;
    60D6 : F2F2F2;
    60D7 : F2F2F2;
    60D8 : F2F2F2;
    60D9 : F2F2F2;
    60DA : F2F2F2;
    60DB : F2F2F2;
    60DC : F2F2F2;
    60DD : F2F2F2;
    60DE : F2F2F2;
    60DF : F2F2F2;
    60E0 : F2F2F2;
    60E1 : F2F2F2;
    60E2 : F2F2F2;
    60E3 : F2F2F2;
    60E4 : F2F2F2;
    60E5 : F2F2F2;
    60E6 : F2F2F2;
    60E7 : F2F2F2;
    60E8 : F2F2F2;
    60E9 : F2F2F2;
    60EA : F2F2F2;
    60EB : F2F2F2;
    60EC : F2F2F2;
    60ED : F2F2F2;
    60EE : F2F2F2;
    60EF : F2F2F2;
    60F0 : F2F2F2;
    60F1 : F2F2F2;
    60F2 : F2F2F2;
    60F3 : F2F2F2;
    60F4 : F2F2F2;
    60F5 : F2F2F2;
    60F6 : F2F2F2;
    60F7 : F2F2F2;
    60F8 : F2F2F2;
    60F9 : F2F2F2;
    60FA : F2F2F2;
    60FB : F2F2F2;
    60FC : F2F2F2;
    60FD : F2F2F2;
    60FE : F2F2F2;
    60FF : F2F2F2;
    6100 : E8E8E8;
    6101 : F3F3F3;
    6102 : F0F0F0;
    6103 : FFFFFF;
    6104 : A7A7A7;
    6105 : 121212;
    6106 : 272727;
    6107 : 373737;
    6108 : 818181;
    6109 : 9C9C9C;
    610A : 323232;
    610B : 060606;
    610C : 131313;
    610D : 121212;
    610E : 595959;
    610F : FAFAFA;
    6110 : D0D0D0;
    6111 : 838383;
    6112 : 333333;
    6113 : 202020;
    6114 : 262626;
    6115 : 232323;
    6116 : A2A2A2;
    6117 : FFFFFF;
    6118 : FBFBFB;
    6119 : 7C7C7C;
    611A : 090909;
    611B : 020202;
    611C : 191919;
    611D : 151515;
    611E : 101010;
    611F : 040404;
    6120 : 6C6C6C;
    6121 : 4C4C4C;
    6122 : 222222;
    6123 : 2E2E2E;
    6124 : 2D2D2D;
    6125 : 232323;
    6126 : 292929;
    6127 : E3E3E3;
    6128 : FFFFFF;
    6129 : CCCCCC;
    612A : 222222;
    612B : 242424;
    612C : 7B7B7B;
    612D : 686868;
    612E : 494949;
    612F : FEFEFE;
    6130 : FCFCFC;
    6131 : B2B2B2;
    6132 : 141414;
    6133 : 818181;
    6134 : FFFFFF;
    6135 : F8F8F8;
    6136 : 636363;
    6137 : 212121;
    6138 : 333333;
    6139 : BFBFBF;
    613A : FFFFFF;
    613B : D8D8D8;
    613C : 171717;
    613D : 232323;
    613E : 3F3F3F;
    613F : 252525;
    6140 : 1D1B1C;
    6141 : 1A1819;
    6142 : 161415;
    6143 : 141213;
    6144 : 141213;
    6145 : 151314;
    6146 : 151314;
    6147 : 141213;
    6148 : 191718;
    6149 : 282627;
    614A : 151314;
    614B : 5F5D5E;
    614C : EDEBEC;
    614D : FFFEFF;
    614E : F9F7F8;
    614F : 3A3839;
    6150 : ACACAC;
    6151 : FDFDFD;
    6152 : F0F0F0;
    6153 : FBFBFB;
    6154 : E5E5E5;
    6155 : 858585;
    6156 : 444444;
    6157 : 2E2E2E;
    6158 : C6C6C6;
    6159 : FFFFFF;
    615A : F0F0F0;
    615B : E5E5E5;
    615C : 7B7B7B;
    615D : 2D2D2D;
    615E : 434343;
    615F : EAEAEA;
    6160 : F2F2F2;
    6161 : E0E0E0;
    6162 : 585858;
    6163 : 393939;
    6164 : ADADAD;
    6165 : FFFFFF;
    6166 : A5A5A5;
    6167 : FEFEFE;
    6168 : B4B4B4;
    6169 : 2C2C2C;
    616A : 696969;
    616B : 171717;
    616C : 505050;
    616D : 6E6E6E;
    616E : 666666;
    616F : 626262;
    6170 : 555555;
    6171 : 3E3E3E;
    6172 : 333333;
    6173 : 373737;
    6174 : 313131;
    6175 : 424242;
    6176 : 434343;
    6177 : 313131;
    6178 : 353535;
    6179 : 3A3A3A;
    617A : 3F3F3F;
    617B : 363636;
    617C : 1C1C1C;
    617D : 646464;
    617E : FFFFFF;
    617F : 767676;
    6180 : 393939;
    6181 : FDFDFD;
    6182 : 545454;
    6183 : 919191;
    6184 : FFFFFF;
    6185 : F1F1F1;
    6186 : F1F1F1;
    6187 : F4F4F4;
    6188 : F2F2F2;
    6189 : F2F2F2;
    618A : F2F2F2;
    618B : F2F2F2;
    618C : F2F2F2;
    618D : F2F2F2;
    618E : F2F2F2;
    618F : F2F2F2;
    6190 : F2F2F2;
    6191 : F2F2F2;
    6192 : F2F2F2;
    6193 : F2F2F2;
    6194 : F2F2F2;
    6195 : F2F2F2;
    6196 : F2F2F2;
    6197 : F2F2F2;
    6198 : F2F2F2;
    6199 : F2F2F2;
    619A : F2F2F2;
    619B : F2F2F2;
    619C : F2F2F2;
    619D : F2F2F2;
    619E : F2F2F2;
    619F : F2F2F2;
    61A0 : F2F2F2;
    61A1 : F2F2F2;
    61A2 : F2F2F2;
    61A3 : F2F2F2;
    61A4 : F2F2F2;
    61A5 : F2F2F2;
    61A6 : F2F2F2;
    61A7 : F2F2F2;
    61A8 : F2F2F2;
    61A9 : F2F2F2;
    61AA : F2F2F2;
    61AB : F2F2F2;
    61AC : F2F2F2;
    61AD : F2F2F2;
    61AE : F2F2F2;
    61AF : F2F2F2;
    61B0 : F2F2F2;
    61B1 : F2F2F2;
    61B2 : F2F2F2;
    61B3 : F2F2F2;
    61B4 : F2F2F2;
    61B5 : F2F2F2;
    61B6 : F2F2F2;
    61B7 : F2F2F2;
    61B8 : F2F2F2;
    61B9 : F2F2F2;
    61BA : F2F2F2;
    61BB : F2F2F2;
    61BC : F2F2F2;
    61BD : F2F2F2;
    61BE : F2F2F2;
    61BF : F2F2F2;
    61C0 : F2F2F2;
    61C1 : F2F2F2;
    61C2 : F2F2F2;
    61C3 : F2F2F2;
    61C4 : F2F2F2;
    61C5 : F2F2F2;
    61C6 : F2F2F2;
    61C7 : F2F2F2;
    61C8 : F7F7F7;
    61C9 : F6F6F6;
    61CA : E4E4E4;
    61CB : F8F8F8;
    61CC : B9B9B9;
    61CD : 070707;
    61CE : 2F2F2F;
    61CF : 848484;
    61D0 : 797979;
    61D1 : 323232;
    61D2 : 161616;
    61D3 : 303030;
    61D4 : 2F2F2F;
    61D5 : 555555;
    61D6 : 555555;
    61D7 : 3B3B3B;
    61D8 : 1D1D1D;
    61D9 : 000000;
    61DA : 131313;
    61DB : 3A3A3A;
    61DC : 1F1F1F;
    61DD : 717171;
    61DE : F5F5F5;
    61DF : FFFFFF;
    61E0 : D4D4D4;
    61E1 : 171717;
    61E2 : 262626;
    61E3 : 2D2D2D;
    61E4 : 020202;
    61E5 : 242424;
    61E6 : 202020;
    61E7 : 1F1F1F;
    61E8 : 202020;
    61E9 : 232323;
    61EA : 161616;
    61EB : 333333;
    61EC : 313131;
    61ED : 222222;
    61EE : 2E2E2E;
    61EF : E6E6E6;
    61F0 : FFFFFF;
    61F1 : 838383;
    61F2 : 1F1F1F;
    61F3 : 0B0B0B;
    61F4 : 696969;
    61F5 : 727272;
    61F6 : 7C7C7C;
    61F7 : F4F4F4;
    61F8 : FEFEFE;
    61F9 : 8E8E8E;
    61FA : 282828;
    61FB : E6E6E6;
    61FC : E0E0E0;
    61FD : E0E0E0;
    61FE : 7A7A7A;
    61FF : 636363;
    6200 : 515151;
    6201 : ABABAB;
    6202 : F1F1F1;
    6203 : F1F1F1;
    6204 : 272727;
    6205 : 1C1C1C;
    6206 : 313131;
    6207 : 202020;
    6208 : 1B191A;
    6209 : 181617;
    620A : 141213;
    620B : 121011;
    620C : 121011;
    620D : 131112;
    620E : 131112;
    620F : 131112;
    6210 : 1E1C1D;
    6211 : 1B191A;
    6212 : 353334;
    6213 : 4B494A;
    6214 : A7A5A6;
    6215 : B4B2B3;
    6216 : 949293;
    6217 : 312F30;
    6218 : 404040;
    6219 : AAAAAA;
    621A : F2F2F2;
    621B : F2F2F2;
    621C : FAFAFA;
    621D : FFFFFF;
    621E : 4F4F4F;
    621F : 2E2E2E;
    6220 : 4C4C4C;
    6221 : E1E1E1;
    6222 : F9F9F9;
    6223 : FEFEFE;
    6224 : FFFFFF;
    6225 : 6E6E6E;
    6226 : 999999;
    6227 : FCFCFC;
    6228 : FFFFFF;
    6229 : 303030;
    622A : 414141;
    622B : 1F1F1F;
    622C : 727272;
    622D : F7F7F7;
    622E : 3E3E3E;
    622F : 7D7D7D;
    6230 : 505050;
    6231 : 494949;
    6232 : 4B4B4B;
    6233 : 202020;
    6234 : 2B2B2B;
    6235 : 636363;
    6236 : 494949;
    6237 : 4A4A4A;
    6238 : 2F2F2F;
    6239 : 3E3E3E;
    623A : 3E3E3E;
    623B : 494949;
    623C : 313131;
    623D : 333333;
    623E : 313131;
    623F : 454545;
    6240 : 454545;
    6241 : 151515;
    6242 : 313131;
    6243 : 252525;
    6244 : 8C8C8C;
    6245 : F6F6F6;
    6246 : 484848;
    6247 : 111111;
    6248 : 808080;
    6249 : CDCDCD;
    624A : 1D1D1D;
    624B : ADADAD;
    624C : F4F4F4;
    624D : F7F7F7;
    624E : F4F4F4;
    624F : E3E3E3;
    6250 : F2F2F2;
    6251 : F2F2F2;
    6252 : F2F2F2;
    6253 : F2F2F2;
    6254 : F2F2F2;
    6255 : F2F2F2;
    6256 : F2F2F2;
    6257 : F2F2F2;
    6258 : F2F2F2;
    6259 : F2F2F2;
    625A : F2F2F2;
    625B : F2F2F2;
    625C : F2F2F2;
    625D : F2F2F2;
    625E : F2F2F2;
    625F : F2F2F2;
    6260 : F2F2F2;
    6261 : F2F2F2;
    6262 : F2F2F2;
    6263 : F2F2F2;
    6264 : F2F2F2;
    6265 : F2F2F2;
    6266 : F2F2F2;
    6267 : F2F2F2;
    6268 : F2F2F2;
    6269 : F2F2F2;
    626A : F2F2F2;
    626B : F2F2F2;
    626C : F2F2F2;
    626D : F2F2F2;
    626E : F2F2F2;
    626F : F2F2F2;
    6270 : F2F2F2;
    6271 : F2F2F2;
    6272 : F2F2F2;
    6273 : F2F2F2;
    6274 : F2F2F2;
    6275 : F2F2F2;
    6276 : F2F2F2;
    6277 : F2F2F2;
    6278 : F2F2F2;
    6279 : F2F2F2;
    627A : F2F2F2;
    627B : F2F2F2;
    627C : F2F2F2;
    627D : F2F2F2;
    627E : F2F2F2;
    627F : F2F2F2;
    6280 : F2F2F2;
    6281 : F2F2F2;
    6282 : F2F2F2;
    6283 : F2F2F2;
    6284 : F2F2F2;
    6285 : F2F2F2;
    6286 : F2F2F2;
    6287 : F2F2F2;
    6288 : F2F2F2;
    6289 : F2F2F2;
    628A : F2F2F2;
    628B : F2F2F2;
    628C : F2F2F2;
    628D : F2F2F2;
    628E : F2F2F2;
    628F : F2F2F2;
    6290 : EEEEEE;
    6291 : F0F0F0;
    6292 : EDEDED;
    6293 : FFFFFF;
    6294 : D3D3D3;
    6295 : 000000;
    6296 : 030303;
    6297 : 393939;
    6298 : 282828;
    6299 : 000000;
    629A : 161616;
    629B : 0E0E0E;
    629C : 060606;
    629D : 2F2F2F;
    629E : 080808;
    629F : 1A1A1A;
    62A0 : 141414;
    62A1 : 303030;
    62A2 : 131313;
    62A3 : 000000;
    62A4 : 181818;
    62A5 : 717171;
    62A6 : B7B7B7;
    62A7 : D7D7D7;
    62A8 : 525252;
    62A9 : 0A0A0A;
    62AA : 1D1D1D;
    62AB : 3A3A3A;
    62AC : 272727;
    62AD : 161616;
    62AE : 030303;
    62AF : 030303;
    62B0 : 242424;
    62B1 : 363636;
    62B2 : 1D1D1D;
    62B3 : 222222;
    62B4 : 1D1D1D;
    62B5 : 232323;
    62B6 : 404040;
    62B7 : ECECEC;
    62B8 : D9D9D9;
    62B9 : 5D5D5D;
    62BA : 191919;
    62BB : 0F0F0F;
    62BC : 606060;
    62BD : 7C7C7C;
    62BE : A0A0A0;
    62BF : F6F6F6;
    62C0 : FFFFFF;
    62C1 : 717171;
    62C2 : 393939;
    62C3 : FFFFFF;
    62C4 : EBEBEB;
    62C5 : FFFFFF;
    62C6 : FAFAFA;
    62C7 : F5F5F5;
    62C8 : F8F8F8;
    62C9 : FFFFFF;
    62CA : FFFFFF;
    62CB : F5F5F5;
    62CC : 4E4E4E;
    62CD : 181818;
    62CE : 2C2C2C;
    62CF : 303030;
    62D0 : 1A1819;
    62D1 : 171516;
    62D2 : 131112;
    62D3 : 110F10;
    62D4 : 110F10;
    62D5 : 121011;
    62D6 : 121011;
    62D7 : 121011;
    62D8 : 110F10;
    62D9 : 252324;
    62DA : 201E1F;
    62DB : 232122;
    62DC : 5B595A;
    62DD : 3C3A3B;
    62DE : 333132;
    62DF : 282627;
    62E0 : 454545;
    62E1 : 0C0C0C;
    62E2 : 373737;
    62E3 : DDDDDD;
    62E4 : E2E2E2;
    62E5 : FFFFFF;
    62E6 : 767676;
    62E7 : 262626;
    62E8 : 3B3B3B;
    62E9 : 181818;
    62EA : BCBCBC;
    62EB : E3E3E3;
    62EC : B6B6B6;
    62ED : B7B7B7;
    62EE : B2B2B2;
    62EF : FFFFFF;
    62F0 : B8B8B8;
    62F1 : 373737;
    62F2 : 363636;
    62F3 : 222222;
    62F4 : A7A7A7;
    62F5 : C5C5C5;
    62F6 : 303030;
    62F7 : 1A1A1A;
    62F8 : 2D2D2D;
    62F9 : 5D5D5D;
    62FA : 151515;
    62FB : 161616;
    62FC : 191919;
    62FD : 292929;
    62FE : 323232;
    62FF : 1D1D1D;
    6300 : 2F2F2F;
    6301 : 222222;
    6302 : 151515;
    6303 : 242424;
    6304 : 2A2A2A;
    6305 : 393939;
    6306 : 313131;
    6307 : 2C2C2C;
    6308 : 282828;
    6309 : 161616;
    630A : 404040;
    630B : 868686;
    630C : C8C8C8;
    630D : 3A3A3A;
    630E : 161616;
    630F : 303030;
    6310 : 4E4E4E;
    6311 : 262626;
    6312 : 353535;
    6313 : FBFBFB;
    6314 : F1F1F1;
    6315 : F3F3F3;
    6316 : EDEDED;
    6317 : F6F6F6;
    6318 : F2F2F2;
    6319 : F2F2F2;
    631A : F2F2F2;
    631B : F2F2F2;
    631C : F2F2F2;
    631D : F2F2F2;
    631E : F2F2F2;
    631F : F2F2F2;
    6320 : F2F2F2;
    6321 : F2F2F2;
    6322 : F2F2F2;
    6323 : F2F2F2;
    6324 : F2F2F2;
    6325 : F2F2F2;
    6326 : F2F2F2;
    6327 : F2F2F2;
    6328 : F2F2F2;
    6329 : F2F2F2;
    632A : F2F2F2;
    632B : F2F2F2;
    632C : F2F2F2;
    632D : F2F2F2;
    632E : F2F2F2;
    632F : F2F2F2;
    6330 : F2F2F2;
    6331 : F2F2F2;
    6332 : F2F2F2;
    6333 : F2F2F2;
    6334 : F2F2F2;
    6335 : F2F2F2;
    6336 : F2F2F2;
    6337 : F2F2F2;
    6338 : F2F2F2;
    6339 : F2F2F2;
    633A : F2F2F2;
    633B : F2F2F2;
    633C : F2F2F2;
    633D : F2F2F2;
    633E : F2F2F2;
    633F : F2F2F2;
    6340 : F2F2F2;
    6341 : F2F2F2;
    6342 : F2F2F2;
    6343 : F2F2F2;
    6344 : F2F2F2;
    6345 : F2F2F2;
    6346 : F2F2F2;
    6347 : F2F2F2;
    6348 : F2F2F2;
    6349 : F2F2F2;
    634A : F2F2F2;
    634B : F2F2F2;
    634C : F2F2F2;
    634D : F2F2F2;
    634E : F2F2F2;
    634F : F2F2F2;
    6350 : F2F2F2;
    6351 : F2F2F2;
    6352 : F2F2F2;
    6353 : F2F2F2;
    6354 : F2F2F2;
    6355 : F2F2F2;
    6356 : F2F2F2;
    6357 : F2F2F2;
    6358 : EEEEEE;
    6359 : F0F0F0;
    635A : F0F0F0;
    635B : F8F8F8;
    635C : DBDBDB;
    635D : 151515;
    635E : 070707;
    635F : 040404;
    6360 : 0B0B0B;
    6361 : 0D0D0D;
    6362 : 030303;
    6363 : 1D1D1D;
    6364 : 101010;
    6365 : 090909;
    6366 : 0A0A0A;
    6367 : 1A1A1A;
    6368 : 262626;
    6369 : 1C1C1C;
    636A : 252525;
    636B : 262626;
    636C : 090909;
    636D : 080808;
    636E : 111111;
    636F : 121212;
    6370 : 0D0D0D;
    6371 : 282828;
    6372 : 3B3B3B;
    6373 : 2B2B2B;
    6374 : 1F1F1F;
    6375 : 282828;
    6376 : 292929;
    6377 : 252525;
    6378 : 484848;
    6379 : 616161;
    637A : 383838;
    637B : 232323;
    637C : 131313;
    637D : 151515;
    637E : 171717;
    637F : 9C9C9C;
    6380 : 888888;
    6381 : 5B5B5B;
    6382 : 121212;
    6383 : 151515;
    6384 : 494949;
    6385 : 6F6F6F;
    6386 : 858585;
    6387 : E7E7E7;
    6388 : F4F4F4;
    6389 : 757575;
    638A : 4A4A4A;
    638B : F0F0F0;
    638C : FFFFFF;
    638D : 989898;
    638E : 464646;
    638F : 616161;
    6390 : 595959;
    6391 : 4B4B4B;
    6392 : 606060;
    6393 : 7B7B7B;
    6394 : 535353;
    6395 : 2C2C2C;
    6396 : 343434;
    6397 : 262626;
    6398 : 1A1819;
    6399 : 161415;
    639A : 121011;
    639B : 100E0F;
    639C : 110F10;
    639D : 110F10;
    639E : 110F10;
    639F : 110F10;
    63A0 : 1B191A;
    63A1 : 201E1F;
    63A2 : 2A2829;
    63A3 : 615F60;
    63A4 : FFFEFF;
    63A5 : C6C4C5;
    63A6 : 434142;
    63A7 : C3C1C2;
    63A8 : B9B9B9;
    63A9 : 3C3C3C;
    63AA : 696969;
    63AB : E2E2E2;
    63AC : FFFFFF;
    63AD : D4D4D4;
    63AE : 4B4B4B;
    63AF : AEAEAE;
    63B0 : 5E5E5E;
    63B1 : 454545;
    63B2 : ACACAC;
    63B3 : CCCCCC;
    63B4 : B2B2B2;
    63B5 : 848484;
    63B6 : E0E0E0;
    63B7 : FCFCFC;
    63B8 : BABABA;
    63B9 : 262626;
    63BA : 1C1C1C;
    63BB : 696969;
    63BC : FFFFFF;
    63BD : 7D7D7D;
    63BE : 2B2B2B;
    63BF : 373737;
    63C0 : 2D2D2D;
    63C1 : 171717;
    63C2 : 0B0B0B;
    63C3 : 111111;
    63C4 : 1D1D1D;
    63C5 : 0A0A0A;
    63C6 : 1D1D1D;
    63C7 : 252525;
    63C8 : 222222;
    63C9 : 555555;
    63CA : 868686;
    63CB : 6A6A6A;
    63CC : 2C2C2C;
    63CD : 161616;
    63CE : 292929;
    63CF : 2C2C2C;
    63D0 : 262626;
    63D1 : 222222;
    63D2 : 474747;
    63D3 : 383838;
    63D4 : 191919;
    63D5 : 2C2C2C;
    63D6 : 383838;
    63D7 : 323232;
    63D8 : 353535;
    63D9 : 353535;
    63DA : 5A5A5A;
    63DB : F1F1F1;
    63DC : F9F9F9;
    63DD : EDEDED;
    63DE : F3F3F3;
    63DF : F4F4F4;
    63E0 : F2F2F2;
    63E1 : F2F2F2;
    63E2 : F2F2F2;
    63E3 : F2F2F2;
    63E4 : F2F2F2;
    63E5 : F2F2F2;
    63E6 : F2F2F2;
    63E7 : F2F2F2;
    63E8 : F2F2F2;
    63E9 : F2F2F2;
    63EA : F2F2F2;
    63EB : F2F2F2;
    63EC : F2F2F2;
    63ED : F2F2F2;
    63EE : F2F2F2;
    63EF : F2F2F2;
    63F0 : F2F2F2;
    63F1 : F2F2F2;
    63F2 : F2F2F2;
    63F3 : F2F2F2;
    63F4 : F2F2F2;
    63F5 : F2F2F2;
    63F6 : F2F2F2;
    63F7 : F2F2F2;
    63F8 : F2F2F2;
    63F9 : F2F2F2;
    63FA : F2F2F2;
    63FB : F2F2F2;
    63FC : F2F2F2;
    63FD : F2F2F2;
    63FE : F2F2F2;
    63FF : F2F2F2;
    6400 : F2F2F2;
    6401 : F2F2F2;
    6402 : F2F2F2;
    6403 : F2F2F2;
    6404 : F2F2F2;
    6405 : F2F2F2;
    6406 : F2F2F2;
    6407 : F2F2F2;
    6408 : F2F2F2;
    6409 : F2F2F2;
    640A : F2F2F2;
    640B : F2F2F2;
    640C : F2F2F2;
    640D : F2F2F2;
    640E : F2F2F2;
    640F : F2F2F2;
    6410 : F2F2F2;
    6411 : F2F2F2;
    6412 : F2F2F2;
    6413 : F2F2F2;
    6414 : F2F2F2;
    6415 : F2F2F2;
    6416 : F2F2F2;
    6417 : F2F2F2;
    6418 : F2F2F2;
    6419 : F2F2F2;
    641A : F2F2F2;
    641B : F2F2F2;
    641C : F2F2F2;
    641D : F2F2F2;
    641E : F2F2F2;
    641F : F2F2F2;
    6420 : F3F3F3;
    6421 : F1F1F1;
    6422 : F9F9F9;
    6423 : EEEEEE;
    6424 : FFFFFF;
    6425 : 424242;
    6426 : 2E2E2E;
    6427 : 262626;
    6428 : 323232;
    6429 : 1B1B1B;
    642A : 080808;
    642B : 0C0C0C;
    642C : 1F1F1F;
    642D : 0B0B0B;
    642E : 1C1C1C;
    642F : 080808;
    6430 : 050505;
    6431 : 090909;
    6432 : 0D0D0D;
    6433 : 3E3E3E;
    6434 : 666666;
    6435 : 5B5B5B;
    6436 : 808080;
    6437 : 424242;
    6438 : 181818;
    6439 : 333333;
    643A : D1D1D1;
    643B : D0D0D0;
    643C : 5F5F5F;
    643D : 070707;
    643E : 313131;
    643F : 101010;
    6440 : 393939;
    6441 : 232323;
    6442 : 666666;
    6443 : 090909;
    6444 : 1A1A1A;
    6445 : 0F0F0F;
    6446 : 1C1C1C;
    6447 : 6B6B6B;
    6448 : 787878;
    6449 : 636363;
    644A : 141414;
    644B : 1B1B1B;
    644C : 121212;
    644D : 6B6B6B;
    644E : 737373;
    644F : 848484;
    6450 : FBFBFB;
    6451 : 606060;
    6452 : 2A2A2A;
    6453 : E7E7E7;
    6454 : FFFFFF;
    6455 : AFAFAF;
    6456 : 161616;
    6457 : 040404;
    6458 : 3E3E3E;
    6459 : 686868;
    645A : 5B5B5B;
    645B : 262626;
    645C : 4C4C4C;
    645D : 4E4E4E;
    645E : 0F0F0F;
    645F : 383838;
    6460 : 181617;
    6461 : 211F20;
    6462 : 100E0F;
    6463 : 0F0D0E;
    6464 : 110F10;
    6465 : 090708;
    6466 : 121011;
    6467 : 151314;
    6468 : 1A1819;
    6469 : 211F20;
    646A : 545253;
    646B : 888687;
    646C : 8D8B8C;
    646D : 4E4C4D;
    646E : 605E5F;
    646F : FFFEFF;
    6470 : A5A5A5;
    6471 : D8D8D8;
    6472 : F3F3F3;
    6473 : FFFFFF;
    6474 : DBDBDB;
    6475 : 434343;
    6476 : B3B3B3;
    6477 : DADADA;
    6478 : B8B8B8;
    6479 : FBFBFB;
    647A : FFFFFF;
    647B : BABABA;
    647C : 686868;
    647D : 4C4C4C;
    647E : EEEEEE;
    647F : FFFFFF;
    6480 : F2F2F2;
    6481 : A6A6A6;
    6482 : A2A2A2;
    6483 : E9E9E9;
    6484 : F3F3F3;
    6485 : 525252;
    6486 : 282828;
    6487 : 1B1B1B;
    6488 : 131313;
    6489 : 212121;
    648A : 141414;
    648B : 3E3E3E;
    648C : 3F3F3F;
    648D : 0A0A0A;
    648E : 222222;
    648F : 161616;
    6490 : 3A3A3A;
    6491 : 5B5B5B;
    6492 : 6F6F6F;
    6493 : 525252;
    6494 : 565656;
    6495 : 7B7B7B;
    6496 : 2F2F2F;
    6497 : 2A2A2A;
    6498 : 1C1C1C;
    6499 : 252525;
    649A : 1F1F1F;
    649B : 1C1C1C;
    649C : 3F3F3F;
    649D : 353535;
    649E : 1B1B1B;
    649F : 3C3C3C;
    64A0 : 272727;
    64A1 : 1E1E1E;
    64A2 : C8C8C8;
    64A3 : F9F9F9;
    64A4 : E8E8E8;
    64A5 : EBEBEB;
    64A6 : FCFCFC;
    64A7 : EEEEEE;
    64A8 : F2F2F2;
    64A9 : F2F2F2;
    64AA : F2F2F2;
    64AB : F2F2F2;
    64AC : F2F2F2;
    64AD : F2F2F2;
    64AE : F2F2F2;
    64AF : F2F2F2;
    64B0 : F2F2F2;
    64B1 : F2F2F2;
    64B2 : F2F2F2;
    64B3 : F2F2F2;
    64B4 : F2F2F2;
    64B5 : F2F2F2;
    64B6 : F2F2F2;
    64B7 : F2F2F2;
    64B8 : F2F2F2;
    64B9 : F2F2F2;
    64BA : F2F2F2;
    64BB : F2F2F2;
    64BC : F2F2F2;
    64BD : F2F2F2;
    64BE : F2F2F2;
    64BF : F2F2F2;
    64C0 : F2F2F2;
    64C1 : F2F2F2;
    64C2 : F2F2F2;
    64C3 : F2F2F2;
    64C4 : F2F2F2;
    64C5 : F2F2F2;
    64C6 : F2F2F2;
    64C7 : F2F2F2;
    64C8 : F2F2F2;
    64C9 : F2F2F2;
    64CA : F2F2F2;
    64CB : F2F2F2;
    64CC : F2F2F2;
    64CD : F2F2F2;
    64CE : F2F2F2;
    64CF : F2F2F2;
    64D0 : F2F2F2;
    64D1 : F2F2F2;
    64D2 : F2F2F2;
    64D3 : F2F2F2;
    64D4 : F2F2F2;
    64D5 : F2F2F2;
    64D6 : F2F2F2;
    64D7 : F2F2F2;
    64D8 : F2F2F2;
    64D9 : F2F2F2;
    64DA : F2F2F2;
    64DB : F2F2F2;
    64DC : F2F2F2;
    64DD : F2F2F2;
    64DE : F2F2F2;
    64DF : F2F2F2;
    64E0 : F2F2F2;
    64E1 : F2F2F2;
    64E2 : F2F2F2;
    64E3 : F2F2F2;
    64E4 : F2F2F2;
    64E5 : F2F2F2;
    64E6 : F2F2F2;
    64E7 : F2F2F2;
    64E8 : EDEDED;
    64E9 : EFEFEF;
    64EA : F1F1F1;
    64EB : E3E3E3;
    64EC : FFFFFF;
    64ED : 848484;
    64EE : 585858;
    64EF : 676767;
    64F0 : 080808;
    64F1 : 101010;
    64F2 : 1F1F1F;
    64F3 : 2A2A2A;
    64F4 : 1B1B1B;
    64F5 : 2B2B2B;
    64F6 : 282828;
    64F7 : 2B2B2B;
    64F8 : 454545;
    64F9 : 7D7D7D;
    64FA : CACACA;
    64FB : FFFFFF;
    64FC : E2E2E2;
    64FD : FFFFFF;
    64FE : FFFFFF;
    64FF : C6C6C6;
    6500 : 040404;
    6501 : 484848;
    6502 : B1B1B1;
    6503 : 989898;
    6504 : 686868;
    6505 : 313131;
    6506 : 0B0B0B;
    6507 : 0A0A0A;
    6508 : 111111;
    6509 : 0F0F0F;
    650A : 272727;
    650B : 212121;
    650C : 161616;
    650D : 131313;
    650E : 131313;
    650F : 797979;
    6510 : 858585;
    6511 : 616161;
    6512 : 151515;
    6513 : 121212;
    6514 : 040404;
    6515 : 464646;
    6516 : 626262;
    6517 : 8B8B8B;
    6518 : 919191;
    6519 : 434343;
    651A : 161616;
    651B : 858585;
    651C : CCCCCC;
    651D : FFFFFF;
    651E : C5C5C5;
    651F : A2A2A2;
    6520 : D7D7D7;
    6521 : FFFFFF;
    6522 : F2F2F2;
    6523 : 656565;
    6524 : 3D3D3D;
    6525 : 424242;
    6526 : 1A1A1A;
    6527 : 313131;
    6528 : 181617;
    6529 : 211F20;
    652A : 100E0F;
    652B : 0E0C0D;
    652C : 110F10;
    652D : 090708;
    652E : 121011;
    652F : 151314;
    6530 : 131112;
    6531 : 363435;
    6532 : 3F3D3E;
    6533 : 2F2D2E;
    6534 : 333132;
    6535 : 2B292A;
    6536 : 262425;
    6537 : 4F4D4E;
    6538 : 5A5A5A;
    6539 : A3A3A3;
    653A : 9D9D9D;
    653B : 898989;
    653C : 414141;
    653D : 2B2B2B;
    653E : 505050;
    653F : 5B5B5B;
    6540 : D1D1D1;
    6541 : E1E1E1;
    6542 : 9B9B9B;
    6543 : 4A4A4A;
    6544 : 222222;
    6545 : 333333;
    6546 : AAAAAA;
    6547 : CFCFCF;
    6548 : F3F3F3;
    6549 : F9F9F9;
    654A : ECECEC;
    654B : FFFFFF;
    654C : BCBCBC;
    654D : 232323;
    654E : 2C2C2C;
    654F : 191919;
    6550 : 1D1D1D;
    6551 : 525252;
    6552 : 515151;
    6553 : 151515;
    6554 : 1F1F1F;
    6555 : 424242;
    6556 : 5E5E5E;
    6557 : 7D7D7D;
    6558 : 4E4E4E;
    6559 : 616161;
    655A : ADADAD;
    655B : DEDEDE;
    655C : FFFFFF;
    655D : F7F7F7;
    655E : DCDCDC;
    655F : C5C5C5;
    6560 : A0A0A0;
    6561 : 525252;
    6562 : 383838;
    6563 : 4C4C4C;
    6564 : 323232;
    6565 : 3F3F3F;
    6566 : 2D2D2D;
    6567 : 242424;
    6568 : 101010;
    6569 : 474747;
    656A : ECECEC;
    656B : FAFAFA;
    656C : FCFCFC;
    656D : F5F5F5;
    656E : ECECEC;
    656F : EFEFEF;
    6570 : F2F2F2;
    6571 : F2F2F2;
    6572 : F2F2F2;
    6573 : F2F2F2;
    6574 : F2F2F2;
    6575 : F2F2F2;
    6576 : F2F2F2;
    6577 : F2F2F2;
    6578 : F2F2F2;
    6579 : F2F2F2;
    657A : F2F2F2;
    657B : F2F2F2;
    657C : F2F2F2;
    657D : F2F2F2;
    657E : F2F2F2;
    657F : F2F2F2;
    6580 : F2F2F2;
    6581 : F2F2F2;
    6582 : F2F2F2;
    6583 : F2F2F2;
    6584 : F2F2F2;
    6585 : F2F2F2;
    6586 : F2F2F2;
    6587 : F2F2F2;
    6588 : F2F2F2;
    6589 : F2F2F2;
    658A : F2F2F2;
    658B : F2F2F2;
    658C : F2F2F2;
    658D : F2F2F2;
    658E : F2F2F2;
    658F : F2F2F2;
    6590 : F2F2F2;
    6591 : F2F2F2;
    6592 : F2F2F2;
    6593 : F2F2F2;
    6594 : F2F2F2;
    6595 : F2F2F2;
    6596 : F2F2F2;
    6597 : F2F2F2;
    6598 : F2F2F2;
    6599 : F2F2F2;
    659A : F2F2F2;
    659B : F2F2F2;
    659C : F2F2F2;
    659D : F2F2F2;
    659E : F2F2F2;
    659F : F2F2F2;
    65A0 : F2F2F2;
    65A1 : F2F2F2;
    65A2 : F2F2F2;
    65A3 : F2F2F2;
    65A4 : F2F2F2;
    65A5 : F2F2F2;
    65A6 : F2F2F2;
    65A7 : F2F2F2;
    65A8 : F2F2F2;
    65A9 : F2F2F2;
    65AA : F2F2F2;
    65AB : F2F2F2;
    65AC : F2F2F2;
    65AD : F2F2F2;
    65AE : F2F2F2;
    65AF : F2F2F2;
    65B0 : EFEFEF;
    65B1 : F8F8F8;
    65B2 : F5F5F5;
    65B3 : E1E1E1;
    65B4 : F8F8F8;
    65B5 : 9F9F9F;
    65B6 : 1C1C1C;
    65B7 : 2F2F2F;
    65B8 : 181818;
    65B9 : 292929;
    65BA : 2E2E2E;
    65BB : 2D2D2D;
    65BC : 1A1A1A;
    65BD : 383838;
    65BE : 121212;
    65BF : 6E6E6E;
    65C0 : FFFFFF;
    65C1 : FFFFFF;
    65C2 : E2E2E2;
    65C3 : 818181;
    65C4 : 292929;
    65C5 : A2A2A2;
    65C6 : F2F2F2;
    65C7 : F2F2F2;
    65C8 : 848484;
    65C9 : 282828;
    65CA : A0A0A0;
    65CB : F5F5F5;
    65CC : FFFFFF;
    65CD : FDFDFD;
    65CE : D0D0D0;
    65CF : 757575;
    65D0 : 121212;
    65D1 : 171717;
    65D2 : 0D0D0D;
    65D3 : 1D1D1D;
    65D4 : 121212;
    65D5 : 1E1E1E;
    65D6 : 151515;
    65D7 : 444444;
    65D8 : 4F4F4F;
    65D9 : 333333;
    65DA : 0F0F0F;
    65DB : 171717;
    65DC : 0C0C0C;
    65DD : 202020;
    65DE : 383838;
    65DF : 636363;
    65E0 : 767676;
    65E1 : 444444;
    65E2 : 0D0D0D;
    65E3 : 1E1E1E;
    65E4 : 484848;
    65E5 : A6A6A6;
    65E6 : DADADA;
    65E7 : F0F0F0;
    65E8 : E8E8E8;
    65E9 : B9B9B9;
    65EA : 626262;
    65EB : 0D0D0D;
    65EC : 252525;
    65ED : 4D4D4D;
    65EE : 2D2D2D;
    65EF : 2D2D2D;
    65F0 : 171516;
    65F1 : 201E1F;
    65F2 : 0F0D0E;
    65F3 : 0D0B0C;
    65F4 : 100E0F;
    65F5 : 090708;
    65F6 : 121011;
    65F7 : 161415;
    65F8 : 171516;
    65F9 : 2B292A;
    65FA : 1D1B1C;
    65FB : 141213;
    65FC : 201E1F;
    65FD : 262425;
    65FE : 232122;
    65FF : 151314;
    6600 : 232323;
    6601 : 2E2E2E;
    6602 : 171717;
    6603 : 242424;
    6604 : 090909;
    6605 : 3E3E3E;
    6606 : 1E1E1E;
    6607 : 222222;
    6608 : 3E3E3E;
    6609 : 434343;
    660A : 1E1E1E;
    660B : 2D2D2D;
    660C : 3A3A3A;
    660D : 313131;
    660E : 353535;
    660F : 555555;
    6610 : 848484;
    6611 : 3F3F3F;
    6612 : 595959;
    6613 : BABABA;
    6614 : 6F6F6F;
    6615 : 343434;
    6616 : 636363;
    6617 : 3D3D3D;
    6618 : 505050;
    6619 : 676767;
    661A : 4B4B4B;
    661B : 1A1A1A;
    661C : 7C7C7C;
    661D : F8F8F8;
    661E : F6F6F6;
    661F : BCBCBC;
    6620 : 343434;
    6621 : DFDFDF;
    6622 : FFFFFF;
    6623 : FFFFFF;
    6624 : CBCBCB;
    6625 : 646464;
    6626 : 333333;
    6627 : A0A0A0;
    6628 : FFFFFF;
    6629 : EBEBEB;
    662A : 343434;
    662B : 313131;
    662C : 2C2C2C;
    662D : 2D2D2D;
    662E : 3F3F3F;
    662F : 2A2A2A;
    6630 : 202020;
    6631 : 181818;
    6632 : CACACA;
    6633 : F6F6F6;
    6634 : F3F3F3;
    6635 : ECECEC;
    6636 : F4F4F4;
    6637 : F3F3F3;
    6638 : F2F2F2;
    6639 : F2F2F2;
    663A : F2F2F2;
    663B : F2F2F2;
    663C : F2F2F2;
    663D : F2F2F2;
    663E : F2F2F2;
    663F : F2F2F2;
    6640 : F2F2F2;
    6641 : F2F2F2;
    6642 : F2F2F2;
    6643 : F2F2F2;
    6644 : F2F2F2;
    6645 : F2F2F2;
    6646 : F2F2F2;
    6647 : F2F2F2;
    6648 : F2F2F2;
    6649 : F2F2F2;
    664A : F2F2F2;
    664B : F2F2F2;
    664C : F2F2F2;
    664D : F2F2F2;
    664E : F2F2F2;
    664F : F2F2F2;
    6650 : F2F2F2;
    6651 : F2F2F2;
    6652 : F2F2F2;
    6653 : F2F2F2;
    6654 : F2F2F2;
    6655 : F2F2F2;
    6656 : F2F2F2;
    6657 : F2F2F2;
    6658 : F2F2F2;
    6659 : F2F2F2;
    665A : F2F2F2;
    665B : F2F2F2;
    665C : F2F2F2;
    665D : F2F2F2;
    665E : F2F2F2;
    665F : F2F2F2;
    6660 : F2F2F2;
    6661 : F2F2F2;
    6662 : F2F2F2;
    6663 : F2F2F2;
    6664 : F2F2F2;
    6665 : F2F2F2;
    6666 : F2F2F2;
    6667 : F2F2F2;
    6668 : F2F2F2;
    6669 : F2F2F2;
    666A : F2F2F2;
    666B : F2F2F2;
    666C : F2F2F2;
    666D : F2F2F2;
    666E : F2F2F2;
    666F : F2F2F2;
    6670 : F2F2F2;
    6671 : F2F2F2;
    6672 : F2F2F2;
    6673 : F2F2F2;
    6674 : F2F2F2;
    6675 : F2F2F2;
    6676 : F2F2F2;
    6677 : F2F2F2;
    6678 : ECECEC;
    6679 : F6F6F6;
    667A : F9F9F9;
    667B : F0F0F0;
    667C : FDFDFD;
    667D : C8C8C8;
    667E : 000000;
    667F : 0C0C0C;
    6680 : 262626;
    6681 : 313131;
    6682 : 131313;
    6683 : 030303;
    6684 : 676767;
    6685 : BEBEBE;
    6686 : 3E3E3E;
    6687 : 616161;
    6688 : ECECEC;
    6689 : F0F0F0;
    668A : B3B3B3;
    668B : 1A1A1A;
    668C : 0F0F0F;
    668D : 494949;
    668E : EFEFEF;
    668F : F1F1F1;
    6690 : D2D2D2;
    6691 : 1D1D1D;
    6692 : 181818;
    6693 : 272727;
    6694 : 383838;
    6695 : 6A6A6A;
    6696 : E9E9E9;
    6697 : F3F3F3;
    6698 : 818181;
    6699 : 2C2C2C;
    669A : 1C1C1C;
    669B : 0A0A0A;
    669C : 171717;
    669D : 141414;
    669E : 1B1B1B;
    669F : 0D0D0D;
    66A0 : 121212;
    66A1 : 0A0A0A;
    66A2 : 0F0F0F;
    66A3 : 1D1D1D;
    66A4 : 191919;
    66A5 : 0B0B0B;
    66A6 : 111111;
    66A7 : 272727;
    66A8 : 1A1A1A;
    66A9 : 111111;
    66AA : 191919;
    66AB : 252525;
    66AC : 1E1E1E;
    66AD : 1D1D1D;
    66AE : 292929;
    66AF : 333333;
    66B0 : 333333;
    66B1 : 171717;
    66B2 : 121212;
    66B3 : 0F0F0F;
    66B4 : 121212;
    66B5 : 0F0F0F;
    66B6 : 101010;
    66B7 : 3A3A3A;
    66B8 : 171516;
    66B9 : 201E1F;
    66BA : 0E0C0D;
    66BB : 0C0A0B;
    66BC : 0F0D0E;
    66BD : 090708;
    66BE : 121011;
    66BF : 161415;
    66C0 : 262425;
    66C1 : 211F20;
    66C2 : 110F10;
    66C3 : 292728;
    66C4 : 2B292A;
    66C5 : 1A1819;
    66C6 : 272526;
    66C7 : 1E1C1D;
    66C8 : 1D1D1D;
    66C9 : 111111;
    66CA : 202020;
    66CB : 292929;
    66CC : 1C1C1C;
    66CD : 1E1E1E;
    66CE : 111111;
    66CF : 323232;
    66D0 : 1F1F1F;
    66D1 : 1D1D1D;
    66D2 : 171717;
    66D3 : 2C2C2C;
    66D4 : 3A3A3A;
    66D5 : 2D2D2D;
    66D6 : 131313;
    66D7 : 2C2C2C;
    66D8 : 181818;
    66D9 : 242424;
    66DA : 2E2E2E;
    66DB : 171717;
    66DC : 353535;
    66DD : 393939;
    66DE : 131313;
    66DF : 363636;
    66E0 : 6C6C6C;
    66E1 : 3A3A3A;
    66E2 : 313131;
    66E3 : 353535;
    66E4 : F4F4F4;
    66E5 : FFFFFF;
    66E6 : E7E7E7;
    66E7 : 272727;
    66E8 : B6B6B6;
    66E9 : FFFFFF;
    66EA : E1E1E1;
    66EB : F5F5F5;
    66EC : E5E5E5;
    66ED : CACACA;
    66EE : 6D6D6D;
    66EF : 626262;
    66F0 : E8E8E8;
    66F1 : FFFFFF;
    66F2 : 5A5A5A;
    66F3 : 242424;
    66F4 : 595959;
    66F5 : 757575;
    66F6 : 484848;
    66F7 : 393939;
    66F8 : 424242;
    66F9 : 0F0F0F;
    66FA : C7C7C7;
    66FB : FBFBFB;
    66FC : F4F4F4;
    66FD : E7E7E7;
    66FE : F5F5F5;
    66FF : F0F0F0;
    6700 : F2F2F2;
    6701 : F2F2F2;
    6702 : F2F2F2;
    6703 : F2F2F2;
    6704 : F2F2F2;
    6705 : F2F2F2;
    6706 : F2F2F2;
    6707 : F2F2F2;
    6708 : F2F2F2;
    6709 : F2F2F2;
    670A : F2F2F2;
    670B : F2F2F2;
    670C : F2F2F2;
    670D : F2F2F2;
    670E : F2F2F2;
    670F : F2F2F2;
    6710 : F2F2F2;
    6711 : F2F2F2;
    6712 : F2F2F2;
    6713 : F2F2F2;
    6714 : F2F2F2;
    6715 : F2F2F2;
    6716 : F2F2F2;
    6717 : F2F2F2;
    6718 : F2F2F2;
    6719 : F2F2F2;
    671A : F2F2F2;
    671B : F2F2F2;
    671C : F2F2F2;
    671D : F2F2F2;
    671E : F2F2F2;
    671F : F2F2F2;
    6720 : F2F2F2;
    6721 : F2F2F2;
    6722 : F2F2F2;
    6723 : F2F2F2;
    6724 : F2F2F2;
    6725 : F2F2F2;
    6726 : F2F2F2;
    6727 : F2F2F2;
    6728 : F2F2F2;
    6729 : F2F2F2;
    672A : F2F2F2;
    672B : F2F2F2;
    672C : F2F2F2;
    672D : F2F2F2;
    672E : F2F2F2;
    672F : F2F2F2;
    6730 : F2F2F2;
    6731 : F2F2F2;
    6732 : F2F2F2;
    6733 : F2F2F2;
    6734 : F2F2F2;
    6735 : F2F2F2;
    6736 : F2F2F2;
    6737 : F2F2F2;
    6738 : F2F2F2;
    6739 : F2F2F2;
    673A : F2F2F2;
    673B : F2F2F2;
    673C : F2F2F2;
    673D : F2F2F2;
    673E : F2F2F2;
    673F : F2F2F2;
    6740 : F4F4F4;
    6741 : F0F0F0;
    6742 : EFEFEF;
    6743 : F1F1F1;
    6744 : FDFDFD;
    6745 : ECECEC;
    6746 : 1B1B1B;
    6747 : 1D1D1D;
    6748 : 292929;
    6749 : 212121;
    674A : 555555;
    674B : 7B7B7B;
    674C : EDEDED;
    674D : FFFFFF;
    674E : 5A5A5A;
    674F : 2D2D2D;
    6750 : EDEDED;
    6751 : FFFFFF;
    6752 : D1D1D1;
    6753 : 191919;
    6754 : 353535;
    6755 : 262626;
    6756 : C4C4C4;
    6757 : FBFBFB;
    6758 : EAEAEA;
    6759 : 494949;
    675A : 222222;
    675B : 848484;
    675C : 5D5D5D;
    675D : 3D3D3D;
    675E : BBBBBB;
    675F : FCFCFC;
    6760 : DCDCDC;
    6761 : 232323;
    6762 : 212121;
    6763 : 121212;
    6764 : 1B1B1B;
    6765 : 030303;
    6766 : 1B1B1B;
    6767 : 1A1A1A;
    6768 : 161616;
    6769 : 131313;
    676A : 181818;
    676B : 171717;
    676C : 171717;
    676D : 0C0C0C;
    676E : 0F0F0F;
    676F : 131313;
    6770 : 171717;
    6771 : 161616;
    6772 : 1E1E1E;
    6773 : 171717;
    6774 : 161616;
    6775 : 171717;
    6776 : 181818;
    6777 : 040404;
    6778 : 131313;
    6779 : 0E0E0E;
    677A : 1B1B1B;
    677B : 1D1D1D;
    677C : 191919;
    677D : 1C1C1C;
    677E : 181818;
    677F : 181818;
    6780 : 171516;
    6781 : 1F1D1E;
    6782 : 0D0B0C;
    6783 : 0B090A;
    6784 : 0E0C0D;
    6785 : 080607;
    6786 : 131112;
    6787 : 171516;
    6788 : 201E1F;
    6789 : 242223;
    678A : 1D1B1C;
    678B : 2E2C2D;
    678C : 2B292A;
    678D : 252324;
    678E : 383637;
    678F : 242223;
    6790 : 2A2A2A;
    6791 : 343434;
    6792 : 404040;
    6793 : 303030;
    6794 : 2B2B2B;
    6795 : 1C1C1C;
    6796 : 272727;
    6797 : 262626;
    6798 : 313131;
    6799 : 313131;
    679A : 3C3C3C;
    679B : 202020;
    679C : 1E1E1E;
    679D : 2A2A2A;
    679E : 2C2C2C;
    679F : 2A2A2A;
    67A0 : 252525;
    67A1 : 1D1D1D;
    67A2 : 2B2B2B;
    67A3 : 1D1D1D;
    67A4 : 646464;
    67A5 : 323232;
    67A6 : 0A0A0A;
    67A7 : 6D6D6D;
    67A8 : 272727;
    67A9 : 222222;
    67AA : 171717;
    67AB : 9C9C9C;
    67AC : FEFEFE;
    67AD : F1F1F1;
    67AE : 969696;
    67AF : 606060;
    67B0 : FFFFFF;
    67B1 : FEFEFE;
    67B2 : D7D7D7;
    67B3 : 7C7C7C;
    67B4 : C9C9C9;
    67B5 : E9E9E9;
    67B6 : FEFEFE;
    67B7 : FEFEFE;
    67B8 : FFFFFF;
    67B9 : E7E7E7;
    67BA : 545454;
    67BB : 9A9A9A;
    67BC : F3F3F3;
    67BD : F4F4F4;
    67BE : FBFBFB;
    67BF : 6D6D6D;
    67C0 : 222222;
    67C1 : 313131;
    67C2 : E7E7E7;
    67C3 : EAEAEA;
    67C4 : FFFFFF;
    67C5 : F4F4F4;
    67C6 : EAEAEA;
    67C7 : F9F9F9;
    67C8 : F2F2F2;
    67C9 : F2F2F2;
    67CA : F2F2F2;
    67CB : F2F2F2;
    67CC : F2F2F2;
    67CD : F2F2F2;
    67CE : F2F2F2;
    67CF : F2F2F2;
    67D0 : F2F2F2;
    67D1 : F2F2F2;
    67D2 : F2F2F2;
    67D3 : F2F2F2;
    67D4 : F2F2F2;
    67D5 : F2F2F2;
    67D6 : F2F2F2;
    67D7 : F2F2F2;
    67D8 : F2F2F2;
    67D9 : F2F2F2;
    67DA : F2F2F2;
    67DB : F2F2F2;
    67DC : F2F2F2;
    67DD : F2F2F2;
    67DE : F2F2F2;
    67DF : F2F2F2;
    67E0 : F2F2F2;
    67E1 : F2F2F2;
    67E2 : F2F2F2;
    67E3 : F2F2F2;
    67E4 : F2F2F2;
    67E5 : F2F2F2;
    67E6 : F2F2F2;
    67E7 : F2F2F2;
    67E8 : F2F2F2;
    67E9 : F2F2F2;
    67EA : F2F2F2;
    67EB : F2F2F2;
    67EC : F2F2F2;
    67ED : F2F2F2;
    67EE : F2F2F2;
    67EF : F2F2F2;
    67F0 : F2F2F2;
    67F1 : F2F2F2;
    67F2 : F2F2F2;
    67F3 : F2F2F2;
    67F4 : F2F2F2;
    67F5 : F2F2F2;
    67F6 : F2F2F2;
    67F7 : F2F2F2;
    67F8 : F2F2F2;
    67F9 : F2F2F2;
    67FA : F2F2F2;
    67FB : F2F2F2;
    67FC : F2F2F2;
    67FD : F2F2F2;
    67FE : F2F2F2;
    67FF : F2F2F2;
    6800 : F2F2F2;
    6801 : F2F2F2;
    6802 : F2F2F2;
    6803 : F2F2F2;
    6804 : F2F2F2;
    6805 : F2F2F2;
    6806 : F2F2F2;
    6807 : F2F2F2;
    6808 : F8F8F8;
    6809 : EEEEEE;
    680A : ECECEC;
    680B : EFEFEF;
    680C : F3F3F3;
    680D : F2F2F2;
    680E : 3F3F3F;
    680F : 101010;
    6810 : 2C2C2C;
    6811 : 575757;
    6812 : F0F0F0;
    6813 : FEFEFE;
    6814 : FFFFFF;
    6815 : F2F2F2;
    6816 : 898989;
    6817 : 0C0C0C;
    6818 : C0C0C0;
    6819 : F3F3F3;
    681A : E5E5E5;
    681B : 393939;
    681C : 1A1A1A;
    681D : 1B1B1B;
    681E : 6E6E6E;
    681F : FFFFFF;
    6820 : FFFFFF;
    6821 : 898989;
    6822 : 303030;
    6823 : F6F6F6;
    6824 : FDFDFD;
    6825 : F7F7F7;
    6826 : FFFFFF;
    6827 : FFFFFF;
    6828 : 949494;
    6829 : 0E0E0E;
    682A : 242424;
    682B : 272727;
    682C : 151515;
    682D : 141414;
    682E : 1A1A1A;
    682F : 1D1D1D;
    6830 : 222222;
    6831 : 202020;
    6832 : 1E1E1E;
    6833 : 191919;
    6834 : 1E1E1E;
    6835 : 232323;
    6836 : 242424;
    6837 : 1F1F1F;
    6838 : 131313;
    6839 : 111111;
    683A : 1B1B1B;
    683B : 1B1B1B;
    683C : 171717;
    683D : 171717;
    683E : 1D1D1D;
    683F : 161616;
    6840 : 1A1A1A;
    6841 : 1D1D1D;
    6842 : 212121;
    6843 : 141414;
    6844 : 030303;
    6845 : 0F0F0F;
    6846 : 262626;
    6847 : 2F2F2F;
    6848 : 161415;
    6849 : 1E1C1D;
    684A : 0C0A0B;
    684B : 0A0809;
    684C : 0D0B0C;
    684D : 080607;
    684E : 131112;
    684F : 181617;
    6850 : 232122;
    6851 : 1F1D1E;
    6852 : 201E1F;
    6853 : 333132;
    6854 : 3B393A;
    6855 : 3C3A3B;
    6856 : 424041;
    6857 : 343233;
    6858 : 353535;
    6859 : 393939;
    685A : 212121;
    685B : 2F2F2F;
    685C : 3A3A3A;
    685D : 414141;
    685E : 454545;
    685F : 2F2F2F;
    6860 : 2B2B2B;
    6861 : 232323;
    6862 : 383838;
    6863 : 343434;
    6864 : 353535;
    6865 : 323232;
    6866 : 393939;
    6867 : 3A3A3A;
    6868 : 3F3F3F;
    6869 : 2D2D2D;
    686A : 343434;
    686B : 2A2A2A;
    686C : 444444;
    686D : 2F2F2F;
    686E : 484848;
    686F : 1A1A1A;
    6870 : 0E0E0E;
    6871 : 414141;
    6872 : 4E4E4E;
    6873 : F7F7F7;
    6874 : F7F7F7;
    6875 : DFDFDF;
    6876 : 1D1D1D;
    6877 : 767676;
    6878 : FEFEFE;
    6879 : FFFFFF;
    687A : ABABAB;
    687B : 050505;
    687C : 262626;
    687D : 404040;
    687E : 6F6F6F;
    687F : AAAAAA;
    6880 : EEEEEE;
    6881 : A5A5A5;
    6882 : ABABAB;
    6883 : F6F6F6;
    6884 : FFFFFF;
    6885 : F5F5F5;
    6886 : FFFFFF;
    6887 : E6E6E6;
    6888 : 505050;
    6889 : 383838;
    688A : EDEDED;
    688B : EAEAEA;
    688C : F9F9F9;
    688D : F1F1F1;
    688E : F0F0F0;
    688F : F7F7F7;
    6890 : F2F2F2;
    6891 : F2F2F2;
    6892 : F2F2F2;
    6893 : F2F2F2;
    6894 : F2F2F2;
    6895 : F2F2F2;
    6896 : F2F2F2;
    6897 : F2F2F2;
    6898 : F2F2F2;
    6899 : F2F2F2;
    689A : F2F2F2;
    689B : F2F2F2;
    689C : F2F2F2;
    689D : F2F2F2;
    689E : F2F2F2;
    689F : F2F2F2;
    68A0 : F2F2F2;
    68A1 : F2F2F2;
    68A2 : F2F2F2;
    68A3 : F2F2F2;
    68A4 : F2F2F2;
    68A5 : F2F2F2;
    68A6 : F2F2F2;
    68A7 : F2F2F2;
    68A8 : F2F2F2;
    68A9 : F2F2F2;
    68AA : F2F2F2;
    68AB : F2F2F2;
    68AC : F2F2F2;
    68AD : F2F2F2;
    68AE : F2F2F2;
    68AF : F2F2F2;
    68B0 : F2F2F2;
    68B1 : F2F2F2;
    68B2 : F2F2F2;
    68B3 : F2F2F2;
    68B4 : F2F2F2;
    68B5 : F2F2F2;
    68B6 : F2F2F2;
    68B7 : F2F2F2;
    68B8 : F2F2F2;
    68B9 : F2F2F2;
    68BA : F2F2F2;
    68BB : F2F2F2;
    68BC : F2F2F2;
    68BD : F2F2F2;
    68BE : F2F2F2;
    68BF : F2F2F2;
    68C0 : F2F2F2;
    68C1 : F2F2F2;
    68C2 : F2F2F2;
    68C3 : F2F2F2;
    68C4 : F2F2F2;
    68C5 : F2F2F2;
    68C6 : F2F2F2;
    68C7 : F2F2F2;
    68C8 : F2F2F2;
    68C9 : F2F2F2;
    68CA : F2F2F2;
    68CB : F2F2F2;
    68CC : F2F2F2;
    68CD : F2F2F2;
    68CE : F2F2F2;
    68CF : F2F2F2;
    68D0 : ECECEC;
    68D1 : EDEDED;
    68D2 : F5F5F5;
    68D3 : F5F5F5;
    68D4 : F9F9F9;
    68D5 : FFFFFF;
    68D6 : 868686;
    68D7 : 121212;
    68D8 : 191919;
    68D9 : AEAEAE;
    68DA : FFFFFF;
    68DB : 929292;
    68DC : 898989;
    68DD : FFFFFF;
    68DE : F3F3F3;
    68DF : 151515;
    68E0 : 777777;
    68E1 : F2F2F2;
    68E2 : FBFBFB;
    68E3 : 8E8E8E;
    68E4 : 111111;
    68E5 : 2B2B2B;
    68E6 : 434343;
    68E7 : F1F1F1;
    68E8 : F5F5F5;
    68E9 : EEEEEE;
    68EA : 353535;
    68EB : 474747;
    68EC : 737373;
    68ED : 9A9A9A;
    68EE : 747474;
    68EF : 626262;
    68F0 : 282828;
    68F1 : 171717;
    68F2 : 262626;
    68F3 : 252525;
    68F4 : 1B1B1B;
    68F5 : 212121;
    68F6 : 181818;
    68F7 : 0F0F0F;
    68F8 : 1E1E1E;
    68F9 : 1F1F1F;
    68FA : 1D1D1D;
    68FB : 282828;
    68FC : 2E2E2E;
    68FD : 373737;
    68FE : 2E2E2E;
    68FF : 262626;
    6900 : 3A3A3A;
    6901 : 2C2C2C;
    6902 : 2E2E2E;
    6903 : 393939;
    6904 : 212121;
    6905 : 131313;
    6906 : 1D1D1D;
    6907 : 333333;
    6908 : 1D1D1D;
    6909 : 141414;
    690A : 181818;
    690B : 272727;
    690C : 1F1F1F;
    690D : 101010;
    690E : 181818;
    690F : 232323;
    6910 : 161415;
    6911 : 1E1C1D;
    6912 : 0B090A;
    6913 : 090708;
    6914 : 0D0B0C;
    6915 : 080607;
    6916 : 131112;
    6917 : 181617;
    6918 : 323031;
    6919 : 211F20;
    691A : 2A2829;
    691B : 393738;
    691C : 403E3F;
    691D : 373536;
    691E : 292728;
    691F : 323031;
    6920 : 3C3C3C;
    6921 : 3E3E3E;
    6922 : 373737;
    6923 : 474747;
    6924 : 3C3C3C;
    6925 : 313131;
    6926 : 393939;
    6927 : 464646;
    6928 : 4F4F4F;
    6929 : 616161;
    692A : 515151;
    692B : 555555;
    692C : 505050;
    692D : 424242;
    692E : 2B2B2B;
    692F : 333333;
    6930 : 2E2E2E;
    6931 : 363636;
    6932 : 191919;
    6933 : 181818;
    6934 : 2E2E2E;
    6935 : 000000;
    6936 : 161616;
    6937 : 232323;
    6938 : 414141;
    6939 : 232323;
    693A : 424242;
    693B : 484848;
    693C : 7A7A7A;
    693D : 505050;
    693E : 1A1A1A;
    693F : 565656;
    6940 : E9E9E9;
    6941 : FFFFFF;
    6942 : EFEFEF;
    6943 : B7B7B7;
    6944 : 737373;
    6945 : 929292;
    6946 : 9A9A9A;
    6947 : 505050;
    6948 : 3B3B3B;
    6949 : B3B3B3;
    694A : F3F3F3;
    694B : F8F8F8;
    694C : 888888;
    694D : 303030;
    694E : 808080;
    694F : FFFFFF;
    6950 : A9A9A9;
    6951 : 515151;
    6952 : FFFFFF;
    6953 : FBFBFB;
    6954 : F3F3F3;
    6955 : EAEAEA;
    6956 : F5F5F5;
    6957 : EAEAEA;
    6958 : F2F2F2;
    6959 : F2F2F2;
    695A : F2F2F2;
    695B : F2F2F2;
    695C : F2F2F2;
    695D : F2F2F2;
    695E : F2F2F2;
    695F : F2F2F2;
    6960 : F2F2F2;
    6961 : F2F2F2;
    6962 : F2F2F2;
    6963 : F2F2F2;
    6964 : F2F2F2;
    6965 : F2F2F2;
    6966 : F2F2F2;
    6967 : F2F2F2;
    6968 : F2F2F2;
    6969 : F2F2F2;
    696A : F2F2F2;
    696B : F2F2F2;
    696C : F2F2F2;
    696D : F2F2F2;
    696E : F2F2F2;
    696F : F2F2F2;
    6970 : F2F2F2;
    6971 : F2F2F2;
    6972 : F2F2F2;
    6973 : F2F2F2;
    6974 : F2F2F2;
    6975 : F2F2F2;
    6976 : F2F2F2;
    6977 : F2F2F2;
    6978 : F2F2F2;
    6979 : F2F2F2;
    697A : F2F2F2;
    697B : F2F2F2;
    697C : F2F2F2;
    697D : F2F2F2;
    697E : F2F2F2;
    697F : F2F2F2;
    6980 : F2F2F2;
    6981 : F2F2F2;
    6982 : F2F2F2;
    6983 : F2F2F2;
    6984 : F2F2F2;
    6985 : F2F2F2;
    6986 : F2F2F2;
    6987 : F2F2F2;
    6988 : F2F2F2;
    6989 : F2F2F2;
    698A : F2F2F2;
    698B : F2F2F2;
    698C : F2F2F2;
    698D : F2F2F2;
    698E : F2F2F2;
    698F : F2F2F2;
    6990 : F2F2F2;
    6991 : F2F2F2;
    6992 : F2F2F2;
    6993 : F2F2F2;
    6994 : F2F2F2;
    6995 : F2F2F2;
    6996 : F2F2F2;
    6997 : F2F2F2;
    6998 : EFEFEF;
    6999 : F5F5F5;
    699A : FAFAFA;
    699B : EAEAEA;
    699C : EAEAEA;
    699D : FFFFFF;
    699E : AFAFAF;
    699F : 101010;
    69A0 : 1C1C1C;
    69A1 : C8C8C8;
    69A2 : C2C2C2;
    69A3 : 131313;
    69A4 : 202020;
    69A5 : BCBCBC;
    69A6 : F4F4F4;
    69A7 : 666666;
    69A8 : 161616;
    69A9 : E0E0E0;
    69AA : F7F7F7;
    69AB : D3D3D3;
    69AC : 202020;
    69AD : 242424;
    69AE : 262626;
    69AF : 979797;
    69B0 : 9D9D9D;
    69B1 : 606060;
    69B2 : 191919;
    69B3 : 222222;
    69B4 : 1D1D1D;
    69B5 : 0A0A0A;
    69B6 : 232323;
    69B7 : 171717;
    69B8 : 1E1E1E;
    69B9 : 2F2F2F;
    69BA : 1D1D1D;
    69BB : 151515;
    69BC : 2F2F2F;
    69BD : 0C0C0C;
    69BE : 111111;
    69BF : 1D1D1D;
    69C0 : 292929;
    69C1 : 252525;
    69C2 : 1D1D1D;
    69C3 : 313131;
    69C4 : 313131;
    69C5 : 383838;
    69C6 : 292929;
    69C7 : 282828;
    69C8 : 323232;
    69C9 : 2D2D2D;
    69CA : 292929;
    69CB : 373737;
    69CC : 272727;
    69CD : 2B2B2B;
    69CE : 212121;
    69CF : 1B1B1B;
    69D0 : 242424;
    69D1 : 262626;
    69D2 : 242424;
    69D3 : 282828;
    69D4 : 1E1E1E;
    69D5 : 121212;
    69D6 : 1F1F1F;
    69D7 : 292929;
    69D8 : 161415;
    69D9 : 1E1C1D;
    69DA : 0B090A;
    69DB : 090708;
    69DC : 0C0A0B;
    69DD : 080607;
    69DE : 131112;
    69DF : 191718;
    69E0 : 211F20;
    69E1 : 2C2A2B;
    69E2 : 454344;
    69E3 : 3B393A;
    69E4 : 424041;
    69E5 : 4F4D4E;
    69E6 : 3D3B3C;
    69E7 : 474546;
    69E8 : 444444;
    69E9 : 393939;
    69EA : 454545;
    69EB : 373737;
    69EC : 4A4A4A;
    69ED : 434343;
    69EE : 3D3D3D;
    69EF : 2F2F2F;
    69F0 : 717171;
    69F1 : FFFFFF;
    69F2 : FFFFFF;
    69F3 : FFFFFF;
    69F4 : F0F0F0;
    69F5 : E2E2E2;
    69F6 : 737373;
    69F7 : 2F2F2F;
    69F8 : 444444;
    69F9 : 333333;
    69FA : 282828;
    69FB : 0F0F0F;
    69FC : 080808;
    69FD : 2B2B2B;
    69FE : 373737;
    69FF : 323232;
    6A00 : 414141;
    6A01 : 292929;
    6A02 : 3B3B3B;
    6A03 : 3C3C3C;
    6A04 : 1C1C1C;
    6A05 : 262626;
    6A06 : 454545;
    6A07 : 242424;
    6A08 : 5E5E5E;
    6A09 : CFCFCF;
    6A0A : FBFBFB;
    6A0B : F3F3F3;
    6A0C : FFFFFF;
    6A0D : FFFFFF;
    6A0E : F9F9F9;
    6A0F : 717171;
    6A10 : 525252;
    6A11 : E4E4E4;
    6A12 : FFFFFF;
    6A13 : A8A8A8;
    6A14 : 272727;
    6A15 : 2C2C2C;
    6A16 : 616161;
    6A17 : FFFFFF;
    6A18 : 6E6E6E;
    6A19 : 5E5E5E;
    6A1A : FFFFFF;
    6A1B : DFDFDF;
    6A1C : F4F4F4;
    6A1D : F6F6F6;
    6A1E : F2F2F2;
    6A1F : F8F8F8;
    6A20 : F2F2F2;
    6A21 : F2F2F2;
    6A22 : F2F2F2;
    6A23 : F2F2F2;
    6A24 : F2F2F2;
    6A25 : F2F2F2;
    6A26 : F2F2F2;
    6A27 : F2F2F2;
    6A28 : F2F2F2;
    6A29 : F2F2F2;
    6A2A : F2F2F2;
    6A2B : F2F2F2;
    6A2C : F2F2F2;
    6A2D : F2F2F2;
    6A2E : F2F2F2;
    6A2F : F2F2F2;
    6A30 : F2F2F2;
    6A31 : F2F2F2;
    6A32 : F2F2F2;
    6A33 : F2F2F2;
    6A34 : F2F2F2;
    6A35 : F2F2F2;
    6A36 : F2F2F2;
    6A37 : F2F2F2;
    6A38 : F2F2F2;
    6A39 : F2F2F2;
    6A3A : F2F2F2;
    6A3B : F2F2F2;
    6A3C : F2F2F2;
    6A3D : F2F2F2;
    6A3E : F2F2F2;
    6A3F : F2F2F2;
    6A40 : F2F2F2;
    6A41 : F2F2F2;
    6A42 : F2F2F2;
    6A43 : F2F2F2;
    6A44 : F2F2F2;
    6A45 : F2F2F2;
    6A46 : F2F2F2;
    6A47 : F2F2F2;
    6A48 : F2F2F2;
    6A49 : F2F2F2;
    6A4A : F2F2F2;
    6A4B : F2F2F2;
    6A4C : F2F2F2;
    6A4D : F2F2F2;
    6A4E : F2F2F2;
    6A4F : F2F2F2;
    6A50 : F2F2F2;
    6A51 : F2F2F2;
    6A52 : F2F2F2;
    6A53 : F2F2F2;
    6A54 : F2F2F2;
    6A55 : F2F2F2;
    6A56 : F2F2F2;
    6A57 : F2F2F2;
    6A58 : F2F2F2;
    6A59 : F2F2F2;
    6A5A : F2F2F2;
    6A5B : F2F2F2;
    6A5C : F2F2F2;
    6A5D : F2F2F2;
    6A5E : F2F2F2;
    6A5F : F2F2F2;
    6A60 : F7F7F7;
    6A61 : EAEAEA;
    6A62 : FBFBFB;
    6A63 : EEEEEE;
    6A64 : F1F1F1;
    6A65 : F5F5F5;
    6A66 : F0F0F0;
    6A67 : 363636;
    6A68 : 3C3C3C;
    6A69 : AEAEAE;
    6A6A : C1C1C1;
    6A6B : 202020;
    6A6C : 0E0E0E;
    6A6D : AAAAAA;
    6A6E : F4F4F4;
    6A6F : 9C9C9C;
    6A70 : 040404;
    6A71 : B0B0B0;
    6A72 : FFFFFF;
    6A73 : CCCCCC;
    6A74 : 4D4D4D;
    6A75 : 1E1E1E;
    6A76 : 232323;
    6A77 : 232323;
    6A78 : 1A1A1A;
    6A79 : 121212;
    6A7A : 2B2B2B;
    6A7B : 222222;
    6A7C : 2E2E2E;
    6A7D : 363636;
    6A7E : 181818;
    6A7F : 383838;
    6A80 : 1D1D1D;
    6A81 : 2E2E2E;
    6A82 : 2D2D2D;
    6A83 : 141414;
    6A84 : 2B2B2B;
    6A85 : 141414;
    6A86 : 0F0F0F;
    6A87 : 181818;
    6A88 : 2B2B2B;
    6A89 : 111111;
    6A8A : 1E1E1E;
    6A8B : 3A3A3A;
    6A8C : 3D3D3D;
    6A8D : 303030;
    6A8E : 232323;
    6A8F : 1A1A1A;
    6A90 : 2B2B2B;
    6A91 : 282828;
    6A92 : 2C2C2C;
    6A93 : 343434;
    6A94 : 252525;
    6A95 : 191919;
    6A96 : 2A2A2A;
    6A97 : 232323;
    6A98 : 2D2D2D;
    6A99 : 2E2E2E;
    6A9A : 232323;
    6A9B : 303030;
    6A9C : 1B1B1B;
    6A9D : 0B0B0B;
    6A9E : 2B2B2B;
    6A9F : 202020;
    6AA0 : 161415;
    6AA1 : 1C1A1B;
    6AA2 : 0A0809;
    6AA3 : 050304;
    6AA4 : 060405;
    6AA5 : 0C0A0B;
    6AA6 : 1E1C1D;
    6AA7 : 171516;
    6AA8 : 2D2B2C;
    6AA9 : 191718;
    6AAA : 312F30;
    6AAB : 3D3B3C;
    6AAC : 504E4F;
    6AAD : 393738;
    6AAE : 434142;
    6AAF : 494748;
    6AB0 : 434343;
    6AB1 : 3C3C3C;
    6AB2 : 424242;
    6AB3 : 4D4D4D;
    6AB4 : 373737;
    6AB5 : 474747;
    6AB6 : 393939;
    6AB7 : 2A2A2A;
    6AB8 : 9F9F9F;
    6AB9 : FAFAFA;
    6ABA : FBFBFB;
    6ABB : CCCCCC;
    6ABC : F2F2F2;
    6ABD : FDFDFD;
    6ABE : F7F7F7;
    6ABF : 494949;
    6AC0 : 313131;
    6AC1 : 2E2E2E;
    6AC2 : 141414;
    6AC3 : 171717;
    6AC4 : 161616;
    6AC5 : 161616;
    6AC6 : 282828;
    6AC7 : 2D2D2D;
    6AC8 : 373737;
    6AC9 : 313131;
    6ACA : 353535;
    6ACB : 363636;
    6ACC : 2F2F2F;
    6ACD : 474747;
    6ACE : 282828;
    6ACF : 3C3C3C;
    6AD0 : 282828;
    6AD1 : 373737;
    6AD2 : 595959;
    6AD3 : 737373;
    6AD4 : 828282;
    6AD5 : 707070;
    6AD6 : 303030;
    6AD7 : 191919;
    6AD8 : 7A7A7A;
    6AD9 : FFFFFF;
    6ADA : EDEDED;
    6ADB : 696969;
    6ADC : 1F1F1F;
    6ADD : 272727;
    6ADE : B2B2B2;
    6ADF : E2E2E2;
    6AE0 : 474747;
    6AE1 : A9A9A9;
    6AE2 : F8F8F8;
    6AE3 : E8E8E8;
    6AE4 : FCFCFC;
    6AE5 : F6F6F6;
    6AE6 : EEEEEE;
    6AE7 : F3F3F3;
    6AE8 : F2F2F2;
    6AE9 : F2F2F2;
    6AEA : F2F2F2;
    6AEB : F2F2F2;
    6AEC : F2F2F2;
    6AED : F2F2F2;
    6AEE : F2F2F2;
    6AEF : F2F2F2;
    6AF0 : F2F2F2;
    6AF1 : F2F2F2;
    6AF2 : F2F2F2;
    6AF3 : F2F2F2;
    6AF4 : F2F2F2;
    6AF5 : F2F2F2;
    6AF6 : F2F2F2;
    6AF7 : F2F2F2;
    6AF8 : F2F2F2;
    6AF9 : F2F2F2;
    6AFA : F2F2F2;
    6AFB : F2F2F2;
    6AFC : F2F2F2;
    6AFD : F2F2F2;
    6AFE : F2F2F2;
    6AFF : F2F2F2;
    6B00 : F2F2F2;
    6B01 : F2F2F2;
    6B02 : F2F2F2;
    6B03 : F2F2F2;
    6B04 : F2F2F2;
    6B05 : F2F2F2;
    6B06 : F2F2F2;
    6B07 : F2F2F2;
    6B08 : F2F2F2;
    6B09 : F2F2F2;
    6B0A : F2F2F2;
    6B0B : F2F2F2;
    6B0C : F2F2F2;
    6B0D : F2F2F2;
    6B0E : F2F2F2;
    6B0F : F2F2F2;
    6B10 : F2F2F2;
    6B11 : F2F2F2;
    6B12 : F2F2F2;
    6B13 : F2F2F2;
    6B14 : F2F2F2;
    6B15 : F2F2F2;
    6B16 : F2F2F2;
    6B17 : F2F2F2;
    6B18 : F2F2F2;
    6B19 : F2F2F2;
    6B1A : F2F2F2;
    6B1B : F2F2F2;
    6B1C : F2F2F2;
    6B1D : F2F2F2;
    6B1E : F2F2F2;
    6B1F : F2F2F2;
    6B20 : F2F2F2;
    6B21 : F2F2F2;
    6B22 : F2F2F2;
    6B23 : F2F2F2;
    6B24 : F2F2F2;
    6B25 : F2F2F2;
    6B26 : F2F2F2;
    6B27 : F2F2F2;
    6B28 : F6F6F6;
    6B29 : EBEBEB;
    6B2A : F8F8F8;
    6B2B : EEEEEE;
    6B2C : F5F5F5;
    6B2D : F4F4F4;
    6B2E : F6F6F6;
    6B2F : 616161;
    6B30 : AFAFAF;
    6B31 : B9B9B9;
    6B32 : C5C5C5;
    6B33 : 171717;
    6B34 : 0F0F0F;
    6B35 : C9C9C9;
    6B36 : FDFDFD;
    6B37 : C8C8C8;
    6B38 : 191919;
    6B39 : 626262;
    6B3A : 838383;
    6B3B : 545454;
    6B3C : 222222;
    6B3D : 202020;
    6B3E : 2A2A2A;
    6B3F : 242424;
    6B40 : 292929;
    6B41 : 252525;
    6B42 : 323232;
    6B43 : 2B2B2B;
    6B44 : 1C1C1C;
    6B45 : 202020;
    6B46 : 212121;
    6B47 : 1D1D1D;
    6B48 : 252525;
    6B49 : 101010;
    6B4A : 1A1A1A;
    6B4B : 0B0B0B;
    6B4C : 2A2A2A;
    6B4D : 272727;
    6B4E : 2A2A2A;
    6B4F : 020202;
    6B50 : 191919;
    6B51 : 1C1C1C;
    6B52 : 242424;
    6B53 : 232323;
    6B54 : 333333;
    6B55 : 202020;
    6B56 : 1A1A1A;
    6B57 : 303030;
    6B58 : 303030;
    6B59 : 272727;
    6B5A : 434343;
    6B5B : 393939;
    6B5C : 242424;
    6B5D : 2F2F2F;
    6B5E : 242424;
    6B5F : 252525;
    6B60 : 282828;
    6B61 : 393939;
    6B62 : 343434;
    6B63 : 3F3F3F;
    6B64 : 1F1F1F;
    6B65 : 141414;
    6B66 : 202020;
    6B67 : 1B1B1B;
    6B68 : 161415;
    6B69 : 1B191A;
    6B6A : 0A0809;
    6B6B : 050304;
    6B6C : 060405;
    6B6D : 0D0B0C;
    6B6E : 1E1C1D;
    6B6F : 171516;
    6B70 : 191718;
    6B71 : 110F10;
    6B72 : 3C3A3B;
    6B73 : 464445;
    6B74 : 424041;
    6B75 : 545253;
    6B76 : 413F40;
    6B77 : 434142;
    6B78 : 393939;
    6B79 : 3F3F3F;
    6B7A : 3A3A3A;
    6B7B : 494949;
    6B7C : 3F3F3F;
    6B7D : 505050;
    6B7E : 454545;
    6B7F : 292929;
    6B80 : CCCCCC;
    6B81 : EBEBEB;
    6B82 : DBDBDB;
    6B83 : 3B3B3B;
    6B84 : 898989;
    6B85 : F8F8F8;
    6B86 : F3F3F3;
    6B87 : 717171;
    6B88 : 303030;
    6B89 : 2C2C2C;
    6B8A : 161616;
    6B8B : 191919;
    6B8C : 222222;
    6B8D : 202020;
    6B8E : 2E2E2E;
    6B8F : 404040;
    6B90 : 363636;
    6B91 : 464646;
    6B92 : 2A2A2A;
    6B93 : 454545;
    6B94 : 3B3B3B;
    6B95 : 2E2E2E;
    6B96 : 323232;
    6B97 : 363636;
    6B98 : 343434;
    6B99 : 303030;
    6B9A : 2B2B2B;
    6B9B : 272727;
    6B9C : 282828;
    6B9D : 2A2A2A;
    6B9E : 2C2C2C;
    6B9F : 3E3E3E;
    6BA0 : 4D4D4D;
    6BA1 : E5E5E5;
    6BA2 : FFFFFF;
    6BA3 : C2C2C2;
    6BA4 : 414141;
    6BA5 : 7D7D7D;
    6BA6 : F4F4F4;
    6BA7 : A7A7A7;
    6BA8 : 555555;
    6BA9 : C6C6C6;
    6BAA : FCFCFC;
    6BAB : ECECEC;
    6BAC : F8F8F8;
    6BAD : F5F5F5;
    6BAE : EFEFEF;
    6BAF : F2F2F2;
    6BB0 : F2F2F2;
    6BB1 : F2F2F2;
    6BB2 : F2F2F2;
    6BB3 : F2F2F2;
    6BB4 : F2F2F2;
    6BB5 : F2F2F2;
    6BB6 : F2F2F2;
    6BB7 : F2F2F2;
    6BB8 : F2F2F2;
    6BB9 : F2F2F2;
    6BBA : F2F2F2;
    6BBB : F2F2F2;
    6BBC : F2F2F2;
    6BBD : F2F2F2;
    6BBE : F2F2F2;
    6BBF : F2F2F2;
    6BC0 : F2F2F2;
    6BC1 : F2F2F2;
    6BC2 : F2F2F2;
    6BC3 : F2F2F2;
    6BC4 : F2F2F2;
    6BC5 : F2F2F2;
    6BC6 : F2F2F2;
    6BC7 : F2F2F2;
    6BC8 : F2F2F2;
    6BC9 : F2F2F2;
    6BCA : F2F2F2;
    6BCB : F2F2F2;
    6BCC : F2F2F2;
    6BCD : F2F2F2;
    6BCE : F2F2F2;
    6BCF : F2F2F2;
    6BD0 : F2F2F2;
    6BD1 : F2F2F2;
    6BD2 : F2F2F2;
    6BD3 : F2F2F2;
    6BD4 : F2F2F2;
    6BD5 : F2F2F2;
    6BD6 : F2F2F2;
    6BD7 : F2F2F2;
    6BD8 : F2F2F2;
    6BD9 : F2F2F2;
    6BDA : F2F2F2;
    6BDB : F2F2F2;
    6BDC : F2F2F2;
    6BDD : F2F2F2;
    6BDE : F2F2F2;
    6BDF : F2F2F2;
    6BE0 : F2F2F2;
    6BE1 : F2F2F2;
    6BE2 : F2F2F2;
    6BE3 : F2F2F2;
    6BE4 : F2F2F2;
    6BE5 : F2F2F2;
    6BE6 : F2F2F2;
    6BE7 : F2F2F2;
    6BE8 : F2F2F2;
    6BE9 : F2F2F2;
    6BEA : F2F2F2;
    6BEB : F2F2F2;
    6BEC : F2F2F2;
    6BED : F2F2F2;
    6BEE : F2F2F2;
    6BEF : F2F2F2;
    6BF0 : F5F5F5;
    6BF1 : EEEEEE;
    6BF2 : F4F4F4;
    6BF3 : EEEEEE;
    6BF4 : FBFBFB;
    6BF5 : F1F1F1;
    6BF6 : FBFBFB;
    6BF7 : A2A2A2;
    6BF8 : 5E5E5E;
    6BF9 : E0E0E0;
    6BFA : C9C9C9;
    6BFB : 4E4E4E;
    6BFC : 7B7B7B;
    6BFD : E9E9E9;
    6BFE : FCFCFC;
    6BFF : 9F9F9F;
    6C00 : 232323;
    6C01 : 232323;
    6C02 : 1D1D1D;
    6C03 : 161616;
    6C04 : 1E1E1E;
    6C05 : 2C2C2C;
    6C06 : 2C2C2C;
    6C07 : 222222;
    6C08 : 262626;
    6C09 : 242424;
    6C0A : 282828;
    6C0B : 303030;
    6C0C : 1E1E1E;
    6C0D : 272727;
    6C0E : 3D3D3D;
    6C0F : 1A1A1A;
    6C10 : 7B7B7B;
    6C11 : C3C3C3;
    6C12 : 9C9C9C;
    6C13 : 1B1B1B;
    6C14 : 1E1E1E;
    6C15 : 171717;
    6C16 : 171717;
    6C17 : 1B1B1B;
    6C18 : 2D2D2D;
    6C19 : 0A0A0A;
    6C1A : 535353;
    6C1B : 494949;
    6C1C : 3D3D3D;
    6C1D : 2D2D2D;
    6C1E : 151515;
    6C1F : 292929;
    6C20 : 2E2E2E;
    6C21 : 1D1D1D;
    6C22 : 313131;
    6C23 : 1E1E1E;
    6C24 : 2E2E2E;
    6C25 : 1A1A1A;
    6C26 : 252525;
    6C27 : 545454;
    6C28 : 3F3F3F;
    6C29 : 383838;
    6C2A : 2B2B2B;
    6C2B : 373737;
    6C2C : 1F1F1F;
    6C2D : 151515;
    6C2E : 1D1D1D;
    6C2F : 393939;
    6C30 : 161415;
    6C31 : 1B191A;
    6C32 : 0A0809;
    6C33 : 060405;
    6C34 : 080607;
    6C35 : 0E0C0D;
    6C36 : 1E1C1D;
    6C37 : 161415;
    6C38 : 262425;
    6C39 : 393738;
    6C3A : 4D4B4C;
    6C3B : 353334;
    6C3C : 413F40;
    6C3D : 3F3D3E;
    6C3E : 373536;
    6C3F : 333132;
    6C40 : 414141;
    6C41 : 3E3E3E;
    6C42 : 353535;
    6C43 : 464646;
    6C44 : 343434;
    6C45 : 333333;
    6C46 : 313131;
    6C47 : 3D3D3D;
    6C48 : DADADA;
    6C49 : FFFFFF;
    6C4A : CCCCCC;
    6C4B : 030303;
    6C4C : 6E6E6E;
    6C4D : F2F2F2;
    6C4E : F9F9F9;
    6C4F : 5A5A5A;
    6C50 : 1F1F1F;
    6C51 : 1F1F1F;
    6C52 : 1B1B1B;
    6C53 : 0F0F0F;
    6C54 : 1B1B1B;
    6C55 : 272727;
    6C56 : 2E2E2E;
    6C57 : 2F2F2F;
    6C58 : 323232;
    6C59 : 333333;
    6C5A : 272727;
    6C5B : 383838;
    6C5C : 1D1D1D;
    6C5D : 2D2D2D;
    6C5E : 4E4E4E;
    6C5F : 2F2F2F;
    6C60 : 3D3D3D;
    6C61 : 414141;
    6C62 : 404040;
    6C63 : 3F3F3F;
    6C64 : 3B3B3B;
    6C65 : 2D2D2D;
    6C66 : 393939;
    6C67 : 3F3F3F;
    6C68 : 2D2D2D;
    6C69 : 787878;
    6C6A : FFFFFF;
    6C6B : E9E9E9;
    6C6C : FFFFFF;
    6C6D : FFFFFF;
    6C6E : C2C2C2;
    6C6F : 8D8D8D;
    6C70 : 626262;
    6C71 : E5E5E5;
    6C72 : FBFBFB;
    6C73 : EEEEEE;
    6C74 : F2F2F2;
    6C75 : F4F4F4;
    6C76 : F2F2F2;
    6C77 : F2F2F2;
    6C78 : F2F2F2;
    6C79 : F2F2F2;
    6C7A : F2F2F2;
    6C7B : F2F2F2;
    6C7C : F2F2F2;
    6C7D : F2F2F2;
    6C7E : F2F2F2;
    6C7F : F2F2F2;
    6C80 : F2F2F2;
    6C81 : F2F2F2;
    6C82 : F2F2F2;
    6C83 : F2F2F2;
    6C84 : F2F2F2;
    6C85 : F2F2F2;
    6C86 : F2F2F2;
    6C87 : F2F2F2;
    6C88 : F2F2F2;
    6C89 : F2F2F2;
    6C8A : F2F2F2;
    6C8B : F2F2F2;
    6C8C : F2F2F2;
    6C8D : F2F2F2;
    6C8E : F2F2F2;
    6C8F : F2F2F2;
    6C90 : F2F2F2;
    6C91 : F2F2F2;
    6C92 : F2F2F2;
    6C93 : F2F2F2;
    6C94 : F2F2F2;
    6C95 : F2F2F2;
    6C96 : F2F2F2;
    6C97 : F2F2F2;
    6C98 : F2F2F2;
    6C99 : F2F2F2;
    6C9A : F2F2F2;
    6C9B : F2F2F2;
    6C9C : F2F2F2;
    6C9D : F2F2F2;
    6C9E : F2F2F2;
    6C9F : F2F2F2;
    6CA0 : F2F2F2;
    6CA1 : F2F2F2;
    6CA2 : F2F2F2;
    6CA3 : F2F2F2;
    6CA4 : F2F2F2;
    6CA5 : F2F2F2;
    6CA6 : F2F2F2;
    6CA7 : F2F2F2;
    6CA8 : F2F2F2;
    6CA9 : F2F2F2;
    6CAA : F2F2F2;
    6CAB : F2F2F2;
    6CAC : F2F2F2;
    6CAD : F2F2F2;
    6CAE : F2F2F2;
    6CAF : F2F2F2;
    6CB0 : F2F2F2;
    6CB1 : F2F2F2;
    6CB2 : F2F2F2;
    6CB3 : F2F2F2;
    6CB4 : F2F2F2;
    6CB5 : F2F2F2;
    6CB6 : F2F2F2;
    6CB7 : F2F2F2;
    6CB8 : F4F4F4;
    6CB9 : F1F1F1;
    6CBA : F0F0F0;
    6CBB : EEEEEE;
    6CBC : FCFCFC;
    6CBD : EDEDED;
    6CBE : FBFBFB;
    6CBF : DCDCDC;
    6CC0 : 191919;
    6CC1 : 8F8F8F;
    6CC2 : F6F6F6;
    6CC3 : D1D1D1;
    6CC4 : E8E8E8;
    6CC5 : D2D2D2;
    6CC6 : 636363;
    6CC7 : 383838;
    6CC8 : 1F1F1F;
    6CC9 : 1E1E1E;
    6CCA : 212121;
    6CCB : 272727;
    6CCC : 2A2A2A;
    6CCD : 272727;
    6CCE : 242424;
    6CCF : 242424;
    6CD0 : 292929;
    6CD1 : 202020;
    6CD2 : 1E1E1E;
    6CD3 : 212121;
    6CD4 : 202020;
    6CD5 : 252525;
    6CD6 : 232323;
    6CD7 : 101010;
    6CD8 : D9D9D9;
    6CD9 : FFFFFF;
    6CDA : F5F5F5;
    6CDB : 7E7E7E;
    6CDC : 0C0C0C;
    6CDD : 151515;
    6CDE : 313131;
    6CDF : 141414;
    6CE0 : 111111;
    6CE1 : 050505;
    6CE2 : 9A9A9A;
    6CE3 : FFFFFF;
    6CE4 : BBBBBB;
    6CE5 : 141414;
    6CE6 : 343434;
    6CE7 : 7F7F7F;
    6CE8 : B2B2B2;
    6CE9 : D3D3D3;
    6CEA : A6A6A6;
    6CEB : 323232;
    6CEC : 252525;
    6CED : 191919;
    6CEE : 272727;
    6CEF : 1C1C1C;
    6CF0 : 292929;
    6CF1 : 2C2C2C;
    6CF2 : 2E2E2E;
    6CF3 : 212121;
    6CF4 : 1D1D1D;
    6CF5 : 151515;
    6CF6 : 191919;
    6CF7 : 1F1F1F;
    6CF8 : 161415;
    6CF9 : 1B191A;
    6CFA : 0A0809;
    6CFB : 070506;
    6CFC : 0A0809;
    6CFD : 100E0F;
    6CFE : 1E1C1D;
    6CFF : 141213;
    6D00 : 4E4C4D;
    6D01 : FFFEFF;
    6D02 : 504E4F;
    6D03 : 373536;
    6D04 : 424041;
    6D05 : 1C1A1B;
    6D06 : B1AFB0;
    6D07 : FBF9FA;
    6D08 : EBEBEB;
    6D09 : 7C7C7C;
    6D0A : 363636;
    6D0B : 393939;
    6D0C : 464646;
    6D0D : 4B4B4B;
    6D0E : 2F2F2F;
    6D0F : 676767;
    6D10 : F7F7F7;
    6D11 : FCFCFC;
    6D12 : 959595;
    6D13 : 242424;
    6D14 : A9A9A9;
    6D15 : FBFBFB;
    6D16 : C8C8C8;
    6D17 : 4D4D4D;
    6D18 : 8B8B8B;
    6D19 : 2F2F2F;
    6D1A : 191919;
    6D1B : 111111;
    6D1C : 191919;
    6D1D : 222222;
    6D1E : 232323;
    6D1F : 171717;
    6D20 : 171717;
    6D21 : 0D0D0D;
    6D22 : 242424;
    6D23 : 212121;
    6D24 : 1A1A1A;
    6D25 : 232323;
    6D26 : 131313;
    6D27 : 232323;
    6D28 : 1B1B1B;
    6D29 : 212121;
    6D2A : 2A2A2A;
    6D2B : 363636;
    6D2C : 424242;
    6D2D : 353535;
    6D2E : 404040;
    6D2F : 2E2E2E;
    6D30 : 303030;
    6D31 : 363636;
    6D32 : 4E4E4E;
    6D33 : A4A4A4;
    6D34 : DBDBDB;
    6D35 : FDFDFD;
    6D36 : 8A8A8A;
    6D37 : 949494;
    6D38 : 6F6F6F;
    6D39 : F6F6F6;
    6D3A : F4F4F4;
    6D3B : EDEDED;
    6D3C : EEEEEE;
    6D3D : F3F3F3;
    6D3E : F5F5F5;
    6D3F : F2F2F2;
    6D40 : F2F2F2;
    6D41 : F2F2F2;
    6D42 : F2F2F2;
    6D43 : F2F2F2;
    6D44 : F2F2F2;
    6D45 : F2F2F2;
    6D46 : F2F2F2;
    6D47 : F2F2F2;
    6D48 : F2F2F2;
    6D49 : F2F2F2;
    6D4A : F2F2F2;
    6D4B : F2F2F2;
    6D4C : F2F2F2;
    6D4D : F2F2F2;
    6D4E : F2F2F2;
    6D4F : F2F2F2;
    6D50 : F2F2F2;
    6D51 : F2F2F2;
    6D52 : F2F2F2;
    6D53 : F2F2F2;
    6D54 : F2F2F2;
    6D55 : F2F2F2;
    6D56 : F2F2F2;
    6D57 : F2F2F2;
    6D58 : F2F2F2;
    6D59 : F2F2F2;
    6D5A : F2F2F2;
    6D5B : F2F2F2;
    6D5C : F2F2F2;
    6D5D : F2F2F2;
    6D5E : F2F2F2;
    6D5F : F2F2F2;
    6D60 : F2F2F2;
    6D61 : F2F2F2;
    6D62 : F2F2F2;
    6D63 : F2F2F2;
    6D64 : F2F2F2;
    6D65 : F2F2F2;
    6D66 : F2F2F2;
    6D67 : F2F2F2;
    6D68 : F2F2F2;
    6D69 : F2F2F2;
    6D6A : F2F2F2;
    6D6B : F2F2F2;
    6D6C : F2F2F2;
    6D6D : F2F2F2;
    6D6E : F2F2F2;
    6D6F : F2F2F2;
    6D70 : F2F2F2;
    6D71 : F2F2F2;
    6D72 : F2F2F2;
    6D73 : F2F2F2;
    6D74 : F2F2F2;
    6D75 : F2F2F2;
    6D76 : F2F2F2;
    6D77 : F2F2F2;
    6D78 : F2F2F2;
    6D79 : F2F2F2;
    6D7A : F2F2F2;
    6D7B : F2F2F2;
    6D7C : F2F2F2;
    6D7D : F2F2F2;
    6D7E : F2F2F2;
    6D7F : F2F2F2;
    6D80 : F4F4F4;
    6D81 : F3F3F3;
    6D82 : EEEEEE;
    6D83 : EEEEEE;
    6D84 : FAFAFA;
    6D85 : EAEAEA;
    6D86 : F7F7F7;
    6D87 : FCFCFC;
    6D88 : 5B5B5B;
    6D89 : 111111;
    6D8A : 9B9B9B;
    6D8B : FFFFFF;
    6D8C : E3E3E3;
    6D8D : 5B5B5B;
    6D8E : 080808;
    6D8F : 181818;
    6D90 : 212121;
    6D91 : 282828;
    6D92 : 2D2D2D;
    6D93 : 282828;
    6D94 : 1E1E1E;
    6D95 : 191919;
    6D96 : 1F1F1F;
    6D97 : 262626;
    6D98 : 282828;
    6D99 : 232323;
    6D9A : 282828;
    6D9B : 1B1B1B;
    6D9C : 2F2F2F;
    6D9D : 333333;
    6D9E : 1E1E1E;
    6D9F : 4E4E4E;
    6DA0 : DCDCDC;
    6DA1 : E1E1E1;
    6DA2 : F9F9F9;
    6DA3 : DDDDDD;
    6DA4 : 2B2B2B;
    6DA5 : 101010;
    6DA6 : 212121;
    6DA7 : 181818;
    6DA8 : 0E0E0E;
    6DA9 : 727272;
    6DAA : 717171;
    6DAB : 9C9C9C;
    6DAC : 5F5F5F;
    6DAD : 121212;
    6DAE : C9C9C9;
    6DAF : FFFFFF;
    6DB0 : F4F4F4;
    6DB1 : F8F8F8;
    6DB2 : ECECEC;
    6DB3 : BCBCBC;
    6DB4 : 161616;
    6DB5 : 2B2B2B;
    6DB6 : 474747;
    6DB7 : 9C9C9C;
    6DB8 : BFBFBF;
    6DB9 : C2C2C2;
    6DBA : A8A8A8;
    6DBB : 474747;
    6DBC : 252525;
    6DBD : 151515;
    6DBE : 393939;
    6DBF : 262626;
    6DC0 : 161415;
    6DC1 : 1B191A;
    6DC2 : 0A0809;
    6DC3 : 080607;
    6DC4 : 0C0A0B;
    6DC5 : 121011;
    6DC6 : 1E1C1D;
    6DC7 : 121011;
    6DC8 : 918F90;
    6DC9 : FCFAFB;
    6DCA : 434142;
    6DCB : 484647;
    6DCC : 2B292A;
    6DCD : A2A0A1;
    6DCE : FFFEFF;
    6DCF : F1EFF0;
    6DD0 : BCBCBC;
    6DD1 : 505050;
    6DD2 : 343434;
    6DD3 : 2F2F2F;
    6DD4 : 3E3E3E;
    6DD5 : 464646;
    6DD6 : 151515;
    6DD7 : 7D7D7D;
    6DD8 : FFFFFF;
    6DD9 : E0E0E0;
    6DDA : D4D4D4;
    6DDB : BDBDBD;
    6DDC : F5F5F5;
    6DDD : DEDEDE;
    6DDE : 4E4E4E;
    6DDF : 767676;
    6DE0 : FFFFFF;
    6DE1 : 373737;
    6DE2 : 0C0C0C;
    6DE3 : 0E0E0E;
    6DE4 : 151515;
    6DE5 : 191919;
    6DE6 : 292929;
    6DE7 : 313131;
    6DE8 : 404040;
    6DE9 : 3A3A3A;
    6DEA : 333333;
    6DEB : 242424;
    6DEC : 3A3A3A;
    6DED : 272727;
    6DEE : 2D2D2D;
    6DEF : A0A0A0;
    6DF0 : A0A0A0;
    6DF1 : 686868;
    6DF2 : 434343;
    6DF3 : 2A2A2A;
    6DF4 : 373737;
    6DF5 : 323232;
    6DF6 : 3F3F3F;
    6DF7 : 262626;
    6DF8 : 363636;
    6DF9 : 3E3E3E;
    6DFA : 2A2A2A;
    6DFB : 0F0F0F;
    6DFC : 595959;
    6DFD : ABABAB;
    6DFE : 717171;
    6DFF : ACACAC;
    6E00 : 8C8C8C;
    6E01 : FDFDFD;
    6E02 : F1F1F1;
    6E03 : F0F0F0;
    6E04 : F0F0F0;
    6E05 : F3F3F3;
    6E06 : F5F5F5;
    6E07 : F0F0F0;
    6E08 : F2F2F2;
    6E09 : F2F2F2;
    6E0A : F2F2F2;
    6E0B : F2F2F2;
    6E0C : F2F2F2;
    6E0D : F2F2F2;
    6E0E : F2F2F2;
    6E0F : F2F2F2;
    6E10 : F2F2F2;
    6E11 : F2F2F2;
    6E12 : F2F2F2;
    6E13 : F2F2F2;
    6E14 : F2F2F2;
    6E15 : F2F2F2;
    6E16 : F2F2F2;
    6E17 : F2F2F2;
    6E18 : F2F2F2;
    6E19 : F2F2F2;
    6E1A : F2F2F2;
    6E1B : F2F2F2;
    6E1C : F2F2F2;
    6E1D : F2F2F2;
    6E1E : F2F2F2;
    6E1F : F2F2F2;
    6E20 : F2F2F2;
    6E21 : F2F2F2;
    6E22 : F2F2F2;
    6E23 : F2F2F2;
    6E24 : F2F2F2;
    6E25 : F2F2F2;
    6E26 : F2F2F2;
    6E27 : F2F2F2;
    6E28 : F2F2F2;
    6E29 : F2F2F2;
    6E2A : F2F2F2;
    6E2B : F2F2F2;
    6E2C : F2F2F2;
    6E2D : F2F2F2;
    6E2E : F2F2F2;
    6E2F : F2F2F2;
    6E30 : F2F2F2;
    6E31 : F2F2F2;
    6E32 : F2F2F2;
    6E33 : F2F2F2;
    6E34 : F2F2F2;
    6E35 : F2F2F2;
    6E36 : F2F2F2;
    6E37 : F2F2F2;
    6E38 : F2F2F2;
    6E39 : F2F2F2;
    6E3A : F2F2F2;
    6E3B : F2F2F2;
    6E3C : F2F2F2;
    6E3D : F2F2F2;
    6E3E : F2F2F2;
    6E3F : F2F2F2;
    6E40 : F2F2F2;
    6E41 : F2F2F2;
    6E42 : F2F2F2;
    6E43 : F2F2F2;
    6E44 : F2F2F2;
    6E45 : F2F2F2;
    6E46 : F2F2F2;
    6E47 : F2F2F2;
    6E48 : F3F3F3;
    6E49 : F3F3F3;
    6E4A : F0F0F0;
    6E4B : EEEEEE;
    6E4C : F5F5F5;
    6E4D : ECECEC;
    6E4E : F2F2F2;
    6E4F : FFFFFF;
    6E50 : 979797;
    6E51 : 101010;
    6E52 : 181818;
    6E53 : 7D7D7D;
    6E54 : 767676;
    6E55 : 1E1E1E;
    6E56 : 252525;
    6E57 : 272727;
    6E58 : 232323;
    6E59 : 262626;
    6E5A : 232323;
    6E5B : 1D1D1D;
    6E5C : 1F1F1F;
    6E5D : 262626;
    6E5E : 262626;
    6E5F : 1F1F1F;
    6E60 : 202020;
    6E61 : 262626;
    6E62 : 313131;
    6E63 : 1A1A1A;
    6E64 : 313131;
    6E65 : 363636;
    6E66 : 292929;
    6E67 : 868686;
    6E68 : FDFDFD;
    6E69 : FFFFFF;
    6E6A : F3F3F3;
    6E6B : C5C5C5;
    6E6C : 353535;
    6E6D : 2A2A2A;
    6E6E : 212121;
    6E6F : 1A1A1A;
    6E70 : 000000;
    6E71 : E6E6E6;
    6E72 : 979797;
    6E73 : 000000;
    6E74 : 1A1A1A;
    6E75 : 949494;
    6E76 : E8E8E8;
    6E77 : FBFBFB;
    6E78 : 5B5B5B;
    6E79 : 141414;
    6E7A : 8E8E8E;
    6E7B : 282828;
    6E7C : 050505;
    6E7D : 636363;
    6E7E : E6E6E6;
    6E7F : FFFFFF;
    6E80 : FFFFFF;
    6E81 : FFFFFF;
    6E82 : FFFFFF;
    6E83 : EBEBEB;
    6E84 : 9B9B9B;
    6E85 : 262626;
    6E86 : 2F2F2F;
    6E87 : 1A1A1A;
    6E88 : 161415;
    6E89 : 1A1819;
    6E8A : 0A0809;
    6E8B : 090708;
    6E8C : 0E0C0D;
    6E8D : 141213;
    6E8E : 1E1C1D;
    6E8F : 110F10;
    6E90 : 9E9C9D;
    6E91 : FFFEFF;
    6E92 : 767475;
    6E93 : 100E0F;
    6E94 : 7F7D7E;
    6E95 : FDFBFC;
    6E96 : EDEBEC;
    6E97 : D8D6D7;
    6E98 : 2D2D2D;
    6E99 : 262626;
    6E9A : 575757;
    6E9B : 484848;
    6E9C : 383838;
    6E9D : 3E3E3E;
    6E9E : 272727;
    6E9F : BCBCBC;
    6EA0 : FAFAFA;
    6EA1 : FFFFFF;
    6EA2 : F7F7F7;
    6EA3 : FFFFFF;
    6EA4 : FFFFFF;
    6EA5 : CFCFCF;
    6EA6 : 484848;
    6EA7 : 898989;
    6EA8 : EFEFEF;
    6EA9 : 5D5D5D;
    6EAA : 535353;
    6EAB : 232323;
    6EAC : 151515;
    6EAD : 242424;
    6EAE : 333333;
    6EAF : 3B3B3B;
    6EB0 : 232323;
    6EB1 : 2F2F2F;
    6EB2 : 393939;
    6EB3 : 3E3E3E;
    6EB4 : 333333;
    6EB5 : 474747;
    6EB6 : C2C2C2;
    6EB7 : FEFEFE;
    6EB8 : FFFFFF;
    6EB9 : F0F0F0;
    6EBA : FFFFFF;
    6EBB : CBCBCB;
    6EBC : 787878;
    6EBD : 232323;
    6EBE : 2C2C2C;
    6EBF : 4B4B4B;
    6EC0 : 3D3D3D;
    6EC1 : 353535;
    6EC2 : 4B4B4B;
    6EC3 : 3B3B3B;
    6EC4 : 353535;
    6EC5 : 2E2E2E;
    6EC6 : D5D5D5;
    6EC7 : 454545;
    6EC8 : BEBEBE;
    6EC9 : FCFCFC;
    6ECA : F4F4F4;
    6ECB : F3F3F3;
    6ECC : F5F5F5;
    6ECD : F2F2F2;
    6ECE : F3F3F3;
    6ECF : EFEFEF;
    6ED0 : F2F2F2;
    6ED1 : F2F2F2;
    6ED2 : F2F2F2;
    6ED3 : F2F2F2;
    6ED4 : F2F2F2;
    6ED5 : F2F2F2;
    6ED6 : F2F2F2;
    6ED7 : F2F2F2;
    6ED8 : F2F2F2;
    6ED9 : F2F2F2;
    6EDA : F2F2F2;
    6EDB : F2F2F2;
    6EDC : F2F2F2;
    6EDD : F2F2F2;
    6EDE : F2F2F2;
    6EDF : F2F2F2;
    6EE0 : F2F2F2;
    6EE1 : F2F2F2;
    6EE2 : F2F2F2;
    6EE3 : F2F2F2;
    6EE4 : F2F2F2;
    6EE5 : F2F2F2;
    6EE6 : F2F2F2;
    6EE7 : F2F2F2;
    6EE8 : F2F2F2;
    6EE9 : F2F2F2;
    6EEA : F2F2F2;
    6EEB : F2F2F2;
    6EEC : F2F2F2;
    6EED : F2F2F2;
    6EEE : F2F2F2;
    6EEF : F2F2F2;
    6EF0 : F2F2F2;
    6EF1 : F2F2F2;
    6EF2 : F2F2F2;
    6EF3 : F2F2F2;
    6EF4 : F2F2F2;
    6EF5 : F2F2F2;
    6EF6 : F2F2F2;
    6EF7 : F2F2F2;
    6EF8 : F2F2F2;
    6EF9 : F2F2F2;
    6EFA : F2F2F2;
    6EFB : F2F2F2;
    6EFC : F2F2F2;
    6EFD : F2F2F2;
    6EFE : F2F2F2;
    6EFF : F2F2F2;
    6F00 : F2F2F2;
    6F01 : F2F2F2;
    6F02 : F2F2F2;
    6F03 : F2F2F2;
    6F04 : F2F2F2;
    6F05 : F2F2F2;
    6F06 : F2F2F2;
    6F07 : F2F2F2;
    6F08 : F2F2F2;
    6F09 : F2F2F2;
    6F0A : F2F2F2;
    6F0B : F2F2F2;
    6F0C : F2F2F2;
    6F0D : F2F2F2;
    6F0E : F2F2F2;
    6F0F : F2F2F2;
    6F10 : F0F0F0;
    6F11 : F2F2F2;
    6F12 : F2F2F2;
    6F13 : F0F0F0;
    6F14 : F2F2F2;
    6F15 : F2F2F2;
    6F16 : EFEFEF;
    6F17 : FAFAFA;
    6F18 : D5D5D5;
    6F19 : 454545;
    6F1A : 222222;
    6F1B : 000000;
    6F1C : 111111;
    6F1D : 343434;
    6F1E : 131313;
    6F1F : 242424;
    6F20 : 242424;
    6F21 : 232323;
    6F22 : 202020;
    6F23 : 212121;
    6F24 : 292929;
    6F25 : 2F2F2F;
    6F26 : 292929;
    6F27 : 1D1D1D;
    6F28 : 232323;
    6F29 : 272727;
    6F2A : 222222;
    6F2B : 0D0D0D;
    6F2C : 131313;
    6F2D : 0F0F0F;
    6F2E : 090909;
    6F2F : 404040;
    6F30 : 686868;
    6F31 : 474747;
    6F32 : 393939;
    6F33 : 1E1E1E;
    6F34 : 121212;
    6F35 : 9B9B9B;
    6F36 : C1C1C1;
    6F37 : 464646;
    6F38 : 626262;
    6F39 : 898989;
    6F3A : F4F4F4;
    6F3B : A7A7A7;
    6F3C : 040404;
    6F3D : 8B8B8B;
    6F3E : FFFFFF;
    6F3F : F4F4F4;
    6F40 : ACACAC;
    6F41 : 3A3A3A;
    6F42 : 060606;
    6F43 : 131313;
    6F44 : 5F5F5F;
    6F45 : FBFBFB;
    6F46 : FFFFFF;
    6F47 : E8E8E8;
    6F48 : 8F8F8F;
    6F49 : 767676;
    6F4A : 878787;
    6F4B : E3E3E3;
    6F4C : 969696;
    6F4D : 141414;
    6F4E : 282828;
    6F4F : 2D2D2D;
    6F50 : 161415;
    6F51 : 1A1819;
    6F52 : 0A0809;
    6F53 : 0A0809;
    6F54 : 100E0F;
    6F55 : 151314;
    6F56 : 1E1C1D;
    6F57 : 100E0F;
    6F58 : 767475;
    6F59 : FCFAFB;
    6F5A : 706E6F;
    6F5B : 676566;
    6F5C : FFFEFF;
    6F5D : F7F5F6;
    6F5E : DAD8D9;
    6F5F : 474546;
    6F60 : 3C3C3C;
    6F61 : 3F3F3F;
    6F62 : 3D3D3D;
    6F63 : 2C2C2C;
    6F64 : 282828;
    6F65 : 323232;
    6F66 : 434343;
    6F67 : D7D7D7;
    6F68 : F6F6F6;
    6F69 : DDDDDD;
    6F6A : 606060;
    6F6B : 787878;
    6F6C : E5E5E5;
    6F6D : FCFCFC;
    6F6E : A1A1A1;
    6F6F : 767676;
    6F70 : A1A1A1;
    6F71 : 707070;
    6F72 : 8C8C8C;
    6F73 : 3D3D3D;
    6F74 : 4A4A4A;
    6F75 : 525252;
    6F76 : 2B2B2B;
    6F77 : 272727;
    6F78 : 272727;
    6F79 : 101010;
    6F7A : 141414;
    6F7B : 0B0B0B;
    6F7C : 000000;
    6F7D : 3D3D3D;
    6F7E : DEDEDE;
    6F7F : FBFBFB;
    6F80 : D9D9D9;
    6F81 : 919191;
    6F82 : E6E6E6;
    6F83 : FFFFFF;
    6F84 : F6F6F6;
    6F85 : 808080;
    6F86 : 2B2B2B;
    6F87 : 212121;
    6F88 : 333333;
    6F89 : 272727;
    6F8A : 313131;
    6F8B : 434343;
    6F8C : 212121;
    6F8D : 313131;
    6F8E : 535353;
    6F8F : 4B4B4B;
    6F90 : EDEDED;
    6F91 : F3F3F3;
    6F92 : F5F5F5;
    6F93 : F1F1F1;
    6F94 : F8F8F8;
    6F95 : EFEFEF;
    6F96 : F2F2F2;
    6F97 : F1F1F1;
    6F98 : F2F2F2;
    6F99 : F2F2F2;
    6F9A : F2F2F2;
    6F9B : F2F2F2;
    6F9C : F2F2F2;
    6F9D : F2F2F2;
    6F9E : F2F2F2;
    6F9F : F2F2F2;
    6FA0 : F2F2F2;
    6FA1 : F2F2F2;
    6FA2 : F2F2F2;
    6FA3 : F2F2F2;
    6FA4 : F2F2F2;
    6FA5 : F2F2F2;
    6FA6 : F2F2F2;
    6FA7 : F2F2F2;
    6FA8 : F2F2F2;
    6FA9 : F2F2F2;
    6FAA : F2F2F2;
    6FAB : F2F2F2;
    6FAC : F2F2F2;
    6FAD : F2F2F2;
    6FAE : F2F2F2;
    6FAF : F2F2F2;
    6FB0 : F2F2F2;
    6FB1 : F2F2F2;
    6FB2 : F2F2F2;
    6FB3 : F2F2F2;
    6FB4 : F2F2F2;
    6FB5 : F2F2F2;
    6FB6 : F2F2F2;
    6FB7 : F2F2F2;
    6FB8 : F2F2F2;
    6FB9 : F2F2F2;
    6FBA : F2F2F2;
    6FBB : F2F2F2;
    6FBC : F2F2F2;
    6FBD : F2F2F2;
    6FBE : F2F2F2;
    6FBF : F2F2F2;
    6FC0 : F2F2F2;
    6FC1 : F2F2F2;
    6FC2 : F2F2F2;
    6FC3 : F2F2F2;
    6FC4 : F2F2F2;
    6FC5 : F2F2F2;
    6FC6 : F2F2F2;
    6FC7 : F2F2F2;
    6FC8 : F2F2F2;
    6FC9 : F2F2F2;
    6FCA : F2F2F2;
    6FCB : F2F2F2;
    6FCC : F2F2F2;
    6FCD : F2F2F2;
    6FCE : F2F2F2;
    6FCF : F2F2F2;
    6FD0 : F2F2F2;
    6FD1 : F2F2F2;
    6FD2 : F2F2F2;
    6FD3 : F2F2F2;
    6FD4 : F2F2F2;
    6FD5 : F2F2F2;
    6FD6 : F2F2F2;
    6FD7 : F2F2F2;
    6FD8 : EEEEEE;
    6FD9 : F0F0F0;
    6FDA : F4F4F4;
    6FDB : F2F2F2;
    6FDC : F0F0F0;
    6FDD : F8F8F8;
    6FDE : EFEFEF;
    6FDF : F1F1F1;
    6FE0 : FFFFFF;
    6FE1 : 606060;
    6FE2 : 212121;
    6FE3 : 171717;
    6FE4 : 0F0F0F;
    6FE5 : 090909;
    6FE6 : 262626;
    6FE7 : 272727;
    6FE8 : 252525;
    6FE9 : 252525;
    6FEA : 252525;
    6FEB : 222222;
    6FEC : 1E1E1E;
    6FED : 1D1D1D;
    6FEE : 212121;
    6FEF : 252525;
    6FF0 : 222222;
    6FF1 : 202020;
    6FF2 : 0D0D0D;
    6FF3 : 0D0D0D;
    6FF4 : 121212;
    6FF5 : 0C0C0C;
    6FF6 : 0C0C0C;
    6FF7 : 030303;
    6FF8 : 272727;
    6FF9 : 414141;
    6FFA : 2F2F2F;
    6FFB : 060606;
    6FFC : 717171;
    6FFD : F5F5F5;
    6FFE : FDFDFD;
    6FFF : 8F8F8F;
    7000 : 797979;
    7001 : 636363;
    7002 : A8A8A8;
    7003 : F6F6F6;
    7004 : 393939;
    7005 : 2C2C2C;
    7006 : C8C8C8;
    7007 : FFFFFF;
    7008 : FFFFFF;
    7009 : FBFBFB;
    700A : 707070;
    700B : 080808;
    700C : DEDEDE;
    700D : EFEFEF;
    700E : F7F7F7;
    700F : 6D6D6D;
    7010 : 151515;
    7011 : 0F0F0F;
    7012 : 131313;
    7013 : A4A4A4;
    7014 : 666666;
    7015 : 212121;
    7016 : 343434;
    7017 : 181818;
    7018 : 161415;
    7019 : 1A1819;
    701A : 0A0809;
    701B : 0A0809;
    701C : 110F10;
    701D : 161415;
    701E : 1E1C1D;
    701F : 0F0D0E;
    7020 : 8E8C8D;
    7021 : FDFBFC;
    7022 : BDBBBC;
    7023 : E2E0E1;
    7024 : F7F5F6;
    7025 : DFDDDE;
    7026 : 5C5A5B;
    7027 : 262425;
    7028 : 383838;
    7029 : 4A4A4A;
    702A : 323232;
    702B : 404040;
    702C : 3F3F3F;
    702D : 2B2B2B;
    702E : 595959;
    702F : F0F0F0;
    7030 : FCFCFC;
    7031 : 959595;
    7032 : 1B1B1B;
    7033 : 1C1C1C;
    7034 : C3C3C3;
    7035 : FFFFFF;
    7036 : 949494;
    7037 : 606060;
    7038 : 454545;
    7039 : 141414;
    703A : 313131;
    703B : 1E1E1E;
    703C : 888888;
    703D : 848484;
    703E : 292929;
    703F : 373737;
    7040 : 323232;
    7041 : 2E2E2E;
    7042 : 545454;
    7043 : 6B6B6B;
    7044 : 9E9E9E;
    7045 : 6F6F6F;
    7046 : 4E4E4E;
    7047 : 8D8D8D;
    7048 : 4B4B4B;
    7049 : 000000;
    704A : 8F8F8F;
    704B : F6F6F6;
    704C : FFFFFF;
    704D : 8C8C8C;
    704E : 2E2E2E;
    704F : 3D3D3D;
    7050 : 383838;
    7051 : 333333;
    7052 : 393939;
    7053 : 343434;
    7054 : 414141;
    7055 : 404040;
    7056 : 060606;
    7057 : 8F8F8F;
    7058 : FFFFFF;
    7059 : E8E8E8;
    705A : F3F3F3;
    705B : EDEDED;
    705C : F8F8F8;
    705D : EDEDED;
    705E : F3F3F3;
    705F : F6F6F6;
    7060 : F2F2F2;
    7061 : F2F2F2;
    7062 : F2F2F2;
    7063 : F2F2F2;
    7064 : F2F2F2;
    7065 : F2F2F2;
    7066 : F2F2F2;
    7067 : F2F2F2;
    7068 : F2F2F2;
    7069 : F2F2F2;
    706A : F2F2F2;
    706B : F2F2F2;
    706C : F2F2F2;
    706D : F2F2F2;
    706E : F2F2F2;
    706F : F2F2F2;
    7070 : F2F2F2;
    7071 : F2F2F2;
    7072 : F2F2F2;
    7073 : F2F2F2;
    7074 : F2F2F2;
    7075 : F2F2F2;
    7076 : F2F2F2;
    7077 : F2F2F2;
    7078 : F2F2F2;
    7079 : F2F2F2;
    707A : F2F2F2;
    707B : F2F2F2;
    707C : F2F2F2;
    707D : F2F2F2;
    707E : F2F2F2;
    707F : F2F2F2;
    7080 : F2F2F2;
    7081 : F2F2F2;
    7082 : F2F2F2;
    7083 : F2F2F2;
    7084 : F2F2F2;
    7085 : F2F2F2;
    7086 : F2F2F2;
    7087 : F2F2F2;
    7088 : F2F2F2;
    7089 : F2F2F2;
    708A : F2F2F2;
    708B : F2F2F2;
    708C : F2F2F2;
    708D : F2F2F2;
    708E : F2F2F2;
    708F : F2F2F2;
    7090 : F2F2F2;
    7091 : F2F2F2;
    7092 : F2F2F2;
    7093 : F2F2F2;
    7094 : F2F2F2;
    7095 : F2F2F2;
    7096 : F2F2F2;
    7097 : F2F2F2;
    7098 : F2F2F2;
    7099 : F2F2F2;
    709A : F2F2F2;
    709B : F2F2F2;
    709C : F2F2F2;
    709D : F2F2F2;
    709E : F2F2F2;
    709F : F2F2F2;
    70A0 : F2F2F2;
    70A1 : F2F2F2;
    70A2 : F2F2F2;
    70A3 : F2F2F2;
    70A4 : F2F2F2;
    70A5 : F2F2F2;
    70A6 : F2F2F2;
    70A7 : F2F2F2;
    70A8 : FFFFFF;
    70A9 : A2A2A2;
    70AA : 212121;
    70AB : 0D0D0D;
    70AC : 0D0D0D;
    70AD : 0A0A0A;
    70AE : 050505;
    70AF : 222222;
    70B0 : 252525;
    70B1 : 272727;
    70B2 : 2A2A2A;
    70B3 : 202020;
    70B4 : 303030;
    70B5 : 1A1A1A;
    70B6 : 161616;
    70B7 : 080808;
    70B8 : 0D0D0D;
    70B9 : 1E1E1E;
    70BA : 141414;
    70BB : 0D0D0D;
    70BC : 161616;
    70BD : 0E0E0E;
    70BE : 161616;
    70BF : 404040;
    70C0 : E8E8E8;
    70C1 : FFFFFF;
    70C2 : EDEDED;
    70C3 : D8D8D8;
    70C4 : FDFDFD;
    70C5 : E9E9E9;
    70C6 : 828282;
    70C7 : 464646;
    70C8 : 3D3D3D;
    70C9 : 474747;
    70CA : 252525;
    70CB : CBCBCB;
    70CC : 4A4A4A;
    70CD : 000000;
    70CE : 272727;
    70CF : 898989;
    70D0 : F2F2F2;
    70D1 : EAEAEA;
    70D2 : D9D9D9;
    70D3 : 4E4E4E;
    70D4 : F1F1F1;
    70D5 : F8F8F8;
    70D6 : C0C0C0;
    70D7 : 1B1B1B;
    70D8 : 1E1E1E;
    70D9 : 2C2C2C;
    70DA : 232323;
    70DB : 828282;
    70DC : 494949;
    70DD : 252525;
    70DE : 353535;
    70DF : 191919;
    70E0 : 121212;
    70E1 : 1B1B1B;
    70E2 : 141414;
    70E3 : 000000;
    70E4 : 141414;
    70E5 : 282828;
    70E6 : 131313;
    70E7 : 151515;
    70E8 : 4F4F4F;
    70E9 : FFFFFF;
    70EA : F5F5F5;
    70EB : F8F8F8;
    70EC : F4F4F4;
    70ED : 525252;
    70EE : 292929;
    70EF : 2E2E2E;
    70F0 : 4A4A4A;
    70F1 : 222222;
    70F2 : 2B2B2B;
    70F3 : 3C3C3C;
    70F4 : 353535;
    70F5 : 373737;
    70F6 : 818181;
    70F7 : FCFCFC;
    70F8 : FFFFFF;
    70F9 : 515151;
    70FA : 1B1B1B;
    70FB : 4A4A4A;
    70FC : E7E7E7;
    70FD : FFFFFF;
    70FE : 606060;
    70FF : 262626;
    7100 : 353535;
    7101 : 3E3E3E;
    7102 : 3E3E3E;
    7103 : 323232;
    7104 : 2B2B2B;
    7105 : 303030;
    7106 : 353535;
    7107 : 343434;
    7108 : 343434;
    7109 : B4B4B4;
    710A : FFFFFF;
    710B : E7E7E7;
    710C : A0A0A0;
    710D : A2A2A2;
    710E : 909090;
    710F : 151515;
    7110 : 070707;
    7111 : 232323;
    7112 : ACACAC;
    7113 : FFFFFF;
    7114 : FFFFFF;
    7115 : 585858;
    7116 : 323232;
    7117 : 3A3A3A;
    7118 : 383838;
    7119 : 3E3E3E;
    711A : 2E2E2E;
    711B : 323232;
    711C : 3D3D3D;
    711D : 2A2A2A;
    711E : 2A2A2A;
    711F : D5D5D5;
    7120 : F2F2F2;
    7121 : F2F2F2;
    7122 : F2F2F2;
    7123 : F2F2F2;
    7124 : F2F2F2;
    7125 : F2F2F2;
    7126 : F2F2F2;
    7127 : F2F2F2;
    7128 : F2F2F2;
    7129 : F2F2F2;
    712A : F2F2F2;
    712B : F2F2F2;
    712C : F2F2F2;
    712D : F2F2F2;
    712E : F2F2F2;
    712F : F2F2F2;
    7130 : F2F2F2;
    7131 : F2F2F2;
    7132 : F2F2F2;
    7133 : F2F2F2;
    7134 : F2F2F2;
    7135 : F2F2F2;
    7136 : F2F2F2;
    7137 : F2F2F2;
    7138 : F2F2F2;
    7139 : F2F2F2;
    713A : F2F2F2;
    713B : F2F2F2;
    713C : F2F2F2;
    713D : F2F2F2;
    713E : F2F2F2;
    713F : F2F2F2;
    7140 : F2F2F2;
    7141 : F2F2F2;
    7142 : F2F2F2;
    7143 : F2F2F2;
    7144 : F2F2F2;
    7145 : F2F2F2;
    7146 : F2F2F2;
    7147 : F2F2F2;
    7148 : F2F2F2;
    7149 : F2F2F2;
    714A : F2F2F2;
    714B : F2F2F2;
    714C : F2F2F2;
    714D : F2F2F2;
    714E : F2F2F2;
    714F : F2F2F2;
    7150 : F2F2F2;
    7151 : F2F2F2;
    7152 : F2F2F2;
    7153 : F2F2F2;
    7154 : F2F2F2;
    7155 : F2F2F2;
    7156 : F2F2F2;
    7157 : F2F2F2;
    7158 : F2F2F2;
    7159 : F2F2F2;
    715A : F2F2F2;
    715B : F2F2F2;
    715C : F2F2F2;
    715D : F2F2F2;
    715E : F2F2F2;
    715F : F2F2F2;
    7160 : F2F2F2;
    7161 : F2F2F2;
    7162 : F2F2F2;
    7163 : F2F2F2;
    7164 : F2F2F2;
    7165 : F2F2F2;
    7166 : F2F2F2;
    7167 : F2F2F2;
    7168 : F2F2F2;
    7169 : F2F2F2;
    716A : F2F2F2;
    716B : F2F2F2;
    716C : F2F2F2;
    716D : F2F2F2;
    716E : F2F2F2;
    716F : F2F2F2;
    7170 : F8F8F8;
    7171 : E0E0E0;
    7172 : 202020;
    7173 : 000000;
    7174 : 1D1D1D;
    7175 : 090909;
    7176 : 0E0E0E;
    7177 : 101010;
    7178 : 252525;
    7179 : 1E1E1E;
    717A : 141414;
    717B : 292929;
    717C : 101010;
    717D : 242424;
    717E : 282828;
    717F : 161616;
    7180 : 161616;
    7181 : 0C0C0C;
    7182 : 060606;
    7183 : 202020;
    7184 : 313131;
    7185 : 151515;
    7186 : 1A1A1A;
    7187 : 555555;
    7188 : ADADAD;
    7189 : 929292;
    718A : 787878;
    718B : 656565;
    718C : 545454;
    718D : 363636;
    718E : 1B1B1B;
    718F : 1E1E1E;
    7190 : 1E1E1E;
    7191 : 1E1E1E;
    7192 : 121212;
    7193 : 373737;
    7194 : 969696;
    7195 : 8C8C8C;
    7196 : 202020;
    7197 : 0F0F0F;
    7198 : D8D8D8;
    7199 : FCFCFC;
    719A : D7D7D7;
    719B : 5D5D5D;
    719C : F5F5F5;
    719D : EFEFEF;
    719E : ADADAD;
    719F : 121212;
    71A0 : 282828;
    71A1 : 111111;
    71A2 : 272727;
    71A3 : B6B6B6;
    71A4 : 242424;
    71A5 : 1A1A1A;
    71A6 : 2D2D2D;
    71A7 : 151515;
    71A8 : 131313;
    71A9 : 121212;
    71AA : 0A0A0A;
    71AB : 101010;
    71AC : 131313;
    71AD : 131313;
    71AE : 202020;
    71AF : 1C1C1C;
    71B0 : 262626;
    71B1 : DBDBDB;
    71B2 : F8F8F8;
    71B3 : F8F8F8;
    71B4 : 4E4E4E;
    71B5 : 3B3B3B;
    71B6 : 414141;
    71B7 : 939393;
    71B8 : D3D3D3;
    71B9 : D1D1D1;
    71BA : 343434;
    71BB : 353535;
    71BC : 3E3E3E;
    71BD : 202020;
    71BE : B2B2B2;
    71BF : FFFFFF;
    71C0 : D3D3D3;
    71C1 : 494949;
    71C2 : 5B5B5B;
    71C3 : D2D2D2;
    71C4 : FAFAFA;
    71C5 : 959595;
    71C6 : 6C6C6C;
    71C7 : 8F8F8F;
    71C8 : 2E2E2E;
    71C9 : 2A2A2A;
    71CA : 272727;
    71CB : 2A2A2A;
    71CC : 303030;
    71CD : 363636;
    71CE : 383838;
    71CF : 373737;
    71D0 : 3D3D3D;
    71D1 : 5C5C5C;
    71D2 : ADADAD;
    71D3 : D3D3D3;
    71D4 : 727272;
    71D5 : 272727;
    71D6 : 404040;
    71D7 : 414141;
    71D8 : 3F3F3F;
    71D9 : 585858;
    71DA : A8A8A8;
    71DB : ECECEC;
    71DC : 707070;
    71DD : 131313;
    71DE : 363636;
    71DF : 353535;
    71E0 : 424242;
    71E1 : 2B2B2B;
    71E2 : 2A2A2A;
    71E3 : 333333;
    71E4 : 393939;
    71E5 : 2E2E2E;
    71E6 : 555555;
    71E7 : FFFFFF;
    71E8 : F2F2F2;
    71E9 : F2F2F2;
    71EA : F2F2F2;
    71EB : F2F2F2;
    71EC : F2F2F2;
    71ED : F2F2F2;
    71EE : F2F2F2;
    71EF : F2F2F2;
    71F0 : F2F2F2;
    71F1 : F2F2F2;
    71F2 : F2F2F2;
    71F3 : F2F2F2;
    71F4 : F2F2F2;
    71F5 : F2F2F2;
    71F6 : F2F2F2;
    71F7 : F2F2F2;
    71F8 : F2F2F2;
    71F9 : F2F2F2;
    71FA : F2F2F2;
    71FB : F2F2F2;
    71FC : F2F2F2;
    71FD : F2F2F2;
    71FE : F2F2F2;
    71FF : F2F2F2;
    7200 : F2F2F2;
    7201 : F2F2F2;
    7202 : F2F2F2;
    7203 : F2F2F2;
    7204 : F2F2F2;
    7205 : F2F2F2;
    7206 : F2F2F2;
    7207 : F2F2F2;
    7208 : F2F2F2;
    7209 : F2F2F2;
    720A : F2F2F2;
    720B : F2F2F2;
    720C : F2F2F2;
    720D : F2F2F2;
    720E : F2F2F2;
    720F : F2F2F2;
    7210 : F2F2F2;
    7211 : F2F2F2;
    7212 : F2F2F2;
    7213 : F2F2F2;
    7214 : F2F2F2;
    7215 : F2F2F2;
    7216 : F2F2F2;
    7217 : F2F2F2;
    7218 : F2F2F2;
    7219 : F2F2F2;
    721A : F2F2F2;
    721B : F2F2F2;
    721C : F2F2F2;
    721D : F2F2F2;
    721E : F2F2F2;
    721F : F2F2F2;
    7220 : F2F2F2;
    7221 : F2F2F2;
    7222 : F2F2F2;
    7223 : F2F2F2;
    7224 : F2F2F2;
    7225 : F2F2F2;
    7226 : F2F2F2;
    7227 : F2F2F2;
    7228 : F2F2F2;
    7229 : F2F2F2;
    722A : F2F2F2;
    722B : F2F2F2;
    722C : F2F2F2;
    722D : F2F2F2;
    722E : F2F2F2;
    722F : F2F2F2;
    7230 : F2F2F2;
    7231 : F2F2F2;
    7232 : F2F2F2;
    7233 : F2F2F2;
    7234 : F2F2F2;
    7235 : F2F2F2;
    7236 : F2F2F2;
    7237 : F2F2F2;
    7238 : E5E5E5;
    7239 : FFFFFF;
    723A : 6F6F6F;
    723B : 000000;
    723C : 222222;
    723D : 050505;
    723E : 0D0D0D;
    723F : 0F0F0F;
    7240 : 272727;
    7241 : 2A2A2A;
    7242 : 262626;
    7243 : 1D1D1D;
    7244 : 222222;
    7245 : 000000;
    7246 : 1E1E1E;
    7247 : 383838;
    7248 : 141414;
    7249 : 1C1C1C;
    724A : 232323;
    724B : 2A2A2A;
    724C : 1A1A1A;
    724D : 0B0B0B;
    724E : 555555;
    724F : D0D0D0;
    7250 : B6B6B6;
    7251 : 484848;
    7252 : 050505;
    7253 : 0B0B0B;
    7254 : 151515;
    7255 : 1E1E1E;
    7256 : 282828;
    7257 : 202020;
    7258 : 272727;
    7259 : 232323;
    725A : 111111;
    725B : 0C0C0C;
    725C : 6C6C6C;
    725D : E1E1E1;
    725E : DFDFDF;
    725F : C9C9C9;
    7260 : E9E9E9;
    7261 : FFFFFF;
    7262 : 707070;
    7263 : 474747;
    7264 : FBFBFB;
    7265 : F6F6F6;
    7266 : F7F7F7;
    7267 : 585858;
    7268 : 111111;
    7269 : 404040;
    726A : A2A2A2;
    726B : D4D4D4;
    726C : 363636;
    726D : 0B0B0B;
    726E : 2F2F2F;
    726F : 2B2B2B;
    7270 : 121212;
    7271 : 0E0E0E;
    7272 : 030303;
    7273 : 1C1C1C;
    7274 : 101010;
    7275 : 0B0B0B;
    7276 : 272727;
    7277 : 151515;
    7278 : 646464;
    7279 : F0F0F0;
    727A : FCFCFC;
    727B : 747474;
    727C : 383838;
    727D : 161616;
    727E : 868686;
    727F : FFFFFF;
    7280 : FFFFFF;
    7281 : FFFFFF;
    7282 : 333333;
    7283 : 3C3C3C;
    7284 : 4A4A4A;
    7285 : 383838;
    7286 : F2F2F2;
    7287 : FFFFFF;
    7288 : FBFBFB;
    7289 : F6F6F6;
    728A : FFFFFF;
    728B : E9E9E9;
    728C : 999999;
    728D : 707070;
    728E : FDFDFD;
    728F : 626262;
    7290 : 333333;
    7291 : 343434;
    7292 : 3A3A3A;
    7293 : 3F3F3F;
    7294 : 3A3A3A;
    7295 : 313131;
    7296 : 2E2E2E;
    7297 : 323232;
    7298 : 252525;
    7299 : 303030;
    729A : 272727;
    729B : 434343;
    729C : 787878;
    729D : 9D9D9D;
    729E : BBBBBB;
    729F : C8C8C8;
    72A0 : C4C4C4;
    72A1 : 3E3E3E;
    72A2 : 252525;
    72A3 : 1D1D1D;
    72A4 : 474747;
    72A5 : 303030;
    72A6 : 393939;
    72A7 : 323232;
    72A8 : 2D2D2D;
    72A9 : 363636;
    72AA : 404040;
    72AB : 434343;
    72AC : 313131;
    72AD : 000000;
    72AE : B5B5B5;
    72AF : F6F6F6;
    72B0 : F2F2F2;
    72B1 : F2F2F2;
    72B2 : F2F2F2;
    72B3 : F2F2F2;
    72B4 : F2F2F2;
    72B5 : F2F2F2;
    72B6 : F2F2F2;
    72B7 : F2F2F2;
    72B8 : F2F2F2;
    72B9 : F2F2F2;
    72BA : F2F2F2;
    72BB : F2F2F2;
    72BC : F2F2F2;
    72BD : F2F2F2;
    72BE : F2F2F2;
    72BF : F2F2F2;
    72C0 : F2F2F2;
    72C1 : F2F2F2;
    72C2 : F2F2F2;
    72C3 : F2F2F2;
    72C4 : F2F2F2;
    72C5 : F2F2F2;
    72C6 : F2F2F2;
    72C7 : F2F2F2;
    72C8 : F2F2F2;
    72C9 : F2F2F2;
    72CA : F2F2F2;
    72CB : F2F2F2;
    72CC : F2F2F2;
    72CD : F2F2F2;
    72CE : F2F2F2;
    72CF : F2F2F2;
    72D0 : F2F2F2;
    72D1 : F2F2F2;
    72D2 : F2F2F2;
    72D3 : F2F2F2;
    72D4 : F2F2F2;
    72D5 : F2F2F2;
    72D6 : F2F2F2;
    72D7 : F2F2F2;
    72D8 : F2F2F2;
    72D9 : F2F2F2;
    72DA : F2F2F2;
    72DB : F2F2F2;
    72DC : F2F2F2;
    72DD : F2F2F2;
    72DE : F2F2F2;
    72DF : F2F2F2;
    72E0 : F2F2F2;
    72E1 : F2F2F2;
    72E2 : F2F2F2;
    72E3 : F2F2F2;
    72E4 : F2F2F2;
    72E5 : F2F2F2;
    72E6 : F2F2F2;
    72E7 : F2F2F2;
    72E8 : F2F2F2;
    72E9 : F2F2F2;
    72EA : F2F2F2;
    72EB : F2F2F2;
    72EC : F2F2F2;
    72ED : F2F2F2;
    72EE : F2F2F2;
    72EF : F2F2F2;
    72F0 : F2F2F2;
    72F1 : F2F2F2;
    72F2 : F2F2F2;
    72F3 : F2F2F2;
    72F4 : F2F2F2;
    72F5 : F2F2F2;
    72F6 : F2F2F2;
    72F7 : F2F2F2;
    72F8 : F2F2F2;
    72F9 : F2F2F2;
    72FA : F2F2F2;
    72FB : F2F2F2;
    72FC : F2F2F2;
    72FD : F2F2F2;
    72FE : F2F2F2;
    72FF : F2F2F2;
    7300 : E7E7E7;
    7301 : FEFEFE;
    7302 : DADADA;
    7303 : 181818;
    7304 : 141414;
    7305 : 1B1B1B;
    7306 : 0A0A0A;
    7307 : 101010;
    7308 : 111111;
    7309 : 000000;
    730A : 060606;
    730B : 000000;
    730C : 0A0A0A;
    730D : 4D4D4D;
    730E : A2A2A2;
    730F : 5E5E5E;
    7310 : 1D1D1D;
    7311 : 272727;
    7312 : 252525;
    7313 : 1F1F1F;
    7314 : 1D1D1D;
    7315 : 1F1F1F;
    7316 : 3F3F3F;
    7317 : 727272;
    7318 : 1C1C1C;
    7319 : 141414;
    731A : 242424;
    731B : 363636;
    731C : 202020;
    731D : 191919;
    731E : 2F2F2F;
    731F : 272727;
    7320 : 161616;
    7321 : 2D2D2D;
    7322 : 131313;
    7323 : 252525;
    7324 : 090909;
    7325 : 4B4B4B;
    7326 : D7D7D7;
    7327 : F4F4F4;
    7328 : F2F2F2;
    7329 : 878787;
    732A : 323232;
    732B : 323232;
    732C : C7C7C7;
    732D : F3F3F3;
    732E : E4E4E4;
    732F : FFFFFF;
    7330 : D7D7D7;
    7331 : DEDEDE;
    7332 : FFFFFF;
    7333 : DADADA;
    7334 : 444444;
    7335 : 131313;
    7336 : 2C2C2C;
    7337 : 171717;
    7338 : 0F0F0F;
    7339 : 121212;
    733A : 060606;
    733B : 131313;
    733C : 0E0E0E;
    733D : 171717;
    733E : 1B1B1B;
    733F : 1F1F1F;
    7340 : D0D0D0;
    7341 : FFFFFF;
    7342 : 7C7C7C;
    7343 : 212121;
    7344 : 3D3D3D;
    7345 : 252525;
    7346 : 747474;
    7347 : EDEDED;
    7348 : DDDDDD;
    7349 : A4A4A4;
    734A : 3B3B3B;
    734B : 434343;
    734C : 353535;
    734D : 5B5B5B;
    734E : EEEEEE;
    734F : E4E4E4;
    7350 : E5E5E5;
    7351 : D6D6D6;
    7352 : A0A0A0;
    7353 : 474747;
    7354 : 414141;
    7355 : F4F4F4;
    7356 : 9D9D9D;
    7357 : 2A2A2A;
    7358 : 2B2B2B;
    7359 : 2E2E2E;
    735A : 303030;
    735B : 303030;
    735C : 2F2F2F;
    735D : 303030;
    735E : 323232;
    735F : 333333;
    7360 : 3A3A3A;
    7361 : 2F2F2F;
    7362 : 353535;
    7363 : 313131;
    7364 : 212121;
    7365 : 4E4E4E;
    7366 : A8A8A8;
    7367 : D3D3D3;
    7368 : F6F6F6;
    7369 : AAAAAA;
    736A : 1B1B1B;
    736B : 484848;
    736C : 7D7D7D;
    736D : 585858;
    736E : 2D2D2D;
    736F : 0C0C0C;
    7370 : 272727;
    7371 : 393939;
    7372 : 303030;
    7373 : 313131;
    7374 : 1D1D1D;
    7375 : 5B5B5B;
    7376 : FFFFFF;
    7377 : EBEBEB;
    7378 : F2F2F2;
    7379 : F2F2F2;
    737A : F2F2F2;
    737B : F2F2F2;
    737C : F2F2F2;
    737D : F2F2F2;
    737E : F2F2F2;
    737F : F2F2F2;
    7380 : F2F2F2;
    7381 : F2F2F2;
    7382 : F2F2F2;
    7383 : F2F2F2;
    7384 : F2F2F2;
    7385 : F2F2F2;
    7386 : F2F2F2;
    7387 : F2F2F2;
    7388 : F2F2F2;
    7389 : F2F2F2;
    738A : F2F2F2;
    738B : F2F2F2;
    738C : F2F2F2;
    738D : F2F2F2;
    738E : F2F2F2;
    738F : F2F2F2;
    7390 : F2F2F2;
    7391 : F2F2F2;
    7392 : F2F2F2;
    7393 : F2F2F2;
    7394 : F2F2F2;
    7395 : F2F2F2;
    7396 : F2F2F2;
    7397 : F2F2F2;
    7398 : F2F2F2;
    7399 : F2F2F2;
    739A : F2F2F2;
    739B : F2F2F2;
    739C : F2F2F2;
    739D : F2F2F2;
    739E : F2F2F2;
    739F : F2F2F2;
    73A0 : F2F2F2;
    73A1 : F2F2F2;
    73A2 : F2F2F2;
    73A3 : F2F2F2;
    73A4 : F2F2F2;
    73A5 : F2F2F2;
    73A6 : F2F2F2;
    73A7 : F2F2F2;
    73A8 : F2F2F2;
    73A9 : F2F2F2;
    73AA : F2F2F2;
    73AB : F2F2F2;
    73AC : F2F2F2;
    73AD : F2F2F2;
    73AE : F2F2F2;
    73AF : F2F2F2;
    73B0 : F2F2F2;
    73B1 : F2F2F2;
    73B2 : F2F2F2;
    73B3 : F2F2F2;
    73B4 : F2F2F2;
    73B5 : F2F2F2;
    73B6 : F2F2F2;
    73B7 : F2F2F2;
    73B8 : F2F2F2;
    73B9 : F2F2F2;
    73BA : F2F2F2;
    73BB : F2F2F2;
    73BC : F2F2F2;
    73BD : F2F2F2;
    73BE : F2F2F2;
    73BF : F2F2F2;
    73C0 : F2F2F2;
    73C1 : F2F2F2;
    73C2 : F2F2F2;
    73C3 : F2F2F2;
    73C4 : F2F2F2;
    73C5 : F2F2F2;
    73C6 : F2F2F2;
    73C7 : F2F2F2;
    73C8 : FAFAFA;
    73C9 : E8E8E8;
    73CA : FAFAFA;
    73CB : 686868;
    73CC : 020202;
    73CD : 383838;
    73CE : 171717;
    73CF : 090909;
    73D0 : 060606;
    73D1 : 8D8D8D;
    73D2 : 4B4B4B;
    73D3 : 090909;
    73D4 : 161616;
    73D5 : ECECEC;
    73D6 : DEDEDE;
    73D7 : 282828;
    73D8 : 222222;
    73D9 : 232323;
    73DA : 1B1B1B;
    73DB : 181818;
    73DC : 262626;
    73DD : 2B2B2B;
    73DE : 1A1A1A;
    73DF : 060606;
    73E0 : 292929;
    73E1 : 2A2A2A;
    73E2 : 1A1A1A;
    73E3 : 1D1D1D;
    73E4 : 1E1E1E;
    73E5 : 222222;
    73E6 : 272727;
    73E7 : 050505;
    73E8 : 141414;
    73E9 : 2D2D2D;
    73EA : 272727;
    73EB : 111111;
    73EC : 282828;
    73ED : 070707;
    73EE : 1A1A1A;
    73EF : 414141;
    73F0 : 2F2F2F;
    73F1 : 2F2F2F;
    73F2 : 505050;
    73F3 : 1C1C1C;
    73F4 : 464646;
    73F5 : C1C1C1;
    73F6 : D9D9D9;
    73F7 : FFFFFF;
    73F8 : FFFFFF;
    73F9 : C6C6C6;
    73FA : E1E1E1;
    73FB : D7D7D7;
    73FC : 252525;
    73FD : 1E1E1E;
    73FE : 313131;
    73FF : 191919;
    7400 : 111111;
    7401 : 111111;
    7402 : 0E0E0E;
    7403 : 0D0D0D;
    7404 : 121212;
    7405 : 1E1E1E;
    7406 : 0D0D0D;
    7407 : 666666;
    7408 : FFFFFF;
    7409 : A0A0A0;
    740A : 1B1B1B;
    740B : 3E3E3E;
    740C : 363636;
    740D : 3B3B3B;
    740E : 454545;
    740F : 5C5C5C;
    7410 : 545454;
    7411 : 282828;
    7412 : 424242;
    7413 : 565656;
    7414 : 353535;
    7415 : 3E3E3E;
    7416 : 525252;
    7417 : 363636;
    7418 : 383838;
    7419 : 3E3E3E;
    741A : 1C1C1C;
    741B : 303030;
    741C : FFFFFF;
    741D : E6E6E6;
    741E : 151515;
    741F : 2C2C2C;
    7420 : 3A3A3A;
    7421 : 363636;
    7422 : 2B2B2B;
    7423 : 222222;
    7424 : 292929;
    7425 : 363636;
    7426 : 373737;
    7427 : 2E2E2E;
    7428 : 2B2B2B;
    7429 : 404040;
    742A : 363636;
    742B : 333333;
    742C : 474747;
    742D : 2D2D2D;
    742E : 151515;
    742F : 3D3D3D;
    7430 : 424242;
    7431 : 353535;
    7432 : 373737;
    7433 : 505050;
    7434 : 5A5A5A;
    7435 : 494949;
    7436 : 070707;
    7437 : 1A1A1A;
    7438 : 0B0B0B;
    7439 : 121212;
    743A : 161616;
    743B : 222222;
    743C : 282828;
    743D : CBCBCB;
    743E : D5D5D5;
    743F : FFFFFF;
    7440 : F2F2F2;
    7441 : F2F2F2;
    7442 : F2F2F2;
    7443 : F2F2F2;
    7444 : F2F2F2;
    7445 : F2F2F2;
    7446 : F2F2F2;
    7447 : F2F2F2;
    7448 : F2F2F2;
    7449 : F2F2F2;
    744A : F2F2F2;
    744B : F2F2F2;
    744C : F2F2F2;
    744D : F2F2F2;
    744E : F2F2F2;
    744F : F2F2F2;
    7450 : F2F2F2;
    7451 : F2F2F2;
    7452 : F2F2F2;
    7453 : F2F2F2;
    7454 : F2F2F2;
    7455 : F2F2F2;
    7456 : F2F2F2;
    7457 : F2F2F2;
    7458 : F2F2F2;
    7459 : F2F2F2;
    745A : F2F2F2;
    745B : F2F2F2;
    745C : F2F2F2;
    745D : F2F2F2;
    745E : F2F2F2;
    745F : F2F2F2;
    7460 : F2F2F2;
    7461 : F2F2F2;
    7462 : F2F2F2;
    7463 : F2F2F2;
    7464 : F2F2F2;
    7465 : F2F2F2;
    7466 : F2F2F2;
    7467 : F2F2F2;
    7468 : F2F2F2;
    7469 : F2F2F2;
    746A : F2F2F2;
    746B : F2F2F2;
    746C : F2F2F2;
    746D : F2F2F2;
    746E : F2F2F2;
    746F : F2F2F2;
    7470 : F2F2F2;
    7471 : F2F2F2;
    7472 : F2F2F2;
    7473 : F2F2F2;
    7474 : F2F2F2;
    7475 : F2F2F2;
    7476 : F2F2F2;
    7477 : F2F2F2;
    7478 : F2F2F2;
    7479 : F2F2F2;
    747A : F2F2F2;
    747B : F2F2F2;
    747C : F2F2F2;
    747D : F2F2F2;
    747E : F2F2F2;
    747F : F2F2F2;
    7480 : F2F2F2;
    7481 : F2F2F2;
    7482 : F2F2F2;
    7483 : F2F2F2;
    7484 : F2F2F2;
    7485 : F2F2F2;
    7486 : F2F2F2;
    7487 : F2F2F2;
    7488 : F2F2F2;
    7489 : F2F2F2;
    748A : F2F2F2;
    748B : F2F2F2;
    748C : F2F2F2;
    748D : F2F2F2;
    748E : F2F2F2;
    748F : F2F2F2;
    7490 : F4F4F4;
    7491 : F2F2F2;
    7492 : ECECEC;
    7493 : CBCBCB;
    7494 : 0E0E0E;
    7495 : 242424;
    7496 : 282828;
    7497 : 171717;
    7498 : E5E5E5;
    7499 : D1D1D1;
    749A : 949494;
    749B : 999999;
    749C : 858585;
    749D : F4F4F4;
    749E : E2E2E2;
    749F : 141414;
    74A0 : 1F1F1F;
    74A1 : 232323;
    74A2 : 272727;
    74A3 : 232323;
    74A4 : 1B1B1B;
    74A5 : 1C1C1C;
    74A6 : 282828;
    74A7 : 343434;
    74A8 : 131313;
    74A9 : 252525;
    74AA : 1E1E1E;
    74AB : 242424;
    74AC : 1E1E1E;
    74AD : 252525;
    74AE : 494949;
    74AF : 3A3A3A;
    74B0 : 1F1F1F;
    74B1 : 101010;
    74B2 : 343434;
    74B3 : 0E0E0E;
    74B4 : 4C4C4C;
    74B5 : 8F8F8F;
    74B6 : 040404;
    74B7 : 070707;
    74B8 : 1F1F1F;
    74B9 : 393939;
    74BA : 404040;
    74BB : 525252;
    74BC : 2F2F2F;
    74BD : 303030;
    74BE : 5A5A5A;
    74BF : 595959;
    74C0 : 464646;
    74C1 : 3C3C3C;
    74C2 : 6B6B6B;
    74C3 : 626262;
    74C4 : 1F1F1F;
    74C5 : 1F1F1F;
    74C6 : 393939;
    74C7 : 282828;
    74C8 : 141414;
    74C9 : 0C0C0C;
    74CA : 101010;
    74CB : 141414;
    74CC : 141414;
    74CD : 191919;
    74CE : 0D0D0D;
    74CF : B0B0B0;
    74D0 : CCCCCC;
    74D1 : 252525;
    74D2 : 363636;
    74D3 : 464646;
    74D4 : 555555;
    74D5 : 3E3E3E;
    74D6 : 424242;
    74D7 : 373737;
    74D8 : 4D4D4D;
    74D9 : 434343;
    74DA : 454545;
    74DB : 434343;
    74DC : 373737;
    74DD : 2B2B2B;
    74DE : 282828;
    74DF : 343434;
    74E0 : 222222;
    74E1 : 3C3C3C;
    74E2 : 262626;
    74E3 : DEDEDE;
    74E4 : FDFDFD;
    74E5 : 646464;
    74E6 : 343434;
    74E7 : 363636;
    74E8 : 282828;
    74E9 : 353535;
    74EA : 3D3D3D;
    74EB : 393939;
    74EC : 323232;
    74ED : 2F2F2F;
    74EE : 303030;
    74EF : 2F2F2F;
    74F0 : 363636;
    74F1 : 2F2F2F;
    74F2 : 373737;
    74F3 : 232323;
    74F4 : 1A1A1A;
    74F5 : 3A3A3A;
    74F6 : 404040;
    74F7 : 2C2C2C;
    74F8 : 2C2C2C;
    74F9 : 2E2E2E;
    74FA : 121212;
    74FB : 373737;
    74FC : 878787;
    74FD : 171717;
    74FE : 0C0C0C;
    74FF : 1A1A1A;
    7500 : 5E5E5E;
    7501 : A3A3A3;
    7502 : 6A6A6A;
    7503 : 090909;
    7504 : 7E7E7E;
    7505 : FFFFFF;
    7506 : F3F3F3;
    7507 : EDEDED;
    7508 : F2F2F2;
    7509 : F2F2F2;
    750A : F2F2F2;
    750B : F2F2F2;
    750C : F2F2F2;
    750D : F2F2F2;
    750E : F2F2F2;
    750F : F2F2F2;
    7510 : F2F2F2;
    7511 : F2F2F2;
    7512 : F2F2F2;
    7513 : F2F2F2;
    7514 : F2F2F2;
    7515 : F2F2F2;
    7516 : F2F2F2;
    7517 : F2F2F2;
    7518 : F2F2F2;
    7519 : F2F2F2;
    751A : F2F2F2;
    751B : F2F2F2;
    751C : F2F2F2;
    751D : F2F2F2;
    751E : F2F2F2;
    751F : F2F2F2;
    7520 : F2F2F2;
    7521 : F2F2F2;
    7522 : F2F2F2;
    7523 : F2F2F2;
    7524 : F2F2F2;
    7525 : F2F2F2;
    7526 : F2F2F2;
    7527 : F2F2F2;
    7528 : F2F2F2;
    7529 : F2F2F2;
    752A : F2F2F2;
    752B : F2F2F2;
    752C : F2F2F2;
    752D : F2F2F2;
    752E : F2F2F2;
    752F : F2F2F2;
    7530 : F2F2F2;
    7531 : F2F2F2;
    7532 : F2F2F2;
    7533 : F2F2F2;
    7534 : F2F2F2;
    7535 : F2F2F2;
    7536 : F2F2F2;
    7537 : F2F2F2;
    7538 : F2F2F2;
    7539 : F2F2F2;
    753A : F2F2F2;
    753B : F2F2F2;
    753C : F2F2F2;
    753D : F2F2F2;
    753E : F2F2F2;
    753F : F2F2F2;
    7540 : F2F2F2;
    7541 : F2F2F2;
    7542 : F2F2F2;
    7543 : F2F2F2;
    7544 : F2F2F2;
    7545 : F2F2F2;
    7546 : F2F2F2;
    7547 : F2F2F2;
    7548 : F2F2F2;
    7549 : F2F2F2;
    754A : F2F2F2;
    754B : F2F2F2;
    754C : F2F2F2;
    754D : F2F2F2;
    754E : F2F2F2;
    754F : F2F2F2;
    7550 : F2F2F2;
    7551 : F2F2F2;
    7552 : F2F2F2;
    7553 : F2F2F2;
    7554 : F2F2F2;
    7555 : F2F2F2;
    7556 : F2F2F2;
    7557 : F2F2F2;
    7558 : E7E7E7;
    7559 : F9F9F9;
    755A : EEEEEE;
    755B : FFFFFF;
    755C : 616161;
    755D : 030303;
    755E : 262626;
    755F : 292929;
    7560 : 3C3C3C;
    7561 : A8A8A8;
    7562 : FFFFFF;
    7563 : FAFAFA;
    7564 : F4F4F4;
    7565 : ECECEC;
    7566 : EBEBEB;
    7567 : 393939;
    7568 : 212121;
    7569 : 1C1C1C;
    756A : 222222;
    756B : 292929;
    756C : 242424;
    756D : 1F1F1F;
    756E : 1F1F1F;
    756F : 1E1E1E;
    7570 : 242424;
    7571 : 252525;
    7572 : 1E1E1E;
    7573 : 242424;
    7574 : 202020;
    7575 : 6C6C6C;
    7576 : EAEAEA;
    7577 : F0F0F0;
    7578 : 5B5B5B;
    7579 : 191919;
    757A : 202020;
    757B : 1D1D1D;
    757C : 1F1F1F;
    757D : B0B0B0;
    757E : 636363;
    757F : 090909;
    7580 : 191919;
    7581 : 111111;
    7582 : 353535;
    7583 : 373737;
    7584 : 343434;
    7585 : 525252;
    7586 : 2F2F2F;
    7587 : 2E2E2E;
    7588 : 373737;
    7589 : 3D3D3D;
    758A : 333333;
    758B : 000000;
    758C : 292929;
    758D : 1C1C1C;
    758E : 2C2C2C;
    758F : 121212;
    7590 : 111111;
    7591 : 0D0D0D;
    7592 : 0A0A0A;
    7593 : 191919;
    7594 : 0E0E0E;
    7595 : 1B1B1B;
    7596 : 191919;
    7597 : 9F9F9F;
    7598 : 595959;
    7599 : 171717;
    759A : 3F3F3F;
    759B : 3D3D3D;
    759C : 484848;
    759D : 4B4B4B;
    759E : 393939;
    759F : 515151;
    75A0 : 393939;
    75A1 : 464646;
    75A2 : 414141;
    75A3 : 424242;
    75A4 : 3E3E3E;
    75A5 : 303030;
    75A6 : 333333;
    75A7 : 383838;
    75A8 : 2F2F2F;
    75A9 : 0B0B0B;
    75AA : A8A8A8;
    75AB : FEFEFE;
    75AC : 9D9D9D;
    75AD : 2A2A2A;
    75AE : 2D2D2D;
    75AF : 1D1D1D;
    75B0 : 2E2E2E;
    75B1 : 262626;
    75B2 : 2B2B2B;
    75B3 : 373737;
    75B4 : 363636;
    75B5 : 292929;
    75B6 : 2C2C2C;
    75B7 : 3A3A3A;
    75B8 : 373737;
    75B9 : 303030;
    75BA : 343434;
    75BB : 343434;
    75BC : 424242;
    75BD : 383838;
    75BE : 161616;
    75BF : 232323;
    75C0 : 282828;
    75C1 : 404040;
    75C2 : 444444;
    75C3 : 8E8E8E;
    75C4 : E6E6E6;
    75C5 : C8C8C8;
    75C6 : 808080;
    75C7 : AEAEAE;
    75C8 : C4C4C4;
    75C9 : 898989;
    75CA : 1B1B1B;
    75CB : 494949;
    75CC : FAFAFA;
    75CD : D7D7D7;
    75CE : F4F4F4;
    75CF : F5F5F5;
    75D0 : F2F2F2;
    75D1 : F2F2F2;
    75D2 : F2F2F2;
    75D3 : F2F2F2;
    75D4 : F2F2F2;
    75D5 : F2F2F2;
    75D6 : F2F2F2;
    75D7 : F2F2F2;
    75D8 : F2F2F2;
    75D9 : F2F2F2;
    75DA : F2F2F2;
    75DB : F2F2F2;
    75DC : F2F2F2;
    75DD : F2F2F2;
    75DE : F2F2F2;
    75DF : F2F2F2;
    75E0 : F2F2F2;
    75E1 : F2F2F2;
    75E2 : F2F2F2;
    75E3 : F2F2F2;
    75E4 : F2F2F2;
    75E5 : F2F2F2;
    75E6 : F2F2F2;
    75E7 : F2F2F2;
    75E8 : F2F2F2;
    75E9 : F2F2F2;
    75EA : F2F2F2;
    75EB : F2F2F2;
    75EC : F2F2F2;
    75ED : F2F2F2;
    75EE : F2F2F2;
    75EF : F2F2F2;
    75F0 : F2F2F2;
    75F1 : F2F2F2;
    75F2 : F2F2F2;
    75F3 : F2F2F2;
    75F4 : F2F2F2;
    75F5 : F2F2F2;
    75F6 : F2F2F2;
    75F7 : F2F2F2;
    75F8 : F2F2F2;
    75F9 : F2F2F2;
    75FA : F2F2F2;
    75FB : F2F2F2;
    75FC : F2F2F2;
    75FD : F2F2F2;
    75FE : F2F2F2;
    75FF : F2F2F2;
    7600 : F2F2F2;
    7601 : F2F2F2;
    7602 : F2F2F2;
    7603 : F2F2F2;
    7604 : F2F2F2;
    7605 : F2F2F2;
    7606 : F2F2F2;
    7607 : F2F2F2;
    7608 : F2F2F2;
    7609 : F2F2F2;
    760A : F2F2F2;
    760B : F2F2F2;
    760C : F2F2F2;
    760D : F2F2F2;
    760E : F2F2F2;
    760F : F2F2F2;
    7610 : F2F2F2;
    7611 : F2F2F2;
    7612 : F2F2F2;
    7613 : F2F2F2;
    7614 : F2F2F2;
    7615 : F2F2F2;
    7616 : F2F2F2;
    7617 : F2F2F2;
    7618 : F2F2F2;
    7619 : F2F2F2;
    761A : F2F2F2;
    761B : F2F2F2;
    761C : F2F2F2;
    761D : F2F2F2;
    761E : F2F2F2;
    761F : F2F2F2;
    7620 : EFEFEF;
    7621 : ECECEC;
    7622 : F8F8F8;
    7623 : FAFAFA;
    7624 : C7C7C7;
    7625 : 010101;
    7626 : 1C1C1C;
    7627 : 262626;
    7628 : 171717;
    7629 : 1F1F1F;
    762A : 696969;
    762B : CFCFCF;
    762C : F2F2F2;
    762D : F3F3F3;
    762E : EDEDED;
    762F : 3E3E3E;
    7630 : 181818;
    7631 : 1B1B1B;
    7632 : 232323;
    7633 : 212121;
    7634 : 1A1A1A;
    7635 : 212121;
    7636 : 252525;
    7637 : 1B1B1B;
    7638 : 222222;
    7639 : 1E1E1E;
    763A : 222222;
    763B : 232323;
    763C : 0D0D0D;
    763D : 777777;
    763E : FFFFFF;
    763F : E9E9E9;
    7640 : FFFFFF;
    7641 : 8A8A8A;
    7642 : 1B1B1B;
    7643 : 131313;
    7644 : 1E1E1E;
    7645 : 6A6A6A;
    7646 : D9D9D9;
    7647 : 2C2C2C;
    7648 : 0B0B0B;
    7649 : 171717;
    764A : 262626;
    764B : 404040;
    764C : 464646;
    764D : 3E3E3E;
    764E : 2F2F2F;
    764F : 4B4B4B;
    7650 : 3E3E3E;
    7651 : 3E3E3E;
    7652 : 313131;
    7653 : 292929;
    7654 : 1D1D1D;
    7655 : 0D0D0D;
    7656 : 222222;
    7657 : 232323;
    7658 : 0B0B0B;
    7659 : 131313;
    765A : 030303;
    765B : 151515;
    765C : 050505;
    765D : 262626;
    765E : 252525;
    765F : 5A5A5A;
    7660 : 202020;
    7661 : 333333;
    7662 : 494949;
    7663 : 393939;
    7664 : 444444;
    7665 : 454545;
    7666 : 4A4A4A;
    7667 : 3F3F3F;
    7668 : 494949;
    7669 : 3B3B3B;
    766A : 4D4D4D;
    766B : 474747;
    766C : 282828;
    766D : 343434;
    766E : 404040;
    766F : 272727;
    7670 : 171717;
    7671 : AAAAAA;
    7672 : FFFFFF;
    7673 : 9B9B9B;
    7674 : 161616;
    7675 : 363636;
    7676 : 2C2C2C;
    7677 : BBBBBB;
    7678 : B0B0B0;
    7679 : 5D5D5D;
    767A : 202020;
    767B : 282828;
    767C : 3C3C3C;
    767D : 333333;
    767E : 2A2A2A;
    767F : 313131;
    7680 : 323232;
    7681 : 242424;
    7682 : 3A3A3A;
    7683 : 303030;
    7684 : 272727;
    7685 : 484848;
    7686 : 6A6A6A;
    7687 : 909090;
    7688 : B2B2B2;
    7689 : D7D7D7;
    768A : FFFFFF;
    768B : F0F0F0;
    768C : FFFFFF;
    768D : FEFEFE;
    768E : F7F7F7;
    768F : 8E8E8E;
    7690 : 030303;
    7691 : 050505;
    7692 : 1F1F1F;
    7693 : D4D4D4;
    7694 : FFFFFF;
    7695 : E9E9E9;
    7696 : FAFAFA;
    7697 : ECECEC;
    7698 : F2F2F2;
    7699 : F2F2F2;
    769A : F2F2F2;
    769B : F2F2F2;
    769C : F2F2F2;
    769D : F2F2F2;
    769E : F2F2F2;
    769F : F2F2F2;
    76A0 : F2F2F2;
    76A1 : F2F2F2;
    76A2 : F2F2F2;
    76A3 : F2F2F2;
    76A4 : F2F2F2;
    76A5 : F2F2F2;
    76A6 : F2F2F2;
    76A7 : F2F2F2;
    76A8 : F2F2F2;
    76A9 : F2F2F2;
    76AA : F2F2F2;
    76AB : F2F2F2;
    76AC : F2F2F2;
    76AD : F2F2F2;
    76AE : F2F2F2;
    76AF : F2F2F2;
    76B0 : F2F2F2;
    76B1 : F2F2F2;
    76B2 : F2F2F2;
    76B3 : F2F2F2;
    76B4 : F2F2F2;
    76B5 : F2F2F2;
    76B6 : F2F2F2;
    76B7 : F2F2F2;
    76B8 : F2F2F2;
    76B9 : F2F2F2;
    76BA : F2F2F2;
    76BB : F2F2F2;
    76BC : F2F2F2;
    76BD : F2F2F2;
    76BE : F2F2F2;
    76BF : F2F2F2;
    76C0 : F2F2F2;
    76C1 : F2F2F2;
    76C2 : F2F2F2;
    76C3 : F2F2F2;
    76C4 : F2F2F2;
    76C5 : F2F2F2;
    76C6 : F2F2F2;
    76C7 : F2F2F2;
    76C8 : F2F2F2;
    76C9 : F2F2F2;
    76CA : F2F2F2;
    76CB : F2F2F2;
    76CC : F2F2F2;
    76CD : F2F2F2;
    76CE : F2F2F2;
    76CF : F2F2F2;
    76D0 : F2F2F2;
    76D1 : F2F2F2;
    76D2 : F2F2F2;
    76D3 : F2F2F2;
    76D4 : F2F2F2;
    76D5 : F2F2F2;
    76D6 : F2F2F2;
    76D7 : F2F2F2;
    76D8 : F2F2F2;
    76D9 : F2F2F2;
    76DA : F2F2F2;
    76DB : F2F2F2;
    76DC : F2F2F2;
    76DD : F2F2F2;
    76DE : F2F2F2;
    76DF : F2F2F2;
    76E0 : F2F2F2;
    76E1 : F2F2F2;
    76E2 : F2F2F2;
    76E3 : F2F2F2;
    76E4 : F2F2F2;
    76E5 : F2F2F2;
    76E6 : F2F2F2;
    76E7 : F2F2F2;
    76E8 : F1F1F1;
    76E9 : EDEDED;
    76EA : F2F2F2;
    76EB : F3F3F3;
    76EC : FFFFFF;
    76ED : 565656;
    76EE : 000000;
    76EF : 101010;
    76F0 : 2F2F2F;
    76F1 : 1C1C1C;
    76F2 : 0D0D0D;
    76F3 : 090909;
    76F4 : 4E4E4E;
    76F5 : EAEAEA;
    76F6 : F2F2F2;
    76F7 : 5A5A5A;
    76F8 : 1B1B1B;
    76F9 : 1F1F1F;
    76FA : 1D1D1D;
    76FB : 1D1D1D;
    76FC : 242424;
    76FD : 222222;
    76FE : 202020;
    76FF : 262626;
    7700 : 1D1D1D;
    7701 : 242424;
    7702 : 181818;
    7703 : 212121;
    7704 : 181818;
    7705 : 303030;
    7706 : D1D1D1;
    7707 : F6F6F6;
    7708 : E8E8E8;
    7709 : F1F1F1;
    770A : B5B5B5;
    770B : 232323;
    770C : 0C0C0C;
    770D : 3F3F3F;
    770E : EBEBEB;
    770F : AEAEAE;
    7710 : 141414;
    7711 : 0F0F0F;
    7712 : 1D1D1D;
    7713 : 242424;
    7714 : 454545;
    7715 : 444444;
    7716 : 3A3A3A;
    7717 : 363636;
    7718 : 383838;
    7719 : 3C3C3C;
    771A : 404040;
    771B : 0F0F0F;
    771C : 222222;
    771D : 131313;
    771E : 252525;
    771F : 191919;
    7720 : 0B0B0B;
    7721 : 111111;
    7722 : 000000;
    7723 : 101010;
    7724 : 1B1B1B;
    7725 : 161616;
    7726 : 212121;
    7727 : 0F0F0F;
    7728 : 383838;
    7729 : 2D2D2D;
    772A : 454545;
    772B : 444444;
    772C : 424242;
    772D : 4C4C4C;
    772E : 3E3E3E;
    772F : 414141;
    7730 : 404040;
    7731 : 474747;
    7732 : 414141;
    7733 : 454545;
    7734 : 3E3E3E;
    7735 : 343434;
    7736 : 323232;
    7737 : 1F1F1F;
    7738 : B0B0B0;
    7739 : FEFEFE;
    773A : CBCBCB;
    773B : 2B2B2B;
    773C : 202020;
    773D : 616161;
    773E : E6E6E6;
    773F : EDEDED;
    7740 : FFFFFF;
    7741 : BDBDBD;
    7742 : 575757;
    7743 : 363636;
    7744 : 212121;
    7745 : 333333;
    7746 : 2F2F2F;
    7747 : 343434;
    7748 : 292929;
    7749 : 3B3B3B;
    774A : 2D2D2D;
    774B : 2C2C2C;
    774C : 434343;
    774D : C5C5C5;
    774E : FFFFFF;
    774F : FDFDFD;
    7750 : FFFFFF;
    7751 : FFFFFF;
    7752 : E8E8E8;
    7753 : D1D1D1;
    7754 : 949494;
    7755 : 6A6A6A;
    7756 : 3C3C3C;
    7757 : 2C2C2C;
    7758 : 080808;
    7759 : 222222;
    775A : BDBDBD;
    775B : FFFFFF;
    775C : ECECEC;
    775D : F0F0F0;
    775E : FAFAFA;
    775F : EBEBEB;
    7760 : F2F2F2;
    7761 : F2F2F2;
    7762 : F2F2F2;
    7763 : F2F2F2;
    7764 : F2F2F2;
    7765 : F2F2F2;
    7766 : F2F2F2;
    7767 : F2F2F2;
    7768 : F2F2F2;
    7769 : F2F2F2;
    776A : F2F2F2;
    776B : F2F2F2;
    776C : F2F2F2;
    776D : F2F2F2;
    776E : F2F2F2;
    776F : F2F2F2;
    7770 : F2F2F2;
    7771 : F2F2F2;
    7772 : F2F2F2;
    7773 : F2F2F2;
    7774 : F2F2F2;
    7775 : F2F2F2;
    7776 : F2F2F2;
    7777 : F2F2F2;
    7778 : F2F2F2;
    7779 : F2F2F2;
    777A : F2F2F2;
    777B : F2F2F2;
    777C : F2F2F2;
    777D : F2F2F2;
    777E : F2F2F2;
    777F : F2F2F2;
    7780 : F2F2F2;
    7781 : F2F2F2;
    7782 : F2F2F2;
    7783 : F2F2F2;
    7784 : F2F2F2;
    7785 : F2F2F2;
    7786 : F2F2F2;
    7787 : F2F2F2;
    7788 : F2F2F2;
    7789 : F2F2F2;
    778A : F2F2F2;
    778B : F2F2F2;
    778C : F2F2F2;
    778D : F2F2F2;
    778E : F2F2F2;
    778F : F2F2F2;
    7790 : F2F2F2;
    7791 : F2F2F2;
    7792 : F2F2F2;
    7793 : F2F2F2;
    7794 : F2F2F2;
    7795 : F2F2F2;
    7796 : F2F2F2;
    7797 : F2F2F2;
    7798 : F2F2F2;
    7799 : F2F2F2;
    779A : F2F2F2;
    779B : F2F2F2;
    779C : F2F2F2;
    779D : F2F2F2;
    779E : F2F2F2;
    779F : F2F2F2;
    77A0 : F2F2F2;
    77A1 : F2F2F2;
    77A2 : F2F2F2;
    77A3 : F2F2F2;
    77A4 : F2F2F2;
    77A5 : F2F2F2;
    77A6 : F2F2F2;
    77A7 : F2F2F2;
    77A8 : F2F2F2;
    77A9 : F2F2F2;
    77AA : F2F2F2;
    77AB : F2F2F2;
    77AC : F2F2F2;
    77AD : F2F2F2;
    77AE : F2F2F2;
    77AF : F2F2F2;
    77B0 : FBFBFB;
    77B1 : E9E9E9;
    77B2 : FDFDFD;
    77B3 : E3E3E3;
    77B4 : F1F1F1;
    77B5 : DDDDDD;
    77B6 : 101010;
    77B7 : 111111;
    77B8 : 070707;
    77B9 : 313131;
    77BA : 181818;
    77BB : 101010;
    77BC : 151515;
    77BD : BBBBBB;
    77BE : FFFFFF;
    77BF : 525252;
    77C0 : 0B0B0B;
    77C1 : 1F1F1F;
    77C2 : 2B2B2B;
    77C3 : 242424;
    77C4 : 1D1D1D;
    77C5 : 1E1E1E;
    77C6 : 1C1C1C;
    77C7 : 161616;
    77C8 : 1F1F1F;
    77C9 : 181818;
    77CA : 212121;
    77CB : 252525;
    77CC : 151515;
    77CD : 1F1F1F;
    77CE : 939393;
    77CF : FFFFFF;
    77D0 : FEFEFE;
    77D1 : E9E9E9;
    77D2 : FFFFFF;
    77D3 : D3D3D3;
    77D4 : 2C2C2C;
    77D5 : 010101;
    77D6 : C7C7C7;
    77D7 : F0F0F0;
    77D8 : 747474;
    77D9 : 000000;
    77DA : 191919;
    77DB : 161616;
    77DC : 3A3A3A;
    77DD : 232323;
    77DE : 373737;
    77DF : 2F2F2F;
    77E0 : 3B3B3B;
    77E1 : 2C2C2C;
    77E2 : 383838;
    77E3 : 1E1E1E;
    77E4 : 2B2B2B;
    77E5 : 141414;
    77E6 : 242424;
    77E7 : 181818;
    77E8 : 0D0D0D;
    77E9 : 121212;
    77EA : 0D0D0D;
    77EB : 0D0D0D;
    77EC : 0A0A0A;
    77ED : 202020;
    77EE : 1B1B1B;
    77EF : 1C1C1C;
    77F0 : 202020;
    77F1 : 303030;
    77F2 : 4B4B4B;
    77F3 : 3C3C3C;
    77F4 : 363636;
    77F5 : 454545;
    77F6 : 3F3F3F;
    77F7 : 444444;
    77F8 : 454545;
    77F9 : 3A3A3A;
    77FA : 454545;
    77FB : 414141;
    77FC : 343434;
    77FD : 4A4A4A;
    77FE : 000000;
    77FF : 8B8B8B;
    7800 : FFFFFF;
    7801 : FFFFFF;
    7802 : 303030;
    7803 : 181818;
    7804 : 8D8D8D;
    7805 : E8E8E8;
    7806 : F0F0F0;
    7807 : FFFFFF;
    7808 : D1D1D1;
    7809 : FBFBFB;
    780A : FCFCFC;
    780B : F3F3F3;
    780C : 9D9D9D;
    780D : 2D2D2D;
    780E : 343434;
    780F : 242424;
    7810 : 353535;
    7811 : 353535;
    7812 : 2F2F2F;
    7813 : 343434;
    7814 : 1E1E1E;
    7815 : 585858;
    7816 : AAAAAA;
    7817 : E1E1E1;
    7818 : A4A4A4;
    7819 : 4E4E4E;
    781A : 4F4F4F;
    781B : 2E2E2E;
    781C : 141414;
    781D : 222222;
    781E : 3C3C3C;
    781F : 1D1D1D;
    7820 : 2A2A2A;
    7821 : C5C5C5;
    7822 : F9F9F9;
    7823 : E2E2E2;
    7824 : F3F3F3;
    7825 : F1F1F1;
    7826 : E4E4E4;
    7827 : FCFCFC;
    7828 : F2F2F2;
    7829 : F2F2F2;
    782A : F2F2F2;
    782B : F2F2F2;
    782C : F2F2F2;
    782D : F2F2F2;
    782E : F2F2F2;
    782F : F2F2F2;
    7830 : F2F2F2;
    7831 : F2F2F2;
    7832 : F2F2F2;
    7833 : F2F2F2;
    7834 : F2F2F2;
    7835 : F2F2F2;
    7836 : F2F2F2;
    7837 : F2F2F2;
    7838 : F2F2F2;
    7839 : F2F2F2;
    783A : F2F2F2;
    783B : F2F2F2;
    783C : F2F2F2;
    783D : F2F2F2;
    783E : F2F2F2;
    783F : F2F2F2;
    7840 : F2F2F2;
    7841 : F2F2F2;
    7842 : F2F2F2;
    7843 : F2F2F2;
    7844 : F2F2F2;
    7845 : F2F2F2;
    7846 : F2F2F2;
    7847 : F2F2F2;
    7848 : F2F2F2;
    7849 : F2F2F2;
    784A : F2F2F2;
    784B : F2F2F2;
    784C : F2F2F2;
    784D : F2F2F2;
    784E : F2F2F2;
    784F : F2F2F2;
    7850 : F2F2F2;
    7851 : F2F2F2;
    7852 : F2F2F2;
    7853 : F2F2F2;
    7854 : F2F2F2;
    7855 : F2F2F2;
    7856 : F2F2F2;
    7857 : F2F2F2;
    7858 : F2F2F2;
    7859 : F2F2F2;
    785A : F2F2F2;
    785B : F2F2F2;
    785C : F2F2F2;
    785D : F2F2F2;
    785E : F2F2F2;
    785F : F2F2F2;
    7860 : F2F2F2;
    7861 : F2F2F2;
    7862 : F2F2F2;
    7863 : F2F2F2;
    7864 : F2F2F2;
    7865 : F2F2F2;
    7866 : F2F2F2;
    7867 : F2F2F2;
    7868 : F2F2F2;
    7869 : F2F2F2;
    786A : F2F2F2;
    786B : F2F2F2;
    786C : F2F2F2;
    786D : F2F2F2;
    786E : F2F2F2;
    786F : F2F2F2;
    7870 : F2F2F2;
    7871 : F2F2F2;
    7872 : F2F2F2;
    7873 : F2F2F2;
    7874 : F2F2F2;
    7875 : F2F2F2;
    7876 : F2F2F2;
    7877 : F2F2F2;
    7878 : F3F3F3;
    7879 : ECECEC;
    787A : EFEFEF;
    787B : FFFFFF;
    787C : E3E3E3;
    787D : FFFFFF;
    787E : 808080;
    787F : 000000;
    7880 : 171717;
    7881 : 1E1E1E;
    7882 : 363636;
    7883 : 000000;
    7884 : 000000;
    7885 : B6B6B6;
    7886 : FAFAFA;
    7887 : 757575;
    7888 : 1D1D1D;
    7889 : 1A1A1A;
    788A : 1C1C1C;
    788B : 1B1B1B;
    788C : 1A1A1A;
    788D : 262626;
    788E : 2E2E2E;
    788F : 272727;
    7890 : 282828;
    7891 : 141414;
    7892 : 242424;
    7893 : 232323;
    7894 : 171717;
    7895 : 161616;
    7896 : 4A4A4A;
    7897 : F8F8F8;
    7898 : E2E2E2;
    7899 : D0D0D0;
    789A : C9C9C9;
    789B : FAFAFA;
    789C : EDEDED;
    789D : 333333;
    789E : 646464;
    789F : FFFFFF;
    78A0 : 868686;
    78A1 : 404040;
    78A2 : 111111;
    78A3 : 050505;
    78A4 : 151515;
    78A5 : 303030;
    78A6 : BFBFBF;
    78A7 : CECECE;
    78A8 : 646464;
    78A9 : 323232;
    78AA : 333333;
    78AB : 232323;
    78AC : 1F1F1F;
    78AD : 0A0A0A;
    78AE : 252525;
    78AF : 1C1C1C;
    78B0 : 0B0B0B;
    78B1 : 0A0A0A;
    78B2 : 151515;
    78B3 : 0C0C0C;
    78B4 : 0A0A0A;
    78B5 : 2F2F2F;
    78B6 : 171717;
    78B7 : 1C1C1C;
    78B8 : 303030;
    78B9 : 373737;
    78BA : 484848;
    78BB : 494949;
    78BC : 494949;
    78BD : 444444;
    78BE : 3A3A3A;
    78BF : 4E4E4E;
    78C0 : 474747;
    78C1 : 4C4C4C;
    78C2 : 424242;
    78C3 : 3F3F3F;
    78C4 : 444444;
    78C5 : 1E1E1E;
    78C6 : 343434;
    78C7 : D7D7D7;
    78C8 : F9F9F9;
    78C9 : 767676;
    78CA : 242424;
    78CB : 9D9D9D;
    78CC : FFFFFF;
    78CD : FFFFFF;
    78CE : CACACA;
    78CF : 595959;
    78D0 : 393939;
    78D1 : 333333;
    78D2 : AAAAAA;
    78D3 : F6F6F6;
    78D4 : FFFFFF;
    78D5 : A8A8A8;
    78D6 : 212121;
    78D7 : 383838;
    78D8 : 333333;
    78D9 : 232323;
    78DA : 232323;
    78DB : 3B3B3B;
    78DC : 2F2F2F;
    78DD : 2D2D2D;
    78DE : 2A2A2A;
    78DF : 343434;
    78E0 : 262626;
    78E1 : 303030;
    78E2 : 292929;
    78E3 : 262626;
    78E4 : 494949;
    78E5 : 2A2A2A;
    78E6 : 1D1D1D;
    78E7 : 0E0E0E;
    78E8 : ADADAD;
    78E9 : FFFFFF;
    78EA : FFFFFF;
    78EB : E9E9E9;
    78EC : F7F7F7;
    78ED : EDEDED;
    78EE : F1F1F1;
    78EF : F3F3F3;
    78F0 : F2F2F2;
    78F1 : F2F2F2;
    78F2 : F2F2F2;
    78F3 : F2F2F2;
    78F4 : F2F2F2;
    78F5 : F2F2F2;
    78F6 : F2F2F2;
    78F7 : F2F2F2;
    78F8 : F2F2F2;
    78F9 : F2F2F2;
    78FA : F2F2F2;
    78FB : F2F2F2;
    78FC : F2F2F2;
    78FD : F2F2F2;
    78FE : F2F2F2;
    78FF : F2F2F2;
    7900 : F2F2F2;
    7901 : F2F2F2;
    7902 : F2F2F2;
    7903 : F2F2F2;
    7904 : F2F2F2;
    7905 : F2F2F2;
    7906 : F2F2F2;
    7907 : F2F2F2;
    7908 : F2F2F2;
    7909 : F2F2F2;
    790A : F2F2F2;
    790B : F2F2F2;
    790C : F2F2F2;
    790D : F2F2F2;
    790E : F2F2F2;
    790F : F2F2F2;
    7910 : F2F2F2;
    7911 : F2F2F2;
    7912 : F2F2F2;
    7913 : F2F2F2;
    7914 : F2F2F2;
    7915 : F2F2F2;
    7916 : F2F2F2;
    7917 : F2F2F2;
    7918 : F2F2F2;
    7919 : F2F2F2;
    791A : F2F2F2;
    791B : F2F2F2;
    791C : F2F2F2;
    791D : F2F2F2;
    791E : F2F2F2;
    791F : F2F2F2;
    7920 : F2F2F2;
    7921 : F2F2F2;
    7922 : F2F2F2;
    7923 : F2F2F2;
    7924 : F2F2F2;
    7925 : F2F2F2;
    7926 : F2F2F2;
    7927 : F2F2F2;
    7928 : F2F2F2;
    7929 : F2F2F2;
    792A : F2F2F2;
    792B : F2F2F2;
    792C : F2F2F2;
    792D : F2F2F2;
    792E : F2F2F2;
    792F : F2F2F2;
    7930 : F2F2F2;
    7931 : F2F2F2;
    7932 : F2F2F2;
    7933 : F2F2F2;
    7934 : F2F2F2;
    7935 : F2F2F2;
    7936 : F2F2F2;
    7937 : F2F2F2;
    7938 : F2F2F2;
    7939 : F2F2F2;
    793A : F2F2F2;
    793B : F2F2F2;
    793C : F2F2F2;
    793D : F2F2F2;
    793E : F2F2F2;
    793F : F2F2F2;
    7940 : E7E7E7;
    7941 : FBFBFB;
    7942 : E9E9E9;
    7943 : FFFFFF;
    7944 : EBEBEB;
    7945 : E5E5E5;
    7946 : EFEFEF;
    7947 : 282828;
    7948 : 090909;
    7949 : 2F2F2F;
    794A : 292929;
    794B : 040404;
    794C : 0C0C0C;
    794D : 818181;
    794E : FFFFFF;
    794F : 8C8C8C;
    7950 : 1E1E1E;
    7951 : 111111;
    7952 : 1A1A1A;
    7953 : 292929;
    7954 : 222222;
    7955 : 191919;
    7956 : 181818;
    7957 : 151515;
    7958 : 252525;
    7959 : 1A1A1A;
    795A : 1E1E1E;
    795B : 1D1D1D;
    795C : 1F1F1F;
    795D : 1C1C1C;
    795E : 202020;
    795F : CACACA;
    7960 : FFFFFF;
    7961 : D6D6D6;
    7962 : 464646;
    7963 : AFAFAF;
    7964 : FFFFFF;
    7965 : E4E4E4;
    7966 : 969696;
    7967 : F9F9F9;
    7968 : 7A7A7A;
    7969 : 858585;
    796A : 252525;
    796B : 080808;
    796C : 0F0F0F;
    796D : A1A1A1;
    796E : FAFAFA;
    796F : FFFFFF;
    7970 : 767676;
    7971 : 363636;
    7972 : 303030;
    7973 : 212121;
    7974 : 0E0E0E;
    7975 : 070707;
    7976 : 292929;
    7977 : 171717;
    7978 : 0B0B0B;
    7979 : 030303;
    797A : 101010;
    797B : 0A0A0A;
    797C : 191919;
    797D : 242424;
    797E : 181818;
    797F : 131313;
    7980 : 333333;
    7981 : 323232;
    7982 : 323232;
    7983 : 3B3B3B;
    7984 : 4A4A4A;
    7985 : 444444;
    7986 : 343434;
    7987 : 383838;
    7988 : 363636;
    7989 : 444444;
    798A : 2B2B2B;
    798B : 393939;
    798C : 2D2D2D;
    798D : 171717;
    798E : BABABA;
    798F : F8F8F8;
    7990 : AFAFAF;
    7991 : 4D4D4D;
    7992 : D1D1D1;
    7993 : FFFFFF;
    7994 : F1F1F1;
    7995 : A5A5A5;
    7996 : 2E2E2E;
    7997 : 343434;
    7998 : 2A2A2A;
    7999 : 151515;
    799A : B7B7B7;
    799B : F2F2F2;
    799C : F2F2F2;
    799D : D1D1D1;
    799E : 252525;
    799F : 484848;
    79A0 : 2B2B2B;
    79A1 : 303030;
    79A2 : 3B3B3B;
    79A3 : 323232;
    79A4 : 262626;
    79A5 : 333333;
    79A6 : 323232;
    79A7 : 323232;
    79A8 : 373737;
    79A9 : 2B2B2B;
    79AA : 323232;
    79AB : 323232;
    79AC : 1D1D1D;
    79AD : 2B2B2B;
    79AE : 151515;
    79AF : 3C3C3C;
    79B0 : FFFFFF;
    79B1 : ECECEC;
    79B2 : E7E7E7;
    79B3 : FEFEFE;
    79B4 : EFEFEF;
    79B5 : EEEEEE;
    79B6 : FFFFFF;
    79B7 : E7E7E7;
    79B8 : F2F2F2;
    79B9 : F2F2F2;
    79BA : F2F2F2;
    79BB : F2F2F2;
    79BC : F2F2F2;
    79BD : F2F2F2;
    79BE : F2F2F2;
    79BF : F2F2F2;
    79C0 : F2F2F2;
    79C1 : F2F2F2;
    79C2 : F2F2F2;
    79C3 : F2F2F2;
    79C4 : F2F2F2;
    79C5 : F2F2F2;
    79C6 : F2F2F2;
    79C7 : F2F2F2;
    79C8 : F2F2F2;
    79C9 : F2F2F2;
    79CA : F2F2F2;
    79CB : F2F2F2;
    79CC : F2F2F2;
    79CD : F2F2F2;
    79CE : F2F2F2;
    79CF : F2F2F2;
    79D0 : F2F2F2;
    79D1 : F2F2F2;
    79D2 : F2F2F2;
    79D3 : F2F2F2;
    79D4 : F2F2F2;
    79D5 : F2F2F2;
    79D6 : F2F2F2;
    79D7 : F2F2F2;
    79D8 : F2F2F2;
    79D9 : F2F2F2;
    79DA : F2F2F2;
    79DB : F2F2F2;
    79DC : F2F2F2;
    79DD : F2F2F2;
    79DE : F2F2F2;
    79DF : F2F2F2;
    79E0 : F2F2F2;
    79E1 : F2F2F2;
    79E2 : F2F2F2;
    79E3 : F2F2F2;
    79E4 : F2F2F2;
    79E5 : F2F2F2;
    79E6 : F2F2F2;
    79E7 : F2F2F2;
    79E8 : F2F2F2;
    79E9 : F2F2F2;
    79EA : F2F2F2;
    79EB : F2F2F2;
    79EC : F2F2F2;
    79ED : F2F2F2;
    79EE : F2F2F2;
    79EF : F2F2F2;
    79F0 : F2F2F2;
    79F1 : F2F2F2;
    79F2 : F2F2F2;
    79F3 : F2F2F2;
    79F4 : F2F2F2;
    79F5 : F2F2F2;
    79F6 : F2F2F2;
    79F7 : F2F2F2;
    79F8 : F2F2F2;
    79F9 : F2F2F2;
    79FA : F2F2F2;
    79FB : F2F2F2;
    79FC : F2F2F2;
    79FD : F2F2F2;
    79FE : F2F2F2;
    79FF : F2F2F2;
    7A00 : F2F2F2;
    7A01 : F2F2F2;
    7A02 : F2F2F2;
    7A03 : F2F2F2;
    7A04 : F2F2F2;
    7A05 : F2F2F2;
    7A06 : F2F2F2;
    7A07 : F2F2F2;
    7A08 : EFEFEF;
    7A09 : FDFDFD;
    7A0A : F9F9F9;
    7A0B : DEDEDE;
    7A0C : FDFDFD;
    7A0D : EDEDED;
    7A0E : F9F9F9;
    7A0F : CCCCCC;
    7A10 : 161616;
    7A11 : 1A1A1A;
    7A12 : 2F2F2F;
    7A13 : 0D0D0D;
    7A14 : 070707;
    7A15 : 4E4E4E;
    7A16 : FFFFFF;
    7A17 : B0B0B0;
    7A18 : 141414;
    7A19 : 1A1A1A;
    7A1A : 252525;
    7A1B : 272727;
    7A1C : 1D1D1D;
    7A1D : 191919;
    7A1E : 202020;
    7A1F : 272727;
    7A20 : 111111;
    7A21 : 1D1D1D;
    7A22 : 191919;
    7A23 : 1F1F1F;
    7A24 : 232323;
    7A25 : 1D1D1D;
    7A26 : 161616;
    7A27 : 838383;
    7A28 : FFFFFF;
    7A29 : FAFAFA;
    7A2A : 808080;
    7A2B : 0D0D0D;
    7A2C : B0B0B0;
    7A2D : F2F2F2;
    7A2E : FFFFFF;
    7A2F : EFEFEF;
    7A30 : A5A5A5;
    7A31 : 3E3E3E;
    7A32 : 919191;
    7A33 : 000000;
    7A34 : 3B3B3B;
    7A35 : 959595;
    7A36 : C9C9C9;
    7A37 : FEFEFE;
    7A38 : 575757;
    7A39 : 292929;
    7A3A : 303030;
    7A3B : 242424;
    7A3C : 090909;
    7A3D : 111111;
    7A3E : 2D2D2D;
    7A3F : 090909;
    7A40 : 0D0D0D;
    7A41 : 070707;
    7A42 : 0B0B0B;
    7A43 : 040404;
    7A44 : 212121;
    7A45 : 0F0F0F;
    7A46 : 393939;
    7A47 : 3A3A3A;
    7A48 : 252525;
    7A49 : 313131;
    7A4A : 2C2C2C;
    7A4B : 282828;
    7A4C : 2F2F2F;
    7A4D : 353535;
    7A4E : 303030;
    7A4F : 222222;
    7A50 : 1C1C1C;
    7A51 : 1F1F1F;
    7A52 : 393939;
    7A53 : 454545;
    7A54 : 050505;
    7A55 : 343434;
    7A56 : 707070;
    7A57 : 7B7B7B;
    7A58 : 818181;
    7A59 : EEEEEE;
    7A5A : FFFFFF;
    7A5B : EBEBEB;
    7A5C : 626262;
    7A5D : 242424;
    7A5E : 3C3C3C;
    7A5F : 1F1F1F;
    7A60 : 444444;
    7A61 : C7C7C7;
    7A62 : E7E7E7;
    7A63 : F7F7F7;
    7A64 : FFFFFF;
    7A65 : 727272;
    7A66 : 5E5E5E;
    7A67 : EBEBEB;
    7A68 : 535353;
    7A69 : 323232;
    7A6A : 363636;
    7A6B : 2D2D2D;
    7A6C : 282828;
    7A6D : 303030;
    7A6E : 2A2A2A;
    7A6F : 292929;
    7A70 : 2C2C2C;
    7A71 : 090909;
    7A72 : 3B3B3B;
    7A73 : 2D2D2D;
    7A74 : 202020;
    7A75 : 2D2D2D;
    7A76 : 000000;
    7A77 : 8A8A8A;
    7A78 : FCFCFC;
    7A79 : EBEBEB;
    7A7A : F5F5F5;
    7A7B : EEEEEE;
    7A7C : E9E9E9;
    7A7D : F9F9F9;
    7A7E : F6F6F6;
    7A7F : F2F2F2;
    7A80 : F2F2F2;
    7A81 : F2F2F2;
    7A82 : F2F2F2;
    7A83 : F2F2F2;
    7A84 : F2F2F2;
    7A85 : F2F2F2;
    7A86 : F2F2F2;
    7A87 : F2F2F2;
    7A88 : F2F2F2;
    7A89 : F2F2F2;
    7A8A : F2F2F2;
    7A8B : F2F2F2;
    7A8C : F2F2F2;
    7A8D : F2F2F2;
    7A8E : F2F2F2;
    7A8F : F2F2F2;
    7A90 : F2F2F2;
    7A91 : F2F2F2;
    7A92 : F2F2F2;
    7A93 : F2F2F2;
    7A94 : F2F2F2;
    7A95 : F2F2F2;
    7A96 : F2F2F2;
    7A97 : F2F2F2;
    7A98 : F2F2F2;
    7A99 : F2F2F2;
    7A9A : F2F2F2;
    7A9B : F2F2F2;
    7A9C : F2F2F2;
    7A9D : F2F2F2;
    7A9E : F2F2F2;
    7A9F : F2F2F2;
    7AA0 : F2F2F2;
    7AA1 : F2F2F2;
    7AA2 : F2F2F2;
    7AA3 : F2F2F2;
    7AA4 : F2F2F2;
    7AA5 : F2F2F2;
    7AA6 : F2F2F2;
    7AA7 : F2F2F2;
    7AA8 : F2F2F2;
    7AA9 : F2F2F2;
    7AAA : F2F2F2;
    7AAB : F2F2F2;
    7AAC : F2F2F2;
    7AAD : F2F2F2;
    7AAE : F2F2F2;
    7AAF : F2F2F2;
    7AB0 : F2F2F2;
    7AB1 : F2F2F2;
    7AB2 : F2F2F2;
    7AB3 : F2F2F2;
    7AB4 : F2F2F2;
    7AB5 : F2F2F2;
    7AB6 : F2F2F2;
    7AB7 : F2F2F2;
    7AB8 : F2F2F2;
    7AB9 : F2F2F2;
    7ABA : F2F2F2;
    7ABB : F2F2F2;
    7ABC : F2F2F2;
    7ABD : F2F2F2;
    7ABE : F2F2F2;
    7ABF : F2F2F2;
    7AC0 : F2F2F2;
    7AC1 : F2F2F2;
    7AC2 : F2F2F2;
    7AC3 : F2F2F2;
    7AC4 : F2F2F2;
    7AC5 : F2F2F2;
    7AC6 : F2F2F2;
    7AC7 : F2F2F2;
    7AC8 : F2F2F2;
    7AC9 : F2F2F2;
    7ACA : F2F2F2;
    7ACB : F2F2F2;
    7ACC : F2F2F2;
    7ACD : F2F2F2;
    7ACE : F2F2F2;
    7ACF : F2F2F2;
    7AD0 : F3F3F3;
    7AD1 : ECECEC;
    7AD2 : F1F1F1;
    7AD3 : EFEFEF;
    7AD4 : F6F6F6;
    7AD5 : F4F4F4;
    7AD6 : EDEDED;
    7AD7 : FFFFFF;
    7AD8 : A0A0A0;
    7AD9 : 101010;
    7ADA : 232323;
    7ADB : 131313;
    7ADC : 000000;
    7ADD : 323232;
    7ADE : EAEAEA;
    7ADF : D1D1D1;
    7AE0 : 161616;
    7AE1 : 282828;
    7AE2 : 222222;
    7AE3 : 151515;
    7AE4 : 1E1E1E;
    7AE5 : 272727;
    7AE6 : 1F1F1F;
    7AE7 : 181818;
    7AE8 : 232323;
    7AE9 : 1D1D1D;
    7AEA : 1B1B1B;
    7AEB : 252525;
    7AEC : 1F1F1F;
    7AED : 161616;
    7AEE : 171717;
    7AEF : 424242;
    7AF0 : E7E7E7;
    7AF1 : F4F4F4;
    7AF2 : D7D7D7;
    7AF3 : 292929;
    7AF4 : 111111;
    7AF5 : 7F7F7F;
    7AF6 : FEFEFE;
    7AF7 : F3F3F3;
    7AF8 : D7D7D7;
    7AF9 : 0C0C0C;
    7AFA : 989898;
    7AFB : 717171;
    7AFC : 616161;
    7AFD : 5D5D5D;
    7AFE : A3A3A3;
    7AFF : ECECEC;
    7B00 : 4B4B4B;
    7B01 : 2F2F2F;
    7B02 : 343434;
    7B03 : 222222;
    7B04 : 010101;
    7B05 : 151515;
    7B06 : 303030;
    7B07 : 0C0C0C;
    7B08 : 070707;
    7B09 : 0D0D0D;
    7B0A : 0A0A0A;
    7B0B : 060606;
    7B0C : 222222;
    7B0D : 1E1E1E;
    7B0E : 6D6D6D;
    7B0F : 808080;
    7B10 : 5A5A5A;
    7B11 : 515151;
    7B12 : 525252;
    7B13 : 5B5B5B;
    7B14 : 3A3A3A;
    7B15 : 1C1C1C;
    7B16 : 373737;
    7B17 : 4D4D4D;
    7B18 : 4B4B4B;
    7B19 : 3E3E3E;
    7B1A : 5C5C5C;
    7B1B : 323232;
    7B1C : 151515;
    7B1D : 1A1A1A;
    7B1E : 030303;
    7B1F : 060606;
    7B20 : 353535;
    7B21 : A5A5A5;
    7B22 : C2C2C2;
    7B23 : 404040;
    7B24 : 343434;
    7B25 : 383838;
    7B26 : 262626;
    7B27 : 707070;
    7B28 : D4D4D4;
    7B29 : FFFFFF;
    7B2A : FFFFFF;
    7B2B : D9D9D9;
    7B2C : 757575;
    7B2D : 121212;
    7B2E : D3D3D3;
    7B2F : F8F8F8;
    7B30 : FFFFFF;
    7B31 : 616161;
    7B32 : 232323;
    7B33 : 252525;
    7B34 : 383838;
    7B35 : 353535;
    7B36 : 2C2C2C;
    7B37 : 303030;
    7B38 : 2E2E2E;
    7B39 : 3E3E3E;
    7B3A : 2D2D2D;
    7B3B : 161616;
    7B3C : 303030;
    7B3D : 000000;
    7B3E : 454545;
    7B3F : FFFFFF;
    7B40 : EDEDED;
    7B41 : E9E9E9;
    7B42 : FDFDFD;
    7B43 : EDEDED;
    7B44 : EEEEEE;
    7B45 : FCFCFC;
    7B46 : E9E9E9;
    7B47 : F6F6F6;
    7B48 : F2F2F2;
    7B49 : F2F2F2;
    7B4A : F2F2F2;
    7B4B : F2F2F2;
    7B4C : F2F2F2;
    7B4D : F2F2F2;
    7B4E : F2F2F2;
    7B4F : F2F2F2;
    7B50 : F2F2F2;
    7B51 : F2F2F2;
    7B52 : F2F2F2;
    7B53 : F2F2F2;
    7B54 : F2F2F2;
    7B55 : F2F2F2;
    7B56 : F2F2F2;
    7B57 : F2F2F2;
    7B58 : F2F2F2;
    7B59 : F2F2F2;
    7B5A : F2F2F2;
    7B5B : F2F2F2;
    7B5C : F2F2F2;
    7B5D : F2F2F2;
    7B5E : F2F2F2;
    7B5F : F2F2F2;
    7B60 : F2F2F2;
    7B61 : F2F2F2;
    7B62 : F2F2F2;
    7B63 : F2F2F2;
    7B64 : F2F2F2;
    7B65 : F2F2F2;
    7B66 : F2F2F2;
    7B67 : F2F2F2;
    7B68 : F2F2F2;
    7B69 : F2F2F2;
    7B6A : F2F2F2;
    7B6B : F2F2F2;
    7B6C : F2F2F2;
    7B6D : F2F2F2;
    7B6E : F2F2F2;
    7B6F : F2F2F2;
    7B70 : F2F2F2;
    7B71 : F2F2F2;
    7B72 : F2F2F2;
    7B73 : F2F2F2;
    7B74 : F2F2F2;
    7B75 : F2F2F2;
    7B76 : F2F2F2;
    7B77 : F2F2F2;
    7B78 : F2F2F2;
    7B79 : F2F2F2;
    7B7A : F2F2F2;
    7B7B : F2F2F2;
    7B7C : F2F2F2;
    7B7D : F2F2F2;
    7B7E : F2F2F2;
    7B7F : F2F2F2;
    7B80 : F2F2F2;
    7B81 : F2F2F2;
    7B82 : F2F2F2;
    7B83 : F2F2F2;
    7B84 : F2F2F2;
    7B85 : F2F2F2;
    7B86 : F2F2F2;
    7B87 : F2F2F2;
    7B88 : F2F2F2;
    7B89 : F2F2F2;
    7B8A : F2F2F2;
    7B8B : F2F2F2;
    7B8C : F2F2F2;
    7B8D : F2F2F2;
    7B8E : F2F2F2;
    7B8F : F2F2F2;
    7B90 : F2F2F2;
    7B91 : F2F2F2;
    7B92 : F2F2F2;
    7B93 : F2F2F2;
    7B94 : F2F2F2;
    7B95 : F2F2F2;
    7B96 : F2F2F2;
    7B97 : F2F2F2;
    7B98 : EEEEEE;
    7B99 : E8E8E8;
    7B9A : E4E4E4;
    7B9B : FFFFFF;
    7B9C : EBEBEB;
    7B9D : E8E8E8;
    7B9E : F7F7F7;
    7B9F : E3E3E3;
    7BA0 : FFFFFF;
    7BA1 : 858585;
    7BA2 : 080808;
    7BA3 : 181818;
    7BA4 : 101010;
    7BA5 : 020202;
    7BA6 : A6A6A6;
    7BA7 : 7D7D7D;
    7BA8 : 0D0D0D;
    7BA9 : 252525;
    7BAA : 1E1E1E;
    7BAB : 1B1B1B;
    7BAC : 2A2A2A;
    7BAD : 1A1A1A;
    7BAE : 0A0A0A;
    7BAF : 212121;
    7BB0 : 8A8A8A;
    7BB1 : 272727;
    7BB2 : 191919;
    7BB3 : 222222;
    7BB4 : 1B1B1B;
    7BB5 : 171717;
    7BB6 : 1C1C1C;
    7BB7 : 191919;
    7BB8 : BEBEBE;
    7BB9 : FFFFFF;
    7BBA : FFFFFF;
    7BBB : 4A4A4A;
    7BBC : 171717;
    7BBD : 121212;
    7BBE : 7F7F7F;
    7BBF : FCFCFC;
    7BC0 : CCCCCC;
    7BC1 : 2A2A2A;
    7BC2 : 262626;
    7BC3 : E0E0E0;
    7BC4 : 5E5E5E;
    7BC5 : 7E7E7E;
    7BC6 : 7A7A7A;
    7BC7 : 888888;
    7BC8 : 424242;
    7BC9 : 313131;
    7BCA : 333333;
    7BCB : 202020;
    7BCC : 000000;
    7BCD : 111111;
    7BCE : 2B2B2B;
    7BCF : 151515;
    7BD0 : 010101;
    7BD1 : 0E0E0E;
    7BD2 : 0A0A0A;
    7BD3 : 0C0C0C;
    7BD4 : 1F1F1F;
    7BD5 : 474747;
    7BD6 : 6A6A6A;
    7BD7 : 727272;
    7BD8 : 808080;
    7BD9 : 727272;
    7BDA : 797979;
    7BDB : 7E7E7E;
    7BDC : 3D3D3D;
    7BDD : 1D1D1D;
    7BDE : 5B5B5B;
    7BDF : 808080;
    7BE0 : 747474;
    7BE1 : 616161;
    7BE2 : 575757;
    7BE3 : 0E0E0E;
    7BE4 : 2C2C2C;
    7BE5 : 101010;
    7BE6 : 242424;
    7BE7 : 2E2E2E;
    7BE8 : 0F0F0F;
    7BE9 : 000000;
    7BEA : 292929;
    7BEB : 272727;
    7BEC : 303030;
    7BED : 353535;
    7BEE : 999999;
    7BEF : FFFFFF;
    7BF0 : FCFCFC;
    7BF1 : FBFBFB;
    7BF2 : D7D7D7;
    7BF3 : 5E5E5E;
    7BF4 : 0D0D0D;
    7BF5 : 686868;
    7BF6 : FFFFFF;
    7BF7 : EFEFEF;
    7BF8 : CACACA;
    7BF9 : 353535;
    7BFA : 2C2C2C;
    7BFB : 3C3C3C;
    7BFC : 393939;
    7BFD : 272727;
    7BFE : 222222;
    7BFF : 242424;
    7C00 : 2A2A2A;
    7C01 : 303030;
    7C02 : 262626;
    7C03 : 2B2B2B;
    7C04 : 0C0C0C;
    7C05 : 1A1A1A;
    7C06 : CDCDCD;
    7C07 : F1F1F1;
    7C08 : FBFBFB;
    7C09 : E5E5E5;
    7C0A : EDEDED;
    7C0B : F9F9F9;
    7C0C : F4F4F4;
    7C0D : F1F1F1;
    7C0E : F0F0F0;
    7C0F : F0F0F0;
    7C10 : F2F2F2;
    7C11 : F2F2F2;
    7C12 : F2F2F2;
    7C13 : F2F2F2;
    7C14 : F2F2F2;
    7C15 : F2F2F2;
    7C16 : F2F2F2;
    7C17 : F2F2F2;
    7C18 : F2F2F2;
    7C19 : F2F2F2;
    7C1A : F2F2F2;
    7C1B : F2F2F2;
    7C1C : F2F2F2;
    7C1D : F2F2F2;
    7C1E : F2F2F2;
    7C1F : F2F2F2;
    7C20 : F2F2F2;
    7C21 : F2F2F2;
    7C22 : F2F2F2;
    7C23 : F2F2F2;
    7C24 : F2F2F2;
    7C25 : F2F2F2;
    7C26 : F2F2F2;
    7C27 : F2F2F2;
    7C28 : F2F2F2;
    7C29 : F2F2F2;
    7C2A : F2F2F2;
    7C2B : F2F2F2;
    7C2C : F2F2F2;
    7C2D : F2F2F2;
    7C2E : F2F2F2;
    7C2F : F2F2F2;
    7C30 : F2F2F2;
    7C31 : F2F2F2;
    7C32 : F2F2F2;
    7C33 : F2F2F2;
    7C34 : F2F2F2;
    7C35 : F2F2F2;
    7C36 : F2F2F2;
    7C37 : F2F2F2;
    7C38 : F2F2F2;
    7C39 : F2F2F2;
    7C3A : F2F2F2;
    7C3B : F2F2F2;
    7C3C : F2F2F2;
    7C3D : F2F2F2;
    7C3E : F2F2F2;
    7C3F : F2F2F2;
    7C40 : F2F2F2;
    7C41 : F2F2F2;
    7C42 : F2F2F2;
    7C43 : F2F2F2;
    7C44 : F2F2F2;
    7C45 : F2F2F2;
    7C46 : F2F2F2;
    7C47 : F2F2F2;
    7C48 : F2F2F2;
    7C49 : F2F2F2;
    7C4A : F2F2F2;
    7C4B : F2F2F2;
    7C4C : F2F2F2;
    7C4D : F2F2F2;
    7C4E : F2F2F2;
    7C4F : F2F2F2;
    7C50 : F2F2F2;
    7C51 : F2F2F2;
    7C52 : F2F2F2;
    7C53 : F2F2F2;
    7C54 : F2F2F2;
    7C55 : F2F2F2;
    7C56 : F2F2F2;
    7C57 : F2F2F2;
    7C58 : F2F2F2;
    7C59 : F2F2F2;
    7C5A : F2F2F2;
    7C5B : F2F2F2;
    7C5C : F2F2F2;
    7C5D : F2F2F2;
    7C5E : F2F2F2;
    7C5F : F2F2F2;
    7C60 : EEEEEE;
    7C61 : FBFBFB;
    7C62 : F4F4F4;
    7C63 : E8E8E8;
    7C64 : F1F1F1;
    7C65 : F6F6F6;
    7C66 : F4F4F4;
    7C67 : F3F3F3;
    7C68 : F6F6F6;
    7C69 : E4E4E4;
    7C6A : 4F4F4F;
    7C6B : 000000;
    7C6C : 040404;
    7C6D : 101010;
    7C6E : 212121;
    7C6F : 000000;
    7C70 : 0E0E0E;
    7C71 : 1E1E1E;
    7C72 : 151515;
    7C73 : 171717;
    7C74 : 1E1E1E;
    7C75 : 111111;
    7C76 : 555555;
    7C77 : E0E0E0;
    7C78 : FCFCFC;
    7C79 : 363636;
    7C7A : 131313;
    7C7B : 181818;
    7C7C : 1A1A1A;
    7C7D : 202020;
    7C7E : 202020;
    7C7F : 0A0A0A;
    7C80 : 767676;
    7C81 : EAEAEA;
    7C82 : FDFDFD;
    7C83 : BBBBBB;
    7C84 : 141414;
    7C85 : 141414;
    7C86 : 111111;
    7C87 : 8E8E8E;
    7C88 : 8D8D8D;
    7C89 : 090909;
    7C8A : 232323;
    7C8B : 666666;
    7C8C : 4A4A4A;
    7C8D : 4B4B4B;
    7C8E : 7F7F7F;
    7C8F : 5D5D5B;
    7C90 : 1E1E1C;
    7C91 : 1B1B19;
    7C92 : 292927;
    7C93 : 262624;
    7C94 : 060604;
    7C95 : 10100E;
    7C96 : 21211F;
    7C97 : 121212;
    7C98 : 040404;
    7C99 : 0F0F0F;
    7C9A : 08080A;
    7C9B : 101010;
    7C9C : 171717;
    7C9D : 606060;
    7C9E : 323232;
    7C9F : 1B1B1B;
    7CA0 : 575556;
    7CA1 : 777674;
    7CA2 : 81807E;
    7CA3 : 565553;
    7CA4 : 12110F;
    7CA5 : 343331;
    7CA6 : 8A8987;
    7CA7 : 7D7C7A;
    7CA8 : 363533;
    7CA9 : 343432;
    7CAA : 474745;
    7CAB : 282826;
    7CAC : 252523;
    7CAD : 323230;
    7CAE : 151513;
    7CAF : 1E1E1C;
    7CB0 : 2F2F2D;
    7CB1 : 313131;
    7CB2 : 000000;
    7CB3 : 171717;
    7CB4 : 353535;
    7CB5 : B7B9B8;
    7CB6 : FEFFFF;
    7CB7 : FEFFFF;
    7CB8 : EFEFEF;
    7CB9 : 959595;
    7CBA : 1B1B1B;
    7CBB : 242424;
    7CBC : 383838;
    7CBD : C7C7C7;
    7CBE : EAEAEA;
    7CBF : FFFFFF;
    7CC0 : 797979;
    7CC1 : 171717;
    7CC2 : 343434;
    7CC3 : 272727;
    7CC4 : 141414;
    7CC5 : 272727;
    7CC6 : 3D3D3D;
    7CC7 : 2D2D2D;
    7CC8 : 2E2E2E;
    7CC9 : 272727;
    7CCA : 343434;
    7CCB : 0A0A0A;
    7CCC : 141414;
    7CCD : C4C4C4;
    7CCE : FFFFFF;
    7CCF : F2F2F2;
    7CD0 : E8E8E8;
    7CD1 : FFFFFF;
    7CD2 : EDEDED;
    7CD3 : ECECEC;
    7CD4 : F4F4F4;
    7CD5 : E8E8E8;
    7CD6 : F4F4F4;
    7CD7 : F3F3F3;
    7CD8 : F2F2F2;
    7CD9 : F2F2F2;
    7CDA : F2F2F2;
    7CDB : F2F2F2;
    7CDC : F2F2F2;
    7CDD : F2F2F2;
    7CDE : F2F2F2;
    7CDF : F2F2F2;
    7CE0 : F2F2F2;
    7CE1 : F2F2F2;
    7CE2 : F2F2F2;
    7CE3 : F2F2F2;
    7CE4 : F2F2F2;
    7CE5 : F2F2F2;
    7CE6 : F2F2F2;
    7CE7 : F2F2F2;
    7CE8 : F2F2F2;
    7CE9 : F2F2F2;
    7CEA : F2F2F2;
    7CEB : F2F2F2;
    7CEC : F2F2F2;
    7CED : F2F2F2;
    7CEE : F2F2F2;
    7CEF : F2F2F2;
    7CF0 : F2F2F2;
    7CF1 : F2F2F2;
    7CF2 : F2F2F2;
    7CF3 : F2F2F2;
    7CF4 : F2F2F2;
    7CF5 : F2F2F2;
    7CF6 : F2F2F2;
    7CF7 : F2F2F2;
    7CF8 : F2F2F2;
    7CF9 : F2F2F2;
    7CFA : F2F2F2;
    7CFB : F2F2F2;
    7CFC : F2F2F2;
    7CFD : F2F2F2;
    7CFE : F2F2F2;
    7CFF : F2F2F2;
    7D00 : F2F2F2;
    7D01 : F2F2F2;
    7D02 : F2F2F2;
    7D03 : F2F2F2;
    7D04 : F2F2F2;
    7D05 : F2F2F2;
    7D06 : F2F2F2;
    7D07 : F2F2F2;
    7D08 : F2F2F2;
    7D09 : F2F2F2;
    7D0A : F2F2F2;
    7D0B : F2F2F2;
    7D0C : F2F2F2;
    7D0D : F2F2F2;
    7D0E : F2F2F2;
    7D0F : F2F2F2;
    7D10 : F2F2F2;
    7D11 : F2F2F2;
    7D12 : F2F2F2;
    7D13 : F2F2F2;
    7D14 : F2F2F2;
    7D15 : F2F2F2;
    7D16 : F2F2F2;
    7D17 : F2F2F2;
    7D18 : F2F2F2;
    7D19 : F2F2F2;
    7D1A : F2F2F2;
    7D1B : F2F2F2;
    7D1C : F2F2F2;
    7D1D : F2F2F2;
    7D1E : F2F2F2;
    7D1F : F2F2F2;
    7D20 : F2F2F2;
    7D21 : F2F2F2;
    7D22 : F2F2F2;
    7D23 : F2F2F2;
    7D24 : F2F2F2;
    7D25 : F2F2F2;
    7D26 : F2F2F2;
    7D27 : F2F2F2;
    7D28 : F2F2F2;
    7D29 : F2F2F2;
    7D2A : F2F2F2;
    7D2B : F2F2F2;
    7D2C : F2F2F2;
    7D2D : F2F2F2;
    7D2E : F2F2F2;
    7D2F : F2F2F2;
    7D30 : E5E5E5;
    7D31 : FEFEFE;
    7D32 : DCDCDC;
    7D33 : 222222;
    7D34 : 0A0A0A;
    7D35 : 0B0B0B;
    7D36 : 0B0B0B;
    7D37 : 111111;
    7D38 : 000000;
    7D39 : 2F2F2F;
    7D3A : 222222;
    7D3B : 141414;
    7D3C : 272727;
    7D3D : 111111;
    7D3E : 818181;
    7D3F : FDFDFD;
    7D40 : E8E8E8;
    7D41 : 3C3C3C;
    7D42 : 0E0E0E;
    7D43 : 171717;
    7D44 : 202020;
    7D45 : 121212;
    7D46 : 1B1B1B;
    7D47 : 1A1A1A;
    7D48 : 2F2F2F;
    7D49 : E8E8E8;
    7D4A : F0F0F0;
    7D4B : F9F9F9;
    7D4C : 303030;
    7D4D : 181818;
    7D4E : 111111;
    7D4F : 040404;
    7D50 : 121315;
    7D51 : 232426;
    7D52 : 1A1C1B;
    7D53 : 060807;
    7D54 : 060604;
    7D55 : 191917;
    7D56 : 636260;
    7D57 : 585753;
    7D58 : 080703;
    7D59 : 24231F;
    7D5A : 4C4B47;
    7D5B : 0E0D09;
    7D5C : 000100;
    7D5D : 32332E;
    7D5E : 23241F;
    7D5F : 090907;
    7D60 : 040507;
    7D61 : 17181A;
    7D62 : 010206;
    7D63 : 0D0E10;
    7D64 : 252527;
    7D65 : 404042;
    7D66 : 242223;
    7D67 : 141213;
    7D68 : 3A3635;
    7D69 : 736F6C;
    7D6A : 7A7572;
    7D6B : 514C49;
    7D6C : 0E0603;
    7D6D : 6B6360;
    7D6E : 726B65;
    7D6F : 2D2824;
    7D70 : 2C2825;
    7D71 : FFFFFB;
    7D72 : FDFCF8;
    7D73 : 84837F;
    7D74 : 1F1E1A;
    7D75 : 34332F;
    7D76 : 2A2925;
    7D77 : 171612;
    7D78 : 151410;
    7D79 : 2B2B29;
    7D7A : 282826;
    7D7B : 10120F;
    7D7C : 070908;
    7D7D : 2B2F2E;
    7D7E : B4B8B9;
    7D7F : CFD3D4;
    7D80 : 4C4E4D;
    7D81 : 252525;
    7D82 : 222222;
    7D83 : 373737;
    7D84 : 686868;
    7D85 : F4F4F4;
    7D86 : F7F7F7;
    7D87 : BABABA;
    7D88 : 1C1C1C;
    7D89 : 242424;
    7D8A : 3A3A3A;
    7D8B : 5D5D5D;
    7D8C : 6E6E6E;
    7D8D : 373737;
    7D8E : 303030;
    7D8F : 333333;
    7D90 : 2B2B2B;
    7D91 : 2A2A2A;
    7D92 : 131313;
    7D93 : 0E0E0E;
    7D94 : A7A7A7;
    7D95 : FFFFFF;
    7D96 : E2E2E2;
    7D97 : F2F2F2;
    7D98 : F2F2F2;
    7D99 : F2F2F2;
    7D9A : F2F2F2;
    7D9B : F2F2F2;
    7D9C : F2F2F2;
    7D9D : F2F2F2;
    7D9E : F2F2F2;
    7D9F : F2F2F2;
    7DA0 : F2F2F2;
    7DA1 : F2F2F2;
    7DA2 : F2F2F2;
    7DA3 : F2F2F2;
    7DA4 : F2F2F2;
    7DA5 : F2F2F2;
    7DA6 : F2F2F2;
    7DA7 : F2F2F2;
    7DA8 : F2F2F2;
    7DA9 : F2F2F2;
    7DAA : F2F2F2;
    7DAB : F2F2F2;
    7DAC : F2F2F2;
    7DAD : F2F2F2;
    7DAE : F2F2F2;
    7DAF : F2F2F2;
    7DB0 : F2F2F2;
    7DB1 : F2F2F2;
    7DB2 : F2F2F2;
    7DB3 : F2F2F2;
    7DB4 : F2F2F2;
    7DB5 : F2F2F2;
    7DB6 : F2F2F2;
    7DB7 : F2F2F2;
    7DB8 : F2F2F2;
    7DB9 : F2F2F2;
    7DBA : F2F2F2;
    7DBB : F2F2F2;
    7DBC : F2F2F2;
    7DBD : F2F2F2;
    7DBE : F2F2F2;
    7DBF : F2F2F2;
    7DC0 : F2F2F2;
    7DC1 : F2F2F2;
    7DC2 : F2F2F2;
    7DC3 : F2F2F2;
    7DC4 : F2F2F2;
    7DC5 : F2F2F2;
    7DC6 : F2F2F2;
    7DC7 : F2F2F2;
    7DC8 : F2F2F2;
    7DC9 : F2F2F2;
    7DCA : F2F2F2;
    7DCB : F2F2F2;
    7DCC : F2F2F2;
    7DCD : F2F2F2;
    7DCE : F2F2F2;
    7DCF : F2F2F2;
    7DD0 : F2F2F2;
    7DD1 : F2F2F2;
    7DD2 : F2F2F2;
    7DD3 : F2F2F2;
    7DD4 : F2F2F2;
    7DD5 : F2F2F2;
    7DD6 : F2F2F2;
    7DD7 : F2F2F2;
    7DD8 : F2F2F2;
    7DD9 : F2F2F2;
    7DDA : F2F2F2;
    7DDB : F2F2F2;
    7DDC : F2F2F2;
    7DDD : F2F2F2;
    7DDE : F2F2F2;
    7DDF : F2F2F2;
    7DE0 : F2F2F2;
    7DE1 : F2F2F2;
    7DE2 : F2F2F2;
    7DE3 : F2F2F2;
    7DE4 : F2F2F2;
    7DE5 : F2F2F2;
    7DE6 : F2F2F2;
    7DE7 : F2F2F2;
    7DE8 : F2F2F2;
    7DE9 : F2F2F2;
    7DEA : F2F2F2;
    7DEB : F2F2F2;
    7DEC : F2F2F2;
    7DED : F2F2F2;
    7DEE : F2F2F2;
    7DEF : F2F2F2;
    7DF0 : F2F2F2;
    7DF1 : F2F2F2;
    7DF2 : F2F2F2;
    7DF3 : F2F2F2;
    7DF4 : F2F2F2;
    7DF5 : F2F2F2;
    7DF6 : F2F2F2;
    7DF7 : F2F2F2;
    7DF8 : F6F6F6;
    7DF9 : F6F6F6;
    7DFA : DADADA;
    7DFB : 2A2A2A;
    7DFC : 050505;
    7DFD : 000000;
    7DFE : 121212;
    7DFF : 080808;
    7E00 : 161616;
    7E01 : 000000;
    7E02 : 0B0B0B;
    7E03 : 1F1F1F;
    7E04 : 0B0B0B;
    7E05 : 141414;
    7E06 : 656565;
    7E07 : FFFFFF;
    7E08 : EEEEEE;
    7E09 : 444444;
    7E0A : 1D1D1D;
    7E0B : 212121;
    7E0C : 232323;
    7E0D : 1B1B1B;
    7E0E : 1C1C1C;
    7E0F : 151515;
    7E10 : 010101;
    7E11 : CBCBCB;
    7E12 : F3F3F3;
    7E13 : A0A0A0;
    7E14 : 232323;
    7E15 : 080808;
    7E16 : 262626;
    7E17 : 141414;
    7E18 : 141517;
    7E19 : 0C1011;
    7E1A : 161817;
    7E1B : 161817;
    7E1C : 1F1F1D;
    7E1D : 070705;
    7E1E : 161511;
    7E1F : 24231F;
    7E20 : 010000;
    7E21 : 797873;
    7E22 : 64635F;
    7E23 : 161711;
    7E24 : 0D0E09;
    7E25 : 000100;
    7E26 : 343530;
    7E27 : 080A07;
    7E28 : 000203;
    7E29 : 000104;
    7E2A : 030408;
    7E2B : 26272B;
    7E2C : 3A3B3F;
    7E2D : 2F2F31;
    7E2E : 0B0B0D;
    7E2F : 131112;
    7E30 : 54504F;
    7E31 : 878382;
    7E32 : 7C7774;
    7E33 : 2D2825;
    7E34 : 1E1613;
    7E35 : 39312E;
    7E36 : 928A87;
    7E37 : 918C88;
    7E38 : 5B5A56;
    7E39 : 555450;
    7E3A : FDFCF8;
    7E3B : E3E2DD;
    7E3C : 373632;
    7E3D : 3A3934;
    7E3E : 2A2925;
    7E3F : 2D2C28;
    7E40 : 151410;
    7E41 : 12130E;
    7E42 : 111310;
    7E43 : 1D1F1C;
    7E44 : 1E2221;
    7E45 : 000201;
    7E46 : 25292A;
    7E47 : 303435;
    7E48 : 2E302F;
    7E49 : 333333;
    7E4A : 404040;
    7E4B : 181818;
    7E4C : B0B0B0;
    7E4D : FCFCFC;
    7E4E : FFFFFF;
    7E4F : 707070;
    7E50 : 717171;
    7E51 : B4B4B4;
    7E52 : E3E3E3;
    7E53 : FFFFFF;
    7E54 : FFFFFF;
    7E55 : 8E8E8E;
    7E56 : 252525;
    7E57 : 292929;
    7E58 : 242424;
    7E59 : 212121;
    7E5A : 000000;
    7E5B : 9C9C9C;
    7E5C : FFFFFF;
    7E5D : DDDDDD;
    7E5E : F1F1F1;
    7E5F : F5F5F5;
    7E60 : F2F2F2;
    7E61 : F2F2F2;
    7E62 : F2F2F2;
    7E63 : F2F2F2;
    7E64 : F2F2F2;
    7E65 : F2F2F2;
    7E66 : F2F2F2;
    7E67 : F2F2F2;
    7E68 : F2F2F2;
    7E69 : F2F2F2;
    7E6A : F2F2F2;
    7E6B : F2F2F2;
    7E6C : F2F2F2;
    7E6D : F2F2F2;
    7E6E : F2F2F2;
    7E6F : F2F2F2;
    7E70 : F2F2F2;
    7E71 : F2F2F2;
    7E72 : F2F2F2;
    7E73 : F2F2F2;
    7E74 : F2F2F2;
    7E75 : F2F2F2;
    7E76 : F2F2F2;
    7E77 : F2F2F2;
    7E78 : F2F2F2;
    7E79 : F2F2F2;
    7E7A : F2F2F2;
    7E7B : F2F2F2;
    7E7C : F2F2F2;
    7E7D : F2F2F2;
    7E7E : F2F2F2;
    7E7F : F2F2F2;
    7E80 : F2F2F2;
    7E81 : F2F2F2;
    7E82 : F2F2F2;
    7E83 : F2F2F2;
    7E84 : F2F2F2;
    7E85 : F2F2F2;
    7E86 : F2F2F2;
    7E87 : F2F2F2;
    7E88 : F2F2F2;
    7E89 : F2F2F2;
    7E8A : F2F2F2;
    7E8B : F2F2F2;
    7E8C : F2F2F2;
    7E8D : F2F2F2;
    7E8E : F2F2F2;
    7E8F : F2F2F2;
    7E90 : F2F2F2;
    7E91 : F2F2F2;
    7E92 : F2F2F2;
    7E93 : F2F2F2;
    7E94 : F2F2F2;
    7E95 : F2F2F2;
    7E96 : F2F2F2;
    7E97 : F2F2F2;
    7E98 : F2F2F2;
    7E99 : F2F2F2;
    7E9A : F2F2F2;
    7E9B : F2F2F2;
    7E9C : F2F2F2;
    7E9D : F2F2F2;
    7E9E : F2F2F2;
    7E9F : F2F2F2;
    7EA0 : F2F2F2;
    7EA1 : F2F2F2;
    7EA2 : F2F2F2;
    7EA3 : F2F2F2;
    7EA4 : F2F2F2;
    7EA5 : F2F2F2;
    7EA6 : F2F2F2;
    7EA7 : F2F2F2;
    7EA8 : F2F2F2;
    7EA9 : F2F2F2;
    7EAA : F2F2F2;
    7EAB : F2F2F2;
    7EAC : F2F2F2;
    7EAD : F2F2F2;
    7EAE : F2F2F2;
    7EAF : F2F2F2;
    7EB0 : F2F2F2;
    7EB1 : F2F2F2;
    7EB2 : F2F2F2;
    7EB3 : F2F2F2;
    7EB4 : F2F2F2;
    7EB5 : F2F2F2;
    7EB6 : F2F2F2;
    7EB7 : F2F2F2;
    7EB8 : F2F2F2;
    7EB9 : F2F2F2;
    7EBA : F2F2F2;
    7EBB : F2F2F2;
    7EBC : F2F2F2;
    7EBD : F2F2F2;
    7EBE : F2F2F2;
    7EBF : F2F2F2;
    7EC0 : F4F4F4;
    7EC1 : F7F7F7;
    7EC2 : 8F8F8F;
    7EC3 : 0C0C0C;
    7EC4 : 2C2C2C;
    7EC5 : 2F2F2F;
    7EC6 : 000000;
    7EC7 : 131313;
    7EC8 : 000000;
    7EC9 : 282828;
    7ECA : 1A1A1A;
    7ECB : 4E4E4E;
    7ECC : 131313;
    7ECD : 0A0A0A;
    7ECE : 5B5B5B;
    7ECF : EDEDED;
    7ED0 : F3F3F3;
    7ED1 : 3F3F3F;
    7ED2 : 131313;
    7ED3 : 141414;
    7ED4 : 131313;
    7ED5 : 1C1C1C;
    7ED6 : 1E1E1E;
    7ED7 : 1D1D1D;
    7ED8 : 161616;
    7ED9 : 5A5A5A;
    7EDA : 4F4F4F;
    7EDB : 0C0C0C;
    7EDC : 191919;
    7EDD : 101010;
    7EDE : 1E1E1E;
    7EDF : 161616;
    7EE0 : 1F2120;
    7EE1 : 1F2120;
    7EE2 : 282A29;
    7EE3 : 0C0E0D;
    7EE4 : 191917;
    7EE5 : 131311;
    7EE6 : 0D0D0B;
    7EE7 : 141412;
    7EE8 : 282826;
    7EE9 : 82837E;
    7EEA : 7B7B79;
    7EEB : 11130E;
    7EEC : 070906;
    7EED : 0E100D;
    7EEE : 1F211E;
    7EEF : 111312;
    7EF0 : 000407;
    7EF1 : 12151A;
    7EF2 : 101318;
    7EF3 : 0B0E13;
    7EF4 : 42454A;
    7EF5 : 313236;
    7EF6 : 141519;
    7EF7 : 5D5D5F;
    7EF8 : 818183;
    7EF9 : 6F6F71;
    7EFA : 494748;
    7EFB : 0D0B0C;
    7EFC : 0E0C0D;
    7EFD : 2B292A;
    7EFE : D7D5D6;
    7EFF : FFFFFD;
    7F00 : 8F8F8D;
    7F01 : 000000;
    7F02 : AFAFAD;
    7F03 : A9AAA5;
    7F04 : 0F0F0D;
    7F05 : 2B2C27;
    7F06 : 3E3E3C;
    7F07 : 363634;
    7F08 : 40403E;
    7F09 : 1C1C1A;
    7F0A : 10120F;
    7F0B : 252724;
    7F0C : 363837;
    7F0D : 080C0B;
    7F0E : 020605;
    7F0F : 1B1F1E;
    7F10 : 2F3130;
    7F11 : 282828;
    7F12 : 2B2B2B;
    7F13 : 7F7F7F;
    7F14 : FFFFFF;
    7F15 : EDEDED;
    7F16 : EEEEEE;
    7F17 : E7E7E7;
    7F18 : FFFFFF;
    7F19 : FFFFFF;
    7F1A : FCFCFC;
    7F1B : C2C2C2;
    7F1C : A9A9A9;
    7F1D : 696969;
    7F1E : 323232;
    7F1F : 212121;
    7F20 : 1B1B1B;
    7F21 : 000000;
    7F22 : 9B9B9B;
    7F23 : FFFFFF;
    7F24 : EEEEEE;
    7F25 : F3F3F3;
    7F26 : F0F0F0;
    7F27 : F3F3F3;
    7F28 : F2F2F2;
    7F29 : F2F2F2;
    7F2A : F2F2F2;
    7F2B : F2F2F2;
    7F2C : F2F2F2;
    7F2D : F2F2F2;
    7F2E : F2F2F2;
    7F2F : F2F2F2;
    7F30 : F2F2F2;
    7F31 : F2F2F2;
    7F32 : F2F2F2;
    7F33 : F2F2F2;
    7F34 : F2F2F2;
    7F35 : F2F2F2;
    7F36 : F2F2F2;
    7F37 : F2F2F2;
    7F38 : F2F2F2;
    7F39 : F2F2F2;
    7F3A : F2F2F2;
    7F3B : F2F2F2;
    7F3C : F2F2F2;
    7F3D : F2F2F2;
    7F3E : F2F2F2;
    7F3F : F2F2F2;
    7F40 : F2F2F2;
    7F41 : F2F2F2;
    7F42 : F2F2F2;
    7F43 : F2F2F2;
    7F44 : F2F2F2;
    7F45 : F2F2F2;
    7F46 : F2F2F2;
    7F47 : F2F2F2;
    7F48 : F2F2F2;
    7F49 : F2F2F2;
    7F4A : F2F2F2;
    7F4B : F2F2F2;
    7F4C : F2F2F2;
    7F4D : F2F2F2;
    7F4E : F2F2F2;
    7F4F : F2F2F2;
    7F50 : F2F2F2;
    7F51 : F2F2F2;
    7F52 : F2F2F2;
    7F53 : F2F2F2;
    7F54 : F2F2F2;
    7F55 : F2F2F2;
    7F56 : F2F2F2;
    7F57 : F2F2F2;
    7F58 : F2F2F2;
    7F59 : F2F2F2;
    7F5A : F2F2F2;
    7F5B : F2F2F2;
    7F5C : F2F2F2;
    7F5D : F2F2F2;
    7F5E : F2F2F2;
    7F5F : F2F2F2;
    7F60 : F2F2F2;
    7F61 : F2F2F2;
    7F62 : F2F2F2;
    7F63 : F2F2F2;
    7F64 : F2F2F2;
    7F65 : F2F2F2;
    7F66 : F2F2F2;
    7F67 : F2F2F2;
    7F68 : F2F2F2;
    7F69 : F2F2F2;
    7F6A : F2F2F2;
    7F6B : F2F2F2;
    7F6C : F2F2F2;
    7F6D : F2F2F2;
    7F6E : F2F2F2;
    7F6F : F2F2F2;
    7F70 : F2F2F2;
    7F71 : F2F2F2;
    7F72 : F2F2F2;
    7F73 : F2F2F2;
    7F74 : F2F2F2;
    7F75 : F2F2F2;
    7F76 : F2F2F2;
    7F77 : F2F2F2;
    7F78 : F2F2F2;
    7F79 : F2F2F2;
    7F7A : F2F2F2;
    7F7B : F2F2F2;
    7F7C : F2F2F2;
    7F7D : F2F2F2;
    7F7E : F2F2F2;
    7F7F : F2F2F2;
    7F80 : F2F2F2;
    7F81 : F2F2F2;
    7F82 : F2F2F2;
    7F83 : F2F2F2;
    7F84 : F2F2F2;
    7F85 : F2F2F2;
    7F86 : F2F2F2;
    7F87 : F2F2F2;
    7F88 : DEDEDE;
    7F89 : FFFFFF;
    7F8A : 686868;
    7F8B : 000000;
    7F8C : 3C3C3C;
    7F8D : CFCFCF;
    7F8E : 232323;
    7F8F : 050505;
    7F90 : 050505;
    7F91 : 000000;
    7F92 : 262626;
    7F93 : C2C2C2;
    7F94 : 808080;
    7F95 : 111111;
    7F96 : 343434;
    7F97 : F4F4F4;
    7F98 : FFFFFF;
    7F99 : 4E4E4E;
    7F9A : 141414;
    7F9B : 191919;
    7F9C : 151515;
    7F9D : 1A1A1A;
    7F9E : 141414;
    7F9F : 161616;
    7FA0 : 0F0F0F;
    7FA1 : 0E0E0E;
    7FA2 : 000000;
    7FA3 : 0F0F0F;
    7FA4 : 262626;
    7FA5 : 222222;
    7FA6 : 090909;
    7FA7 : 1E1E1E;
    7FA8 : 181A19;
    7FA9 : 090B0A;
    7FAA : 161817;
    7FAB : 1D1F1E;
    7FAC : 1D1D1B;
    7FAD : 0C0C0A;
    7FAE : 31312F;
    7FAF : 454744;
    7FB0 : D0D0D0;
    7FB1 : D8DAD7;
    7FB2 : A1A3A2;
    7FB3 : 4F514E;
    7FB4 : 0B0D0C;
    7FB5 : 070906;
    7FB6 : 282A29;
    7FB7 : 060807;
    7FB8 : 121317;
    7FB9 : 000004;
    7FBA : 0F1014;
    7FBB : 1F2024;
    7FBC : 58595D;
    7FBD : 7F8084;
    7FBE : 7C7D81;
    7FBF : 6B6C70;
    7FC0 : 76777B;
    7FC1 : 7C7D81;
    7FC2 : 25262A;
    7FC3 : 0D0E12;
    7FC4 : 27282C;
    7FC5 : 1E1F23;
    7FC6 : 343539;
    7FC7 : 7B7C7E;
    7FC8 : 656766;
    7FC9 : 636562;
    7FCA : 6E706F;
    7FCB : 1F211E;
    7FCC : 484848;
    7FCD : 50524F;
    7FCE : 333333;
    7FCF : 20221F;
    7FD0 : 272727;
    7FD1 : 343633;
    7FD2 : 3F413E;
    7FD3 : 252724;
    7FD4 : 282A29;
    7FD5 : 414342;
    7FD6 : 353736;
    7FD7 : 131514;
    7FD8 : 4C4C4C;
    7FD9 : D0D0D0;
    7FDA : EDEDED;
    7FDB : FBFBFB;
    7FDC : F4F4F4;
    7FDD : FFFFFF;
    7FDE : FFFFFF;
    7FDF : FDFDFD;
    7FE0 : C0C0C0;
    7FE1 : 919191;
    7FE2 : 6D6D6D;
    7FE3 : 2C2C2C;
    7FE4 : 232323;
    7FE5 : 2C2C2C;
    7FE6 : 2D2D2D;
    7FE7 : 1D1D1D;
    7FE8 : 0E0E0E;
    7FE9 : 999999;
    7FEA : F7F7F7;
    7FEB : EEEEEE;
    7FEC : EAEAEA;
    7FED : F7F7F7;
    7FEE : F0F0F0;
    7FEF : F4F4F4;
    7FF0 : F2F2F2;
    7FF1 : F2F2F2;
    7FF2 : F2F2F2;
    7FF3 : F2F2F2;
    7FF4 : F2F2F2;
    7FF5 : F2F2F2;
    7FF6 : F2F2F2;
    7FF7 : F2F2F2;
    7FF8 : F2F2F2;
    7FF9 : F2F2F2;
    7FFA : F2F2F2;
    7FFB : F2F2F2;
    7FFC : F2F2F2;
    7FFD : F2F2F2;
    7FFE : F2F2F2;
    7FFF : F2F2F2;
    8000 : F2F2F2;
    8001 : F2F2F2;
    8002 : F2F2F2;
    8003 : F2F2F2;
    8004 : F2F2F2;
    8005 : F2F2F2;
    8006 : F2F2F2;
    8007 : F2F2F2;
    8008 : F2F2F2;
    8009 : F2F2F2;
    800A : F2F2F2;
    800B : F2F2F2;
    800C : F2F2F2;
    800D : F2F2F2;
    800E : F2F2F2;
    800F : F2F2F2;
    8010 : F2F2F2;
    8011 : F2F2F2;
    8012 : F2F2F2;
    8013 : F2F2F2;
    8014 : F2F2F2;
    8015 : F2F2F2;
    8016 : F2F2F2;
    8017 : F2F2F2;
    8018 : F2F2F2;
    8019 : F2F2F2;
    801A : F2F2F2;
    801B : F2F2F2;
    801C : F2F2F2;
    801D : F2F2F2;
    801E : F2F2F2;
    801F : F2F2F2;
    8020 : F2F2F2;
    8021 : F2F2F2;
    8022 : F2F2F2;
    8023 : F2F2F2;
    8024 : F2F2F2;
    8025 : F2F2F2;
    8026 : F2F2F2;
    8027 : F2F2F2;
    8028 : F2F2F2;
    8029 : F2F2F2;
    802A : F2F2F2;
    802B : F2F2F2;
    802C : F2F2F2;
    802D : F2F2F2;
    802E : F2F2F2;
    802F : F2F2F2;
    8030 : F2F2F2;
    8031 : F2F2F2;
    8032 : F2F2F2;
    8033 : F2F2F2;
    8034 : F2F2F2;
    8035 : F2F2F2;
    8036 : F2F2F2;
    8037 : F2F2F2;
    8038 : F2F2F2;
    8039 : F2F2F2;
    803A : F2F2F2;
    803B : F2F2F2;
    803C : F2F2F2;
    803D : F2F2F2;
    803E : F2F2F2;
    803F : F2F2F2;
    8040 : F2F2F2;
    8041 : F2F2F2;
    8042 : F2F2F2;
    8043 : F2F2F2;
    8044 : F2F2F2;
    8045 : F2F2F2;
    8046 : F2F2F2;
    8047 : F2F2F2;
    8048 : F2F2F2;
    8049 : F2F2F2;
    804A : F2F2F2;
    804B : F2F2F2;
    804C : F2F2F2;
    804D : F2F2F2;
    804E : F2F2F2;
    804F : F2F2F2;
    8050 : ECECEC;
    8051 : F5F5F5;
    8052 : 787878;
    8053 : 000000;
    8054 : 323232;
    8055 : EFEFEF;
    8056 : 2D2D2D;
    8057 : 000000;
    8058 : 1A1A1A;
    8059 : 0A0A0A;
    805A : 171717;
    805B : 6A6A6A;
    805C : F6F6F6;
    805D : BABABA;
    805E : 151515;
    805F : DFDFDF;
    8060 : F9F9F9;
    8061 : 505050;
    8062 : 060606;
    8063 : 1E1E1E;
    8064 : 212121;
    8065 : 1B1B1B;
    8066 : 101010;
    8067 : 131313;
    8068 : 0F0F0F;
    8069 : 141414;
    806A : 1C1C1C;
    806B : 282828;
    806C : 121212;
    806D : 2A2A2A;
    806E : 161616;
    806F : 1B1B1B;
    8070 : 181816;
    8071 : 242422;
    8072 : 191917;
    8073 : 0C0C0A;
    8074 : 000100;
    8075 : 353736;
    8076 : D8DAD9;
    8077 : E9EDEC;
    8078 : E0E1E3;
    8079 : F4F8F7;
    807A : FCFFFF;
    807B : 636766;
    807C : 070B0C;
    807D : 0A0E0D;
    807E : 181C1D;
    807F : 101113;
    8080 : 0F0F11;
    8081 : 010002;
    8082 : 161618;
    8083 : 2C2C2E;
    8084 : 666668;
    8085 : 56575B;
    8086 : 2D2E32;
    8087 : 28292D;
    8088 : 282B30;
    8089 : 1A1D22;
    808A : 101318;
    808B : 2A2D32;
    808C : 20252B;
    808D : 2B3036;
    808E : 03080E;
    808F : 23282C;
    8090 : 8B8F90;
    8091 : E3E7E6;
    8092 : D0D4D5;
    8093 : A2A6A5;
    8094 : F8F9FB;
    8095 : F5F9F8;
    8096 : F1F2F4;
    8097 : ABAFAE;
    8098 : 505153;
    8099 : 212322;
    809A : 262827;
    809B : 393B3A;
    809C : 2F2F2D;
    809D : 3C3C3A;
    809E : 454543;
    809F : 464644;
    80A0 : 292929;
    80A1 : 949494;
    80A2 : FFFFFF;
    80A3 : F2F2F2;
    80A4 : C2C2C2;
    80A5 : 838383;
    80A6 : 5F5F5F;
    80A7 : 484848;
    80A8 : 2F2F2F;
    80A9 : 232323;
    80AA : 232323;
    80AB : 262626;
    80AC : 434343;
    80AD : 212121;
    80AE : 131313;
    80AF : 2E2E2E;
    80B0 : 838383;
    80B1 : FFFFFF;
    80B2 : E8E8E8;
    80B3 : E8E8E8;
    80B4 : FFFFFF;
    80B5 : E9E9E9;
    80B6 : FFFFFF;
    80B7 : EEEEEE;
    80B8 : F2F2F2;
    80B9 : F2F2F2;
    80BA : F2F2F2;
    80BB : F2F2F2;
    80BC : F2F2F2;
    80BD : F2F2F2;
    80BE : F2F2F2;
    80BF : F2F2F2;
    80C0 : F2F2F2;
    80C1 : F2F2F2;
    80C2 : F2F2F2;
    80C3 : F2F2F2;
    80C4 : F2F2F2;
    80C5 : F2F2F2;
    80C6 : F2F2F2;
    80C7 : F2F2F2;
    80C8 : F2F2F2;
    80C9 : F2F2F2;
    80CA : F2F2F2;
    80CB : F2F2F2;
    80CC : F2F2F2;
    80CD : F2F2F2;
    80CE : F2F2F2;
    80CF : F2F2F2;
    80D0 : F2F2F2;
    80D1 : F2F2F2;
    80D2 : F2F2F2;
    80D3 : F2F2F2;
    80D4 : F2F2F2;
    80D5 : F2F2F2;
    80D6 : F2F2F2;
    80D7 : F2F2F2;
    80D8 : F2F2F2;
    80D9 : F2F2F2;
    80DA : F2F2F2;
    80DB : F2F2F2;
    80DC : F2F2F2;
    80DD : F2F2F2;
    80DE : F2F2F2;
    80DF : F2F2F2;
    80E0 : F2F2F2;
    80E1 : F2F2F2;
    80E2 : F2F2F2;
    80E3 : F2F2F2;
    80E4 : F2F2F2;
    80E5 : F2F2F2;
    80E6 : F2F2F2;
    80E7 : F2F2F2;
    80E8 : F2F2F2;
    80E9 : F2F2F2;
    80EA : F2F2F2;
    80EB : F2F2F2;
    80EC : F2F2F2;
    80ED : F2F2F2;
    80EE : F2F2F2;
    80EF : F2F2F2;
    80F0 : F2F2F2;
    80F1 : F2F2F2;
    80F2 : F2F2F2;
    80F3 : F2F2F2;
    80F4 : F2F2F2;
    80F5 : F2F2F2;
    80F6 : F2F2F2;
    80F7 : F2F2F2;
    80F8 : F2F2F2;
    80F9 : F2F2F2;
    80FA : F2F2F2;
    80FB : F2F2F2;
    80FC : F2F2F2;
    80FD : F2F2F2;
    80FE : F2F2F2;
    80FF : F2F2F2;
    8100 : F2F2F2;
    8101 : F2F2F2;
    8102 : F2F2F2;
    8103 : F2F2F2;
    8104 : F2F2F2;
    8105 : F2F2F2;
    8106 : F2F2F2;
    8107 : F2F2F2;
    8108 : F2F2F2;
    8109 : F2F2F2;
    810A : F2F2F2;
    810B : F2F2F2;
    810C : F2F2F2;
    810D : F2F2F2;
    810E : F2F2F2;
    810F : F2F2F2;
    8110 : F2F2F2;
    8111 : F2F2F2;
    8112 : F2F2F2;
    8113 : F2F2F2;
    8114 : F2F2F2;
    8115 : F2F2F2;
    8116 : F2F2F2;
    8117 : F2F2F2;
    8118 : F4F4F4;
    8119 : FAFAFA;
    811A : A9A9A9;
    811B : 0D0D0D;
    811C : 343434;
    811D : A5A5A5;
    811E : 0A0A0A;
    811F : 121212;
    8120 : 0C0C0C;
    8121 : 0D0D0D;
    8122 : 2E2E2E;
    8123 : 0D0D0D;
    8124 : 6C6C6C;
    8125 : FFFFFF;
    8126 : DDDDDD;
    8127 : CACACA;
    8128 : FFFFFF;
    8129 : 7D7D7D;
    812A : 0C0C0C;
    812B : 191919;
    812C : 1C1C1C;
    812D : 121212;
    812E : 161616;
    812F : 1D1D1D;
    8130 : 222222;
    8131 : 141414;
    8132 : 1B1B1B;
    8133 : 0F0F0F;
    8134 : 070707;
    8135 : 1D1D1D;
    8136 : 252525;
    8137 : 171717;
    8138 : 1E1E1C;
    8139 : 000000;
    813A : 171715;
    813B : 7E7E7C;
    813C : 4F5150;
    813D : 000100;
    813E : 95999A;
    813F : FCFFFF;
    8140 : F6FAFB;
    8141 : 797D7E;
    8142 : 7D8184;
    8143 : 000102;
    8144 : 25292A;
    8145 : 191D1E;
    8146 : 000102;
    8147 : 515151;
    8148 : 6A6562;
    8149 : 19110F;
    814A : 150D0B;
    814B : 2E2926;
    814C : 1A1414;
    814D : 030000;
    814E : 191718;
    814F : 181619;
    8150 : 18181A;
    8151 : 2C2D31;
    8152 : 26272C;
    8153 : 070A0F;
    8154 : 31363C;
    8155 : 33383E;
    8156 : 12171D;
    8157 : 72777D;
    8158 : 94989B;
    8159 : 838788;
    815A : 848889;
    815B : 848889;
    815C : 898D8E;
    815D : 9CA0A1;
    815E : EAEEF1;
    815F : FBFFFF;
    8160 : DDE1E2;
    8161 : 55595A;
    8162 : 131416;
    8163 : 424443;
    8164 : 383836;
    8165 : 20201E;
    8166 : 3B3B39;
    8167 : 747472;
    8168 : 303030;
    8169 : 252525;
    816A : 666666;
    816B : 3B3B3B;
    816C : 373737;
    816D : 252525;
    816E : 333333;
    816F : 2C2C2C;
    8170 : 303030;
    8171 : 2B2B2B;
    8172 : 363636;
    8173 : 303030;
    8174 : 232323;
    8175 : 232323;
    8176 : 565656;
    8177 : 4B4B4B;
    8178 : FCFCFC;
    8179 : E5E5E5;
    817A : F3F3F3;
    817B : FCFCFC;
    817C : EEEEEE;
    817D : EFEFEF;
    817E : F3F3F3;
    817F : EEEEEE;
    8180 : F2F2F2;
    8181 : F2F2F2;
    8182 : F2F2F2;
    8183 : F2F2F2;
    8184 : F2F2F2;
    8185 : F2F2F2;
    8186 : F2F2F2;
    8187 : F2F2F2;
    8188 : F2F2F2;
    8189 : F2F2F2;
    818A : F2F2F2;
    818B : F2F2F2;
    818C : F2F2F2;
    818D : F2F2F2;
    818E : F2F2F2;
    818F : F2F2F2;
    8190 : F2F2F2;
    8191 : F2F2F2;
    8192 : F2F2F2;
    8193 : F2F2F2;
    8194 : F2F2F2;
    8195 : F2F2F2;
    8196 : F2F2F2;
    8197 : F2F2F2;
    8198 : F2F2F2;
    8199 : F2F2F2;
    819A : F2F2F2;
    819B : F2F2F2;
    819C : F2F2F2;
    819D : F2F2F2;
    819E : F2F2F2;
    819F : F2F2F2;
    81A0 : F2F2F2;
    81A1 : F2F2F2;
    81A2 : F2F2F2;
    81A3 : F2F2F2;
    81A4 : F2F2F2;
    81A5 : F2F2F2;
    81A6 : F2F2F2;
    81A7 : F2F2F2;
    81A8 : F2F2F2;
    81A9 : F2F2F2;
    81AA : F2F2F2;
    81AB : F2F2F2;
    81AC : F2F2F2;
    81AD : F2F2F2;
    81AE : F2F2F2;
    81AF : F2F2F2;
    81B0 : F2F2F2;
    81B1 : F2F2F2;
    81B2 : F2F2F2;
    81B3 : F2F2F2;
    81B4 : F2F2F2;
    81B5 : F2F2F2;
    81B6 : F2F2F2;
    81B7 : F2F2F2;
    81B8 : F2F2F2;
    81B9 : F2F2F2;
    81BA : F2F2F2;
    81BB : F2F2F2;
    81BC : F2F2F2;
    81BD : F2F2F2;
    81BE : F2F2F2;
    81BF : F2F2F2;
    81C0 : F2F2F2;
    81C1 : F2F2F2;
    81C2 : F2F2F2;
    81C3 : F2F2F2;
    81C4 : F2F2F2;
    81C5 : F2F2F2;
    81C6 : F2F2F2;
    81C7 : F2F2F2;
    81C8 : F2F2F2;
    81C9 : F2F2F2;
    81CA : F2F2F2;
    81CB : F2F2F2;
    81CC : F2F2F2;
    81CD : F2F2F2;
    81CE : F2F2F2;
    81CF : F2F2F2;
    81D0 : F2F2F2;
    81D1 : F2F2F2;
    81D2 : F2F2F2;
    81D3 : F2F2F2;
    81D4 : F2F2F2;
    81D5 : F2F2F2;
    81D6 : F2F2F2;
    81D7 : F2F2F2;
    81D8 : F2F2F2;
    81D9 : F2F2F2;
    81DA : F2F2F2;
    81DB : F2F2F2;
    81DC : F2F2F2;
    81DD : F2F2F2;
    81DE : F2F2F2;
    81DF : F2F2F2;
    81E0 : E9E9E9;
    81E1 : FFFFFF;
    81E2 : 9A9A9A;
    81E3 : 000000;
    81E4 : 2D2D2D;
    81E5 : 838383;
    81E6 : 141414;
    81E7 : 202020;
    81E8 : 020202;
    81E9 : 242424;
    81EA : 323232;
    81EB : 1B1B1B;
    81EC : 060606;
    81ED : 666666;
    81EE : E3E3E3;
    81EF : FAFAFA;
    81F0 : FFFFFF;
    81F1 : B9B9B9;
    81F2 : 272727;
    81F3 : 1B1B1B;
    81F4 : 161616;
    81F5 : 080808;
    81F6 : 1A1A1A;
    81F7 : 171717;
    81F8 : 0B0B0B;
    81F9 : 161616;
    81FA : 232323;
    81FB : 252525;
    81FC : 242424;
    81FD : 101010;
    81FE : 181818;
    81FF : 212121;
    8200 : 020100;
    8201 : 63625E;
    8202 : C1C1BF;
    8203 : F8F8F6;
    8204 : 9FA1A0;
    8205 : 000304;
    8206 : 181C1F;
    8207 : 33383B;
    8208 : 3A3F42;
    8209 : 7C8184;
    820A : 555A5E;
    820B : 080D10;
    820C : 1C2023;
    820D : 0F1316;
    820E : 343539;
    820F : 171614;
    8210 : C5B8B2;
    8211 : B9A8A0;
    8212 : 47362E;
    8213 : 190B02;
    8214 : 271A12;
    8215 : 261B15;
    8216 : 211813;
    8217 : 1C1411;
    8218 : 2C2724;
    8219 : 262221;
    821A : 312F30;
    821B : 1A1A1C;
    821C : 303135;
    821D : 323338;
    821E : 414449;
    821F : 808388;
    8220 : A0A4A7;
    8221 : 6E7275;
    8222 : 14191C;
    8223 : 000104;
    8224 : 111619;
    8225 : 111619;
    8226 : 2E3337;
    8227 : DDE2E5;
    8228 : FCFFFF;
    8229 : C7CBCC;
    822A : 47484A;
    822B : 282A29;
    822C : 2B2B29;
    822D : 32312F;
    822E : 2C2B27;
    822F : 262523;
    8230 : 2C2C2C;
    8231 : 010101;
    8232 : 030303;
    8233 : 1E1E1E;
    8234 : 2E2E2E;
    8235 : 2D2D2D;
    8236 : 2E2E2E;
    8237 : 323232;
    8238 : 363636;
    8239 : 2B2B2B;
    823A : 303030;
    823B : 242424;
    823C : 191919;
    823D : 747474;
    823E : D8D8D8;
    823F : 565656;
    8240 : D3D3D3;
    8241 : FFFFFF;
    8242 : ECECEC;
    8243 : EDEDED;
    8244 : FEFEFE;
    8245 : E2E2E2;
    8246 : E7E7E7;
    8247 : F7F7F7;
    8248 : F2F2F2;
    8249 : F2F2F2;
    824A : F2F2F2;
    824B : F2F2F2;
    824C : F2F2F2;
    824D : F2F2F2;
    824E : F2F2F2;
    824F : F2F2F2;
    8250 : F2F2F2;
    8251 : F2F2F2;
    8252 : F2F2F2;
    8253 : F2F2F2;
    8254 : F2F2F2;
    8255 : F2F2F2;
    8256 : F2F2F2;
    8257 : F2F2F2;
    8258 : F2F2F2;
    8259 : F2F2F2;
    825A : F2F2F2;
    825B : F2F2F2;
    825C : F2F2F2;
    825D : F2F2F2;
    825E : F2F2F2;
    825F : F2F2F2;
    8260 : F2F2F2;
    8261 : F2F2F2;
    8262 : F2F2F2;
    8263 : F2F2F2;
    8264 : F2F2F2;
    8265 : F2F2F2;
    8266 : F2F2F2;
    8267 : F2F2F2;
    8268 : F2F2F2;
    8269 : F2F2F2;
    826A : F2F2F2;
    826B : F2F2F2;
    826C : F2F2F2;
    826D : F2F2F2;
    826E : F2F2F2;
    826F : F2F2F2;
    8270 : F2F2F2;
    8271 : F2F2F2;
    8272 : F2F2F2;
    8273 : F2F2F2;
    8274 : F2F2F2;
    8275 : F2F2F2;
    8276 : F2F2F2;
    8277 : F2F2F2;
    8278 : F2F2F2;
    8279 : F2F2F2;
    827A : F2F2F2;
    827B : F2F2F2;
    827C : F2F2F2;
    827D : F2F2F2;
    827E : F2F2F2;
    827F : F2F2F2;
    8280 : F2F2F2;
    8281 : F2F2F2;
    8282 : F2F2F2;
    8283 : F2F2F2;
    8284 : F2F2F2;
    8285 : F2F2F2;
    8286 : F2F2F2;
    8287 : F2F2F2;
    8288 : F2F2F2;
    8289 : F2F2F2;
    828A : F2F2F2;
    828B : F2F2F2;
    828C : F2F2F2;
    828D : F2F2F2;
    828E : F2F2F2;
    828F : F2F2F2;
    8290 : F2F2F2;
    8291 : F2F2F2;
    8292 : F2F2F2;
    8293 : F2F2F2;
    8294 : F2F2F2;
    8295 : F2F2F2;
    8296 : F2F2F2;
    8297 : F2F2F2;
    8298 : F2F2F2;
    8299 : F2F2F2;
    829A : F2F2F2;
    829B : F2F2F2;
    829C : F2F2F2;
    829D : F2F2F2;
    829E : F2F2F2;
    829F : F2F2F2;
    82A0 : F2F2F2;
    82A1 : F2F2F2;
    82A2 : F2F2F2;
    82A3 : F2F2F2;
    82A4 : F2F2F2;
    82A5 : F2F2F2;
    82A6 : F2F2F2;
    82A7 : F2F2F2;
    82A8 : FFFFFF;
    82A9 : 8F8F8F;
    82AA : 070707;
    82AB : 010101;
    82AC : 252525;
    82AD : 474747;
    82AE : 040404;
    82AF : 2B2B2B;
    82B0 : 8F8F8F;
    82B1 : 3F3F3F;
    82B2 : 202020;
    82B3 : 393939;
    82B4 : 161616;
    82B5 : 020202;
    82B6 : 202020;
    82B7 : 777777;
    82B8 : 8D8D8D;
    82B9 : 8A8A8A;
    82BA : 080808;
    82BB : 070707;
    82BC : 101010;
    82BD : 0B0B0B;
    82BE : 242424;
    82BF : 141414;
    82C0 : 161616;
    82C1 : 303030;
    82C2 : 060606;
    82C3 : 0B0B0B;
    82C4 : 1B1B1B;
    82C5 : 1D1D1D;
    82C6 : 0F0F0F;
    82C7 : 191917;
    82C8 : 292824;
    82C9 : DCDBD7;
    82CA : FFFFFD;
    82CB : 959794;
    82CC : 37383A;
    82CD : 040809;
    82CE : 1E2326;
    82CF : 1D2225;
    82D0 : 373C40;
    82D1 : 464B4F;
    82D2 : 000509;
    82D3 : 24282B;
    82D4 : 030408;
    82D5 : 1C1D1F;
    82D6 : 414143;
    82D7 : 302826;
    82D8 : 180200;
    82D9 : BBA08F;
    82DA : 907466;
    82DB : 4B3122;
    82DC : 493224;
    82DD : 7A6457;
    82DE : 857166;
    82DF : 5B4A42;
    82E0 : 63544D;
    82E1 : 5C514B;
    82E2 : 2C2220;
    82E3 : 201816;
    82E4 : 3A3434;
    82E5 : 2E2A2B;
    82E6 : 2C272B;
    82E7 : 5B595C;
    82E8 : 9B9C9E;
    82E9 : 545859;
    82EA : 101415;
    82EB : 202427;
    82EC : 1A1F22;
    82ED : 22272B;
    82EE : 12171B;
    82EF : 7F8488;
    82F0 : F0F4F7;
    82F1 : D4D8DB;
    82F2 : 393A3C;
    82F3 : 1D1D1D;
    82F4 : 3D3B3C;
    82F5 : 393836;
    82F6 : 2C2825;
    82F7 : 3C3835;
    82F8 : 302F2D;
    82F9 : 272727;
    82FA : 0B0B0B;
    82FB : 0D0D0D;
    82FC : 2A2A2A;
    82FD : 222222;
    82FE : 3A3A3A;
    82FF : 2F2F2F;
    8300 : 2B2B2B;
    8301 : 2D2D2D;
    8302 : 161616;
    8303 : 2F2F2F;
    8304 : 787878;
    8305 : DDDDDD;
    8306 : FFFFFF;
    8307 : 545454;
    8308 : AEAEAE;
    8309 : FAFAFA;
    830A : F1F1F1;
    830B : F2F2F2;
    830C : F6F6F6;
    830D : E9E9E9;
    830E : FEFEFE;
    830F : EEEEEE;
    8310 : F2F2F2;
    8311 : F2F2F2;
    8312 : F2F2F2;
    8313 : F2F2F2;
    8314 : F2F2F2;
    8315 : F2F2F2;
    8316 : F2F2F2;
    8317 : F2F2F2;
    8318 : F2F2F2;
    8319 : F2F2F2;
    831A : F2F2F2;
    831B : F2F2F2;
    831C : F2F2F2;
    831D : F2F2F2;
    831E : F2F2F2;
    831F : F2F2F2;
    8320 : F2F2F2;
    8321 : F2F2F2;
    8322 : F2F2F2;
    8323 : F2F2F2;
    8324 : F2F2F2;
    8325 : F2F2F2;
    8326 : F2F2F2;
    8327 : F2F2F2;
    8328 : F2F2F2;
    8329 : F2F2F2;
    832A : F2F2F2;
    832B : F2F2F2;
    832C : F2F2F2;
    832D : F2F2F2;
    832E : F2F2F2;
    832F : F2F2F2;
    8330 : F2F2F2;
    8331 : F2F2F2;
    8332 : F2F2F2;
    8333 : F2F2F2;
    8334 : F2F2F2;
    8335 : F2F2F2;
    8336 : F2F2F2;
    8337 : F2F2F2;
    8338 : F2F2F2;
    8339 : F2F2F2;
    833A : F2F2F2;
    833B : F2F2F2;
    833C : F2F2F2;
    833D : F2F2F2;
    833E : F2F2F2;
    833F : F2F2F2;
    8340 : F2F2F2;
    8341 : F2F2F2;
    8342 : F2F2F2;
    8343 : F2F2F2;
    8344 : F2F2F2;
    8345 : F2F2F2;
    8346 : F2F2F2;
    8347 : F2F2F2;
    8348 : F2F2F2;
    8349 : F2F2F2;
    834A : F2F2F2;
    834B : F2F2F2;
    834C : F2F2F2;
    834D : F2F2F2;
    834E : F2F2F2;
    834F : F2F2F2;
    8350 : F2F2F2;
    8351 : F2F2F2;
    8352 : F2F2F2;
    8353 : F2F2F2;
    8354 : F2F2F2;
    8355 : F2F2F2;
    8356 : F2F2F2;
    8357 : F2F2F2;
    8358 : F2F2F2;
    8359 : F2F2F2;
    835A : F2F2F2;
    835B : F2F2F2;
    835C : F2F2F2;
    835D : F2F2F2;
    835E : F2F2F2;
    835F : F2F2F2;
    8360 : F2F2F2;
    8361 : F2F2F2;
    8362 : F2F2F2;
    8363 : F2F2F2;
    8364 : F2F2F2;
    8365 : F2F2F2;
    8366 : F2F2F2;
    8367 : F2F2F2;
    8368 : EEEEEE;
    8369 : EEEEEE;
    836A : F7F7F7;
    836B : F3F3F3;
    836C : F1F1F1;
    836D : F1F1F1;
    836E : E8E8E8;
    836F : FFFFFF;
    8370 : D1D1D1;
    8371 : 1B1B1B;
    8372 : 040404;
    8373 : 050505;
    8374 : 1D1D1D;
    8375 : 000000;
    8376 : 3B3B3B;
    8377 : ECECEC;
    8378 : FFFFFF;
    8379 : CFCFCF;
    837A : 1D1D1D;
    837B : 141414;
    837C : 373737;
    837D : 171717;
    837E : 000000;
    837F : 0B0B0B;
    8380 : 1D1D1D;
    8381 : 222222;
    8382 : 292929;
    8383 : 151515;
    8384 : 090909;
    8385 : 0C0C0C;
    8386 : 080808;
    8387 : 1C1C1C;
    8388 : 151515;
    8389 : 1D1D1D;
    838A : 1C1C1C;
    838B : 121212;
    838C : 232323;
    838D : 0D0D0D;
    838E : 151515;
    838F : 040402;
    8390 : 797874;
    8391 : FFFFFB;
    8392 : D6D6D4;
    8393 : 30322F;
    8394 : 141517;
    8395 : 8E9293;
    8396 : E0E5E8;
    8397 : EBF0F4;
    8398 : 7F8488;
    8399 : 000105;
    839A : 161A1D;
    839B : 16171B;
    839C : 171719;
    839D : 373536;
    839E : 3B3738;
    839F : 352621;
    83A0 : 543320;
    83A1 : DBB399;
    83A2 : E1B9A0;
    83A3 : E4BEA7;
    83A4 : D9B6A0;
    83A5 : CAAA95;
    83A6 : BC9D8B;
    83A7 : B49988;
    83A8 : ECD2C5;
    83A9 : FFEEE1;
    83AA : EAD8CE;
    83AB : 2D1C14;
    83AC : 32231E;
    83AD : 3B2E28;
    83AE : 3A2C29;
    83AF : 2F2523;
    83B0 : 84807F;
    83B1 : 9B9B9B;
    83B2 : 3D3D3D;
    83B3 : 1A1B1D;
    83B4 : 1D2124;
    83B5 : 161A1D;
    83B6 : 0F1418;
    83B7 : 393E42;
    83B8 : 565B5F;
    83B9 : 090D10;
    83BA : 313234;
    83BB : 272727;
    83BC : 222021;
    83BD : 4A4645;
    83BE : 2E2926;
    83BF : 383431;
    83C0 : 2F2E2C;
    83C1 : 333333;
    83C2 : 252525;
    83C3 : 232323;
    83C4 : 232323;
    83C5 : 272727;
    83C6 : 131313;
    83C7 : 252525;
    83C8 : 1C1C1C;
    83C9 : 0B0B0B;
    83CA : 565656;
    83CB : 585858;
    83CC : DDDDDD;
    83CD : E6E6E6;
    83CE : C8C8C8;
    83CF : 787878;
    83D0 : 9A9A9A;
    83D1 : FFFFFF;
    83D2 : E9E9E9;
    83D3 : F5F5F5;
    83D4 : F2F2F2;
    83D5 : F0F0F0;
    83D6 : FEFEFE;
    83D7 : EDEDED;
    83D8 : F2F2F2;
    83D9 : F2F2F2;
    83DA : F2F2F2;
    83DB : F2F2F2;
    83DC : F2F2F2;
    83DD : F2F2F2;
    83DE : F2F2F2;
    83DF : F2F2F2;
    83E0 : F2F2F2;
    83E1 : F2F2F2;
    83E2 : F2F2F2;
    83E3 : F2F2F2;
    83E4 : F2F2F2;
    83E5 : F2F2F2;
    83E6 : F2F2F2;
    83E7 : F2F2F2;
    83E8 : F2F2F2;
    83E9 : F2F2F2;
    83EA : F2F2F2;
    83EB : F2F2F2;
    83EC : F2F2F2;
    83ED : F2F2F2;
    83EE : F2F2F2;
    83EF : F2F2F2;
    83F0 : F2F2F2;
    83F1 : F2F2F2;
    83F2 : F2F2F2;
    83F3 : F2F2F2;
    83F4 : F2F2F2;
    83F5 : F2F2F2;
    83F6 : F2F2F2;
    83F7 : F2F2F2;
    83F8 : F2F2F2;
    83F9 : F2F2F2;
    83FA : F2F2F2;
    83FB : F2F2F2;
    83FC : F2F2F2;
    83FD : F2F2F2;
    83FE : F2F2F2;
    83FF : F2F2F2;
    8400 : F2F2F2;
    8401 : F2F2F2;
    8402 : F2F2F2;
    8403 : F2F2F2;
    8404 : F2F2F2;
    8405 : F2F2F2;
    8406 : F2F2F2;
    8407 : F2F2F2;
    8408 : F2F2F2;
    8409 : F2F2F2;
    840A : F2F2F2;
    840B : F2F2F2;
    840C : F2F2F2;
    840D : F2F2F2;
    840E : F2F2F2;
    840F : F2F2F2;
    8410 : F2F2F2;
    8411 : F2F2F2;
    8412 : F2F2F2;
    8413 : F2F2F2;
    8414 : F2F2F2;
    8415 : F2F2F2;
    8416 : F2F2F2;
    8417 : F2F2F2;
    8418 : F2F2F2;
    8419 : F2F2F2;
    841A : F2F2F2;
    841B : F2F2F2;
    841C : F2F2F2;
    841D : F2F2F2;
    841E : F2F2F2;
    841F : F2F2F2;
    8420 : F2F2F2;
    8421 : F2F2F2;
    8422 : F2F2F2;
    8423 : F2F2F2;
    8424 : F2F2F2;
    8425 : F2F2F2;
    8426 : F2F2F2;
    8427 : F2F2F2;
    8428 : F2F2F2;
    8429 : F2F2F2;
    842A : F2F2F2;
    842B : F2F2F2;
    842C : F2F2F2;
    842D : F2F2F2;
    842E : F2F2F2;
    842F : F2F2F2;
    8430 : F0F0F0;
    8431 : EFEFEF;
    8432 : F5F5F5;
    8433 : F1F1F1;
    8434 : F0F0F0;
    8435 : F3F3F3;
    8436 : EFEFEF;
    8437 : FDFDFD;
    8438 : 747474;
    8439 : 000000;
    843A : 101010;
    843B : 0C0C0C;
    843C : 000000;
    843D : 343434;
    843E : D5D5D5;
    843F : 949494;
    8440 : 0C0C0C;
    8441 : FBFBFB;
    8442 : 939393;
    8443 : 000000;
    8444 : 262626;
    8445 : 393939;
    8446 : 1B1B1B;
    8447 : 030303;
    8448 : 080808;
    8449 : 151515;
    844A : 262626;
    844B : 212121;
    844C : 000000;
    844D : 0A0A0A;
    844E : 121212;
    844F : 121212;
    8450 : 111111;
    8451 : 0C0C0C;
    8452 : 181818;
    8453 : 181818;
    8454 : 151515;
    8455 : 0C0C0C;
    8456 : 252525;
    8457 : 0C0C0A;
    8458 : 767571;
    8459 : F2F1EC;
    845A : FFFFFD;
    845B : C6C8C5;
    845C : E3E7E8;
    845D : FCFFFF;
    845E : E7ECF0;
    845F : E9EEF2;
    8460 : D2D7DB;
    8461 : 222629;
    8462 : 15161A;
    8463 : 020003;
    8464 : 3F393B;
    8465 : 3A3132;
    8466 : 524847;
    8467 : 251108;
    8468 : 956B52;
    8469 : EEBC9B;
    846A : E1AE8F;
    846B : E8B797;
    846C : E2B596;
    846D : DEB297;
    846E : E6BEA5;
    846F : EFCBB3;
    8470 : C19E8A;
    8471 : CEAF9D;
    8472 : CCB1A0;
    8473 : 492F22;
    8474 : 31190D;
    8475 : 301A0F;
    8476 : 483129;
    8477 : 46352D;
    8478 : 2E2520;
    8479 : 7E7A77;
    847A : 7D7978;
    847B : 2F2D2E;
    847C : 242426;
    847D : 222327;
    847E : 474B4E;
    847F : 474C50;
    8480 : 6B7074;
    8481 : A9ADB0;
    8482 : 6F7074;
    8483 : 595959;
    8484 : 3F3D3E;
    8485 : 0F0B08;
    8486 : 35302D;
    8487 : 36322F;
    8488 : 353432;
    8489 : 393939;
    848A : 343434;
    848B : 242424;
    848C : 202020;
    848D : 0E0E0E;
    848E : 050505;
    848F : 070707;
    8490 : 262626;
    8491 : 757575;
    8492 : 515151;
    8493 : 676767;
    8494 : FFFFFF;
    8495 : AEAEAE;
    8496 : 8A8A8A;
    8497 : CFCFCF;
    8498 : 2C2C2C;
    8499 : EBEBEB;
    849A : FFFFFF;
    849B : EBEBEB;
    849C : F1F1F1;
    849D : EEEEEE;
    849E : F0F0F0;
    849F : F3F3F3;
    84A0 : F2F2F2;
    84A1 : F2F2F2;
    84A2 : F2F2F2;
    84A3 : F2F2F2;
    84A4 : F2F2F2;
    84A5 : F2F2F2;
    84A6 : F2F2F2;
    84A7 : F2F2F2;
    84A8 : F2F2F2;
    84A9 : F2F2F2;
    84AA : F2F2F2;
    84AB : F2F2F2;
    84AC : F2F2F2;
    84AD : F2F2F2;
    84AE : F2F2F2;
    84AF : F2F2F2;
    84B0 : F2F2F2;
    84B1 : F2F2F2;
    84B2 : F2F2F2;
    84B3 : F2F2F2;
    84B4 : F2F2F2;
    84B5 : F2F2F2;
    84B6 : F2F2F2;
    84B7 : F2F2F2;
    84B8 : F2F2F2;
    84B9 : F2F2F2;
    84BA : F2F2F2;
    84BB : F2F2F2;
    84BC : F2F2F2;
    84BD : F2F2F2;
    84BE : F2F2F2;
    84BF : F2F2F2;
    84C0 : F2F2F2;
    84C1 : F2F2F2;
    84C2 : F2F2F2;
    84C3 : F2F2F2;
    84C4 : F2F2F2;
    84C5 : F2F2F2;
    84C6 : F2F2F2;
    84C7 : F2F2F2;
    84C8 : F2F2F2;
    84C9 : F2F2F2;
    84CA : F2F2F2;
    84CB : F2F2F2;
    84CC : F2F2F2;
    84CD : F2F2F2;
    84CE : F2F2F2;
    84CF : F2F2F2;
    84D0 : F2F2F2;
    84D1 : F2F2F2;
    84D2 : F2F2F2;
    84D3 : F2F2F2;
    84D4 : F2F2F2;
    84D5 : F2F2F2;
    84D6 : F2F2F2;
    84D7 : F2F2F2;
    84D8 : F2F2F2;
    84D9 : F2F2F2;
    84DA : F2F2F2;
    84DB : F2F2F2;
    84DC : F2F2F2;
    84DD : F2F2F2;
    84DE : F2F2F2;
    84DF : F2F2F2;
    84E0 : F2F2F2;
    84E1 : F2F2F2;
    84E2 : F2F2F2;
    84E3 : F2F2F2;
    84E4 : F2F2F2;
    84E5 : F2F2F2;
    84E6 : F2F2F2;
    84E7 : F2F2F2;
    84E8 : F2F2F2;
    84E9 : F2F2F2;
    84EA : F2F2F2;
    84EB : F2F2F2;
    84EC : F2F2F2;
    84ED : F2F2F2;
    84EE : F2F2F2;
    84EF : F2F2F2;
    84F0 : F2F2F2;
    84F1 : F2F2F2;
    84F2 : F2F2F2;
    84F3 : F2F2F2;
    84F4 : F2F2F2;
    84F5 : F2F2F2;
    84F6 : F2F2F2;
    84F7 : F2F2F2;
    84F8 : F2F2F2;
    84F9 : F1F1F1;
    84FA : F3F3F3;
    84FB : EEEEEE;
    84FC : F0F0F0;
    84FD : F4F4F4;
    84FE : F8F8F8;
    84FF : E8E8E8;
    8500 : 262626;
    8501 : 0F0F0F;
    8502 : 080808;
    8503 : 010101;
    8504 : 0C0C0C;
    8505 : 757575;
    8506 : FFFFFF;
    8507 : D2D2D2;
    8508 : A9A9A9;
    8509 : D3D3D3;
    850A : 9C9C9C;
    850B : 919191;
    850C : 151515;
    850D : 181818;
    850E : 292929;
    850F : 2A2A2A;
    8510 : 0A0A0A;
    8511 : 0A0A0A;
    8512 : 141414;
    8513 : 303030;
    8514 : 060606;
    8515 : 070707;
    8516 : 131313;
    8517 : 0E0E0E;
    8518 : 2E2E2E;
    8519 : 0F0F0F;
    851A : 161616;
    851B : 232323;
    851C : 161616;
    851D : 0D0D0D;
    851E : 1F1F1F;
    851F : 000000;
    8520 : 363531;
    8521 : E9E8E3;
    8522 : EDEDEB;
    8523 : F2F4F1;
    8524 : FCFFFF;
    8525 : 6E7273;
    8526 : 4D5256;
    8527 : FBFFFF;
    8528 : FAFEFF;
    8529 : 333438;
    852A : 0D0B0C;
    852B : 211B1B;
    852C : 463C3B;
    852D : 493B38;
    852E : 392723;
    852F : 3A1E10;
    8530 : CD9C7C;
    8531 : F5BB93;
    8532 : E8AE88;
    8533 : F9C19C;
    8534 : F1BB97;
    8535 : E0AB8B;
    8536 : DFAE8E;
    8537 : DCAF92;
    8538 : EBBFA6;
    8539 : DDB59C;
    853A : DEBAA4;
    853B : AC8976;
    853C : 80614F;
    853D : 583B29;
    853E : 4A2D1D;
    853F : 210A00;
    8540 : 34231B;
    8541 : 2B201A;
    8542 : 221B15;
    8543 : 241F1C;
    8544 : 605C5B;
    8545 : 848484;
    8546 : ABACB0;
    8547 : 979B9E;
    8548 : 92959A;
    8549 : F6FAFD;
    854A : FEFFFF;
    854B : FFFFFF;
    854C : CFCDCE;
    854D : 5A5653;
    854E : 292421;
    854F : 393431;
    8550 : 282725;
    8551 : 343434;
    8552 : 272727;
    8553 : 343434;
    8554 : 161616;
    8555 : 131313;
    8556 : 090909;
    8557 : 0F0F0F;
    8558 : 464646;
    8559 : 4A4A4A;
    855A : 464646;
    855B : 6E6E6E;
    855C : FFFFFF;
    855D : 656565;
    855E : 767676;
    855F : F3F3F3;
    8560 : 444444;
    8561 : C8C8C8;
    8562 : F5F5F5;
    8563 : ECECEC;
    8564 : FFFFFF;
    8565 : E7E7E7;
    8566 : E6E6E6;
    8567 : FAFAFA;
    8568 : F2F2F2;
    8569 : F2F2F2;
    856A : F2F2F2;
    856B : F2F2F2;
    856C : F2F2F2;
    856D : F2F2F2;
    856E : F2F2F2;
    856F : F2F2F2;
    8570 : F2F2F2;
    8571 : F2F2F2;
    8572 : F2F2F2;
    8573 : F2F2F2;
    8574 : F2F2F2;
    8575 : F2F2F2;
    8576 : F2F2F2;
    8577 : F2F2F2;
    8578 : F2F2F2;
    8579 : F2F2F2;
    857A : F2F2F2;
    857B : F2F2F2;
    857C : F2F2F2;
    857D : F2F2F2;
    857E : F2F2F2;
    857F : F2F2F2;
    8580 : F2F2F2;
    8581 : F2F2F2;
    8582 : F2F2F2;
    8583 : F2F2F2;
    8584 : F2F2F2;
    8585 : F2F2F2;
    8586 : F2F2F2;
    8587 : F2F2F2;
    8588 : F2F2F2;
    8589 : F2F2F2;
    858A : F2F2F2;
    858B : F2F2F2;
    858C : F2F2F2;
    858D : F2F2F2;
    858E : F2F2F2;
    858F : F2F2F2;
    8590 : F2F2F2;
    8591 : F2F2F2;
    8592 : F2F2F2;
    8593 : F2F2F2;
    8594 : F2F2F2;
    8595 : F2F2F2;
    8596 : F2F2F2;
    8597 : F2F2F2;
    8598 : F2F2F2;
    8599 : F2F2F2;
    859A : F2F2F2;
    859B : F2F2F2;
    859C : F2F2F2;
    859D : F2F2F2;
    859E : F2F2F2;
    859F : F2F2F2;
    85A0 : F2F2F2;
    85A1 : F2F2F2;
    85A2 : F2F2F2;
    85A3 : F2F2F2;
    85A4 : F2F2F2;
    85A5 : F2F2F2;
    85A6 : F2F2F2;
    85A7 : F2F2F2;
    85A8 : F2F2F2;
    85A9 : F2F2F2;
    85AA : F2F2F2;
    85AB : F2F2F2;
    85AC : F2F2F2;
    85AD : F2F2F2;
    85AE : F2F2F2;
    85AF : F2F2F2;
    85B0 : F2F2F2;
    85B1 : F2F2F2;
    85B2 : F2F2F2;
    85B3 : F2F2F2;
    85B4 : F2F2F2;
    85B5 : F2F2F2;
    85B6 : F2F2F2;
    85B7 : F2F2F2;
    85B8 : F2F2F2;
    85B9 : F2F2F2;
    85BA : F2F2F2;
    85BB : F2F2F2;
    85BC : F2F2F2;
    85BD : F2F2F2;
    85BE : F2F2F2;
    85BF : F2F2F2;
    85C0 : F2F2F2;
    85C1 : F3F3F3;
    85C2 : F2F2F2;
    85C3 : EEEEEE;
    85C4 : F2F2F2;
    85C5 : F3F3F3;
    85C6 : FCFCFC;
    85C7 : C3C3C3;
    85C8 : 0E0E0E;
    85C9 : 0D0D0D;
    85CA : 121212;
    85CB : 090909;
    85CC : 000000;
    85CD : ADADAD;
    85CE : 939393;
    85CF : 393939;
    85D0 : BEBEBE;
    85D1 : B8B8B8;
    85D2 : CCCCCC;
    85D3 : ECECEC;
    85D4 : 353535;
    85D5 : 0E0E0E;
    85D6 : 0A0A0A;
    85D7 : 383838;
    85D8 : 1A1A1A;
    85D9 : 090909;
    85DA : 000000;
    85DB : 323232;
    85DC : 191919;
    85DD : 070707;
    85DE : 060606;
    85DF : 141414;
    85E0 : 101010;
    85E1 : 1A1A1A;
    85E2 : 161616;
    85E3 : 060606;
    85E4 : 030303;
    85E5 : 262626;
    85E6 : 4E4E4E;
    85E7 : 353533;
    85E8 : 14130F;
    85E9 : 151610;
    85EA : B4B6B3;
    85EB : A2A4A1;
    85EC : 4E5253;
    85ED : 0D1112;
    85EE : B4B9BC;
    85EF : EBEFF2;
    85F0 : AEAFB3;
    85F1 : 0A080B;
    85F2 : 1D1717;
    85F3 : 493E3C;
    85F4 : 433431;
    85F5 : 412E28;
    85F6 : 281109;
    85F7 : 83624F;
    85F8 : F5BF9D;
    85F9 : F7B88D;
    85FA : E4A57A;
    85FB : F2B48B;
    85FC : EFB38E;
    85FD : ECB28D;
    85FE : F6C09E;
    85FF : ECBA99;
    8600 : E9B89A;
    8601 : DEB194;
    8602 : DFB39A;
    8603 : ECC3AD;
    8604 : E1BBA6;
    8605 : C8A48E;
    8606 : BB9884;
    8607 : 9E7F6D;
    8608 : 4F392C;
    8609 : 231208;
    860A : 140700;
    860B : 706561;
    860C : AAA29F;
    860D : B0ACAB;
    860E : 8A8A8C;
    860F : 88898D;
    8610 : A5A6AA;
    8611 : 7C7D81;
    8612 : A3A3A5;
    8613 : D1D1D1;
    8614 : FFFEFF;
    8615 : E0DCD9;
    8616 : 544C4A;
    8617 : 25201D;
    8618 : 3A3937;
    8619 : 2F2F2F;
    861A : 2D2D2D;
    861B : 3B3B3B;
    861C : 343434;
    861D : 1A1A1A;
    861E : 0D0D0D;
    861F : 090909;
    8620 : 070707;
    8621 : D3D3D3;
    8622 : C0C0C0;
    8623 : 646464;
    8624 : EBEBEB;
    8625 : A3A3A3;
    8626 : D5D5D5;
    8627 : FCFCFC;
    8628 : 888888;
    8629 : AAAAAA;
    862A : E6E6E6;
    862B : F8F8F8;
    862C : FFFFFF;
    862D : E9E9E9;
    862E : F5F5F5;
    862F : EFEFEF;
    8630 : F2F2F2;
    8631 : F2F2F2;
    8632 : F2F2F2;
    8633 : F2F2F2;
    8634 : F2F2F2;
    8635 : F2F2F2;
    8636 : F2F2F2;
    8637 : F2F2F2;
    8638 : F2F2F2;
    8639 : F2F2F2;
    863A : F2F2F2;
    863B : F2F2F2;
    863C : F2F2F2;
    863D : F2F2F2;
    863E : F2F2F2;
    863F : F2F2F2;
    8640 : F2F2F2;
    8641 : F2F2F2;
    8642 : F2F2F2;
    8643 : F2F2F2;
    8644 : F2F2F2;
    8645 : F2F2F2;
    8646 : F2F2F2;
    8647 : F2F2F2;
    8648 : F2F2F2;
    8649 : F2F2F2;
    864A : F2F2F2;
    864B : F2F2F2;
    864C : F2F2F2;
    864D : F2F2F2;
    864E : F2F2F2;
    864F : F2F2F2;
    8650 : F2F2F2;
    8651 : F2F2F2;
    8652 : F2F2F2;
    8653 : F2F2F2;
    8654 : F2F2F2;
    8655 : F2F2F2;
    8656 : F2F2F2;
    8657 : F2F2F2;
    8658 : F2F2F2;
    8659 : F2F2F2;
    865A : F2F2F2;
    865B : F2F2F2;
    865C : F2F2F2;
    865D : F2F2F2;
    865E : F2F2F2;
    865F : F2F2F2;
    8660 : F2F2F2;
    8661 : F2F2F2;
    8662 : F2F2F2;
    8663 : F2F2F2;
    8664 : F2F2F2;
    8665 : F2F2F2;
    8666 : F2F2F2;
    8667 : F2F2F2;
    8668 : F2F2F2;
    8669 : F2F2F2;
    866A : F2F2F2;
    866B : F2F2F2;
    866C : F2F2F2;
    866D : F2F2F2;
    866E : F2F2F2;
    866F : F2F2F2;
    8670 : F2F2F2;
    8671 : F2F2F2;
    8672 : F2F2F2;
    8673 : F2F2F2;
    8674 : F2F2F2;
    8675 : F2F2F2;
    8676 : F2F2F2;
    8677 : F2F2F2;
    8678 : F2F2F2;
    8679 : F2F2F2;
    867A : F2F2F2;
    867B : F2F2F2;
    867C : F2F2F2;
    867D : F2F2F2;
    867E : F2F2F2;
    867F : F2F2F2;
    8680 : F2F2F2;
    8681 : F2F2F2;
    8682 : F2F2F2;
    8683 : F2F2F2;
    8684 : F2F2F2;
    8685 : F2F2F2;
    8686 : F2F2F2;
    8687 : F2F2F2;
    8688 : F0F0F0;
    8689 : F4F4F4;
    868A : F2F2F2;
    868B : EFEFEF;
    868C : F4F4F4;
    868D : F1F1F1;
    868E : FBFBFB;
    868F : 949494;
    8690 : 000000;
    8691 : 070707;
    8692 : 141414;
    8693 : 101010;
    8694 : 0B0B0B;
    8695 : 989898;
    8696 : 464646;
    8697 : 181818;
    8698 : 000000;
    8699 : 999999;
    869A : FBFBFB;
    869B : 636363;
    869C : 232323;
    869D : 252525;
    869E : 1C1C1C;
    869F : 111111;
    86A0 : 0F0F0F;
    86A1 : 0A0A0A;
    86A2 : 000000;
    86A3 : 232323;
    86A4 : 202020;
    86A5 : 0A0A0A;
    86A6 : 000000;
    86A7 : 191919;
    86A8 : 101010;
    86A9 : 242424;
    86AA : 0E0E0E;
    86AB : 2C2C2C;
    86AC : 8D8D8D;
    86AD : E8E8E8;
    86AE : FFFFFF;
    86AF : F4F4F2;
    86B0 : DADBD6;
    86B1 : 787973;
    86B2 : 282A27;
    86B3 : 0E100D;
    86B4 : 000102;
    86B5 : E2E6E7;
    86B6 : FCFFFF;
    86B7 : DCDDE1;
    86B8 : 3D3D3F;
    86B9 : 040000;
    86BA : 3C3231;
    86BB : 453633;
    86BC : 4A362F;
    86BD : 270F05;
    86BE : 674B3F;
    86BF : CAA48F;
    86C0 : F6BC97;
    86C1 : F2AF84;
    86C2 : EAAA7E;
    86C3 : EEAF84;
    86C4 : F0B289;
    86C5 : EFB48C;
    86C6 : EFB792;
    86C7 : D39F7A;
    86C8 : EAB897;
    86C9 : F3C4A6;
    86CA : DDB093;
    86CB : D1A58C;
    86CC : B68C74;
    86CD : A57C66;
    86CE : BA947F;
    86CF : DFBCA8;
    86D0 : D6BBAA;
    86D1 : A18B7D;
    86D2 : 5B493D;
    86D3 : 706259;
    86D4 : 958A86;
    86D5 : 908886;
    86D6 : 4E4A4B;
    86D7 : 4B4B4D;
    86D8 : 9C9DA1;
    86D9 : 727377;
    86DA : 161618;
    86DB : 232323;
    86DC : ACA8A9;
    86DD : F8F4F1;
    86DE : AFA7A5;
    86DF : 2B2623;
    86E0 : 3F3E3C;
    86E1 : 1D1D1D;
    86E2 : 383838;
    86E3 : 222222;
    86E4 : 3A3A3A;
    86E5 : 040404;
    86E6 : 0D0D0D;
    86E7 : 1C1C1C;
    86E8 : B9B9B9;
    86E9 : EFEFEF;
    86EA : 4E4E4E;
    86EB : 848484;
    86EC : FDFDFD;
    86ED : FDFDFD;
    86EE : E2E2E2;
    86EF : 7A7A7A;
    86F0 : 444444;
    86F1 : A8A8A8;
    86F2 : FFFFFF;
    86F3 : F7F7F7;
    86F4 : EFEFEF;
    86F5 : F1F1F1;
    86F6 : FFFFFF;
    86F7 : E5E5E5;
    86F8 : F2F2F2;
    86F9 : F2F2F2;
    86FA : F2F2F2;
    86FB : F2F2F2;
    86FC : F2F2F2;
    86FD : F2F2F2;
    86FE : F2F2F2;
    86FF : F2F2F2;
    8700 : F2F2F2;
    8701 : F2F2F2;
    8702 : F2F2F2;
    8703 : F2F2F2;
    8704 : F2F2F2;
    8705 : F2F2F2;
    8706 : F2F2F2;
    8707 : F2F2F2;
    8708 : F2F2F2;
    8709 : F2F2F2;
    870A : F2F2F2;
    870B : F2F2F2;
    870C : F2F2F2;
    870D : F2F2F2;
    870E : F2F2F2;
    870F : F2F2F2;
    8710 : F2F2F2;
    8711 : F2F2F2;
    8712 : F2F2F2;
    8713 : F2F2F2;
    8714 : F2F2F2;
    8715 : F2F2F2;
    8716 : F2F2F2;
    8717 : F2F2F2;
    8718 : F2F2F2;
    8719 : F2F2F2;
    871A : F2F2F2;
    871B : F2F2F2;
    871C : F2F2F2;
    871D : F2F2F2;
    871E : F2F2F2;
    871F : F2F2F2;
    8720 : F2F2F2;
    8721 : F2F2F2;
    8722 : F2F2F2;
    8723 : F2F2F2;
    8724 : F2F2F2;
    8725 : F2F2F2;
    8726 : F2F2F2;
    8727 : F2F2F2;
    8728 : F2F2F2;
    8729 : F2F2F2;
    872A : F2F2F2;
    872B : F2F2F2;
    872C : F2F2F2;
    872D : F2F2F2;
    872E : F2F2F2;
    872F : F2F2F2;
    8730 : F2F2F2;
    8731 : F2F2F2;
    8732 : F2F2F2;
    8733 : F2F2F2;
    8734 : F2F2F2;
    8735 : F2F2F2;
    8736 : F2F2F2;
    8737 : F2F2F2;
    8738 : F2F2F2;
    8739 : F2F2F2;
    873A : F2F2F2;
    873B : F2F2F2;
    873C : F2F2F2;
    873D : F2F2F2;
    873E : F2F2F2;
    873F : F2F2F2;
    8740 : F2F2F2;
    8741 : F2F2F2;
    8742 : F2F2F2;
    8743 : F2F2F2;
    8744 : F2F2F2;
    8745 : F2F2F2;
    8746 : F2F2F2;
    8747 : F2F2F2;
    8748 : F2F2F2;
    8749 : F2F2F2;
    874A : F2F2F2;
    874B : F2F2F2;
    874C : F2F2F2;
    874D : F2F2F2;
    874E : F2F2F2;
    874F : F2F2F2;
    8750 : EFEFEF;
    8751 : F6F6F6;
    8752 : F1F1F1;
    8753 : F0F0F0;
    8754 : F6F6F6;
    8755 : EEEEEE;
    8756 : FBFBFB;
    8757 : 696969;
    8758 : 010101;
    8759 : 111111;
    875A : 070707;
    875B : 030303;
    875C : 232323;
    875D : 757575;
    875E : B7B7B7;
    875F : DBDBDB;
    8760 : 333333;
    8761 : D8D8D8;
    8762 : FCFCFC;
    8763 : 222222;
    8764 : 000000;
    8765 : 000000;
    8766 : 1B1B1B;
    8767 : 121212;
    8768 : 0E0E0E;
    8769 : 050505;
    876A : 111111;
    876B : 0E0E0E;
    876C : 131313;
    876D : 0D0D0D;
    876E : 020202;
    876F : 141414;
    8770 : 1A1A1A;
    8771 : 020202;
    8772 : 090909;
    8773 : 9E9E9E;
    8774 : FFFFFF;
    8775 : F1F1F1;
    8776 : C6C6C6;
    8777 : E6E6E4;
    8778 : F1F2ED;
    8779 : FFFFFB;
    877A : 6A6C69;
    877B : 000100;
    877C : 141819;
    877D : 707475;
    877E : 929699;
    877F : 17181A;
    8780 : 0E0C0D;
    8781 : 3A3132;
    8782 : 40322F;
    8783 : 45322C;
    8784 : 3D251B;
    8785 : 44261B;
    8786 : B19081;
    8787 : E1B49D;
    8788 : E8AC87;
    8789 : EEAB80;
    878A : F9B98D;
    878B : F4B58A;
    878C : F7B990;
    878D : EAAF87;
    878E : DAA07B;
    878F : B47E5A;
    8790 : 986343;
    8791 : AB7A5A;
    8792 : AF8064;
    8793 : A2765B;
    8794 : 956950;
    8795 : 90664E;
    8796 : AD846E;
    8797 : E9C5AF;
    8798 : D2B39F;
    8799 : EFD5C4;
    879A : FFEBDD;
    879B : D3C1B5;
    879C : B7A8A1;
    879D : 584F4A;
    879E : 161010;
    879F : 191718;
    87A0 : 525254;
    87A1 : BCBDC1;
    87A2 : 78787A;
    87A3 : 343434;
    87A4 : ADA9AA;
    87A5 : FFFEFD;
    87A6 : B8B0AE;
    87A7 : 241F1C;
    87A8 : 2B2A28;
    87A9 : 323232;
    87AA : 3E3E3E;
    87AB : 3C3C3C;
    87AC : 252525;
    87AD : 515151;
    87AE : 5F5F5F;
    87AF : D0D0D0;
    87B0 : C9C9C9;
    87B1 : 8B8B8B;
    87B2 : 1A1A1A;
    87B3 : 2D2D2D;
    87B4 : 9B9B9B;
    87B5 : FCFCFC;
    87B6 : B8B8B8;
    87B7 : 373737;
    87B8 : 0D0D0D;
    87B9 : C3C3C3;
    87BA : FFFFFF;
    87BB : E8E8E8;
    87BC : F1F1F1;
    87BD : F0F0F0;
    87BE : F3F3F3;
    87BF : F3F3F3;
    87C0 : F2F2F2;
    87C1 : F2F2F2;
    87C2 : F2F2F2;
    87C3 : F2F2F2;
    87C4 : F2F2F2;
    87C5 : F2F2F2;
    87C6 : F2F2F2;
    87C7 : F2F2F2;
    87C8 : F2F2F2;
    87C9 : F2F2F2;
    87CA : F2F2F2;
    87CB : F2F2F2;
    87CC : F2F2F2;
    87CD : F2F2F2;
    87CE : F2F2F2;
    87CF : F2F2F2;
    87D0 : F2F2F2;
    87D1 : F2F2F2;
    87D2 : F2F2F2;
    87D3 : F2F2F2;
    87D4 : F2F2F2;
    87D5 : F2F2F2;
    87D6 : F2F2F2;
    87D7 : F2F2F2;
    87D8 : F2F2F2;
    87D9 : F2F2F2;
    87DA : F2F2F2;
    87DB : F2F2F2;
    87DC : F2F2F2;
    87DD : F2F2F2;
    87DE : F2F2F2;
    87DF : F2F2F2;
    87E0 : F2F2F2;
    87E1 : F2F2F2;
    87E2 : F2F2F2;
    87E3 : F2F2F2;
    87E4 : F2F2F2;
    87E5 : F2F2F2;
    87E6 : F2F2F2;
    87E7 : F2F2F2;
    87E8 : F2F2F2;
    87E9 : F2F2F2;
    87EA : F2F2F2;
    87EB : F2F2F2;
    87EC : F2F2F2;
    87ED : F2F2F2;
    87EE : F2F2F2;
    87EF : F2F2F2;
    87F0 : F2F2F2;
    87F1 : F2F2F2;
    87F2 : F2F2F2;
    87F3 : F2F2F2;
    87F4 : F2F2F2;
    87F5 : F2F2F2;
    87F6 : F2F2F2;
    87F7 : F2F2F2;
    87F8 : F2F2F2;
    87F9 : F2F2F2;
    87FA : F2F2F2;
    87FB : F2F2F2;
    87FC : F2F2F2;
    87FD : F2F2F2;
    87FE : F2F2F2;
    87FF : F2F2F2;
    8800 : F2F2F2;
    8801 : F2F2F2;
    8802 : F2F2F2;
    8803 : F2F2F2;
    8804 : F2F2F2;
    8805 : F2F2F2;
    8806 : F2F2F2;
    8807 : F2F2F2;
    8808 : F2F2F2;
    8809 : F2F2F2;
    880A : F2F2F2;
    880B : F2F2F2;
    880C : F2F2F2;
    880D : F2F2F2;
    880E : F2F2F2;
    880F : F2F2F2;
    8810 : F2F2F2;
    8811 : F2F2F2;
    8812 : F2F2F2;
    8813 : F2F2F2;
    8814 : F2F2F2;
    8815 : F2F2F2;
    8816 : F2F2F2;
    8817 : F2F2F2;
    8818 : EFEFEF;
    8819 : F7F7F7;
    881A : F0F0F0;
    881B : EFEFEF;
    881C : F7F7F7;
    881D : EDEDED;
    881E : FEFEFE;
    881F : 4E4E4E;
    8820 : 0E0E0E;
    8821 : 070707;
    8822 : 0A0A0A;
    8823 : 090909;
    8824 : 060606;
    8825 : 5D5D5D;
    8826 : E1E1E1;
    8827 : 888888;
    8828 : 161616;
    8829 : EAEAEA;
    882A : EEEEEE;
    882B : 818181;
    882C : 535353;
    882D : 1D1D1D;
    882E : 626262;
    882F : CBCBCB;
    8830 : 5D5D5D;
    8831 : 000000;
    8832 : 131313;
    8833 : 040404;
    8834 : 090909;
    8835 : 0B0B0B;
    8836 : 090909;
    8837 : 0B0B0B;
    8838 : 1C1C1C;
    8839 : 0C0C0C;
    883A : 4D4D4D;
    883B : F3F3F3;
    883C : DADADA;
    883D : 353535;
    883E : 121212;
    883F : 8E8E8C;
    8840 : FFFFFB;
    8841 : AAABA6;
    8842 : 020401;
    8843 : 8D8F8C;
    8844 : B2B6B7;
    8845 : 000102;
    8846 : 111216;
    8847 : 121214;
    8848 : 151112;
    8849 : 534948;
    884A : 3E2C28;
    884B : 473028;
    884C : 45291D;
    884D : 977667;
    884E : CDA896;
    884F : E0B29A;
    8850 : F3B793;
    8851 : F0AF85;
    8852 : F7B68C;
    8853 : E6A77E;
    8854 : F4B68F;
    8855 : F0B690;
    8856 : F7BF9A;
    8857 : F3BD99;
    8858 : 8D5838;
    8859 : 744323;
    885A : 936448;
    885B : 976B50;
    885C : 986C53;
    885D : 9C725A;
    885E : A87F69;
    885F : C7A18A;
    8860 : CCAC97;
    8861 : D1B5A0;
    8862 : F3D9C8;
    8863 : D7C1B3;
    8864 : C4B3A9;
    8865 : 7E736D;
    8866 : 3B3331;
    8867 : 1A1617;
    8868 : 121214;
    8869 : 6C6B70;
    886A : A5A5A7;
    886B : 868686;
    886C : D5D1D2;
    886D : FBF7F6;
    886E : 6C6462;
    886F : 25201D;
    8870 : 242321;
    8871 : 313131;
    8872 : 1A1A1A;
    8873 : 2D2D2D;
    8874 : 262626;
    8875 : AEAEAE;
    8876 : 787878;
    8877 : EAEAEA;
    8878 : C5C5C5;
    8879 : 282828;
    887A : 3C3C3C;
    887B : 292929;
    887C : 303030;
    887D : C3C3C3;
    887E : FCFCFC;
    887F : 474747;
    8880 : 454545;
    8881 : E5E5E5;
    8882 : F2F2F2;
    8883 : E9E9E9;
    8884 : F9F9F9;
    8885 : EBEBEB;
    8886 : EAEAEA;
    8887 : F8F8F8;
    8888 : F2F2F2;
    8889 : F2F2F2;
    888A : F2F2F2;
    888B : F2F2F2;
    888C : F2F2F2;
    888D : F2F2F2;
    888E : F2F2F2;
    888F : F2F2F2;
    8890 : F2F2F2;
    8891 : F2F2F2;
    8892 : F2F2F2;
    8893 : F2F2F2;
    8894 : F2F2F2;
    8895 : F2F2F2;
    8896 : F2F2F2;
    8897 : F2F2F2;
    8898 : F2F2F2;
    8899 : F2F2F2;
    889A : F2F2F2;
    889B : F2F2F2;
    889C : F2F2F2;
    889D : F2F2F2;
    889E : F2F2F2;
    889F : F2F2F2;
    88A0 : F2F2F2;
    88A1 : F2F2F2;
    88A2 : F2F2F2;
    88A3 : F2F2F2;
    88A4 : F2F2F2;
    88A5 : F2F2F2;
    88A6 : F2F2F2;
    88A7 : F2F2F2;
    88A8 : F2F2F2;
    88A9 : F2F2F2;
    88AA : F2F2F2;
    88AB : F2F2F2;
    88AC : F2F2F2;
    88AD : F2F2F2;
    88AE : F2F2F2;
    88AF : F2F2F2;
    88B0 : F2F2F2;
    88B1 : F2F2F2;
    88B2 : F2F2F2;
    88B3 : F2F2F2;
    88B4 : F2F2F2;
    88B5 : F2F2F2;
    88B6 : F2F2F2;
    88B7 : F2F2F2;
    88B8 : F2F2F2;
    88B9 : F2F2F2;
    88BA : F2F2F2;
    88BB : F2F2F2;
    88BC : F2F2F2;
    88BD : F2F2F2;
    88BE : F2F2F2;
    88BF : F2F2F2;
    88C0 : F2F2F2;
    88C1 : F2F2F2;
    88C2 : F2F2F2;
    88C3 : F2F2F2;
    88C4 : F2F2F2;
    88C5 : F2F2F2;
    88C6 : F2F2F2;
    88C7 : F2F2F2;
    88C8 : F2F2F2;
    88C9 : F2F2F2;
    88CA : F2F2F2;
    88CB : F2F2F2;
    88CC : F2F2F2;
    88CD : F2F2F2;
    88CE : F2F2F2;
    88CF : F2F2F2;
    88D0 : F2F2F2;
    88D1 : F2F2F2;
    88D2 : F2F2F2;
    88D3 : F2F2F2;
    88D4 : F2F2F2;
    88D5 : F2F2F2;
    88D6 : F2F2F2;
    88D7 : F2F2F2;
    88D8 : F2F2F2;
    88D9 : F2F2F2;
    88DA : F2F2F2;
    88DB : F2F2F2;
    88DC : F2F2F2;
    88DD : F2F2F2;
    88DE : F2F2F2;
    88DF : F2F2F2;
    88E0 : F0F0F0;
    88E1 : F8F8F8;
    88E2 : EFEFEF;
    88E3 : EEEEEE;
    88E4 : F7F7F7;
    88E5 : EEEEEE;
    88E6 : FFFFFF;
    88E7 : 424242;
    88E8 : 000000;
    88E9 : 161616;
    88EA : 070707;
    88EB : 181818;
    88EC : 0B0B0B;
    88ED : 000000;
    88EE : 1C1C1C;
    88EF : 000000;
    88F0 : 0D0D0D;
    88F1 : B1B1B1;
    88F2 : F4F4F4;
    88F3 : FFFFFF;
    88F4 : DEDEDE;
    88F5 : 222222;
    88F6 : 9F9F9F;
    88F7 : FFFFFF;
    88F8 : C3C3C3;
    88F9 : 000000;
    88FA : 060606;
    88FB : 040404;
    88FC : 0A0A0A;
    88FD : 080808;
    88FE : 0C0C0C;
    88FF : 040404;
    8900 : 050505;
    8901 : 030303;
    8902 : 3E3E3E;
    8903 : AFAFAF;
    8904 : 6E6E6E;
    8905 : 040404;
    8906 : 262626;
    8907 : AAAAAA;
    8908 : AAAAA8;
    8909 : 2A2A28;
    890A : 171918;
    890B : D2D4D3;
    890C : F7FBFC;
    890D : 414244;
    890E : 000002;
    890F : 121011;
    8910 : 1E1614;
    8911 : 20130D;
    8912 : 513D36;
    8913 : 34180C;
    8914 : 7A5648;
    8915 : D7AE9C;
    8916 : DAAB97;
    8917 : EEB89E;
    8918 : F3B491;
    8919 : EFAE86;
    891A : FBBA92;
    891B : EAAA84;
    891C : FABA94;
    891D : E9AB86;
    891E : EAB08B;
    891F : F3BB9A;
    8920 : DCA788;
    8921 : 825133;
    8922 : 90624A;
    8923 : 764C34;
    8924 : 57311C;
    8925 : 593622;
    8926 : 684734;
    8927 : 785B49;
    8928 : 8E7561;
    8929 : 887360;
    892A : 8A7768;
    892B : 746457;
    892C : 5D5048;
    892D : 9F9490;
    892E : 9E9596;
    892F : 8B8587;
    8930 : 454044;
    8931 : 222025;
    8932 : 7A7A7C;
    8933 : A7A7A9;
    8934 : 9E9C9D;
    8935 : 6C6B69;
    8936 : 32312F;
    8937 : 7C7B79;
    8938 : 888888;
    8939 : 4F4F4F;
    893A : 363636;
    893B : 1E1E1E;
    893C : 959595;
    893D : FCFCFC;
    893E : 6C6C6C;
    893F : 595959;
    8940 : FFFFFF;
    8941 : A3A3A3;
    8942 : 262626;
    8943 : 4C4C4C;
    8944 : 2F2F2F;
    8945 : 676767;
    8946 : D4D4D4;
    8947 : 1D1D1D;
    8948 : 7E7E7E;
    8949 : FAFAFA;
    894A : F3F3F3;
    894B : F9F9F9;
    894C : EEEEEE;
    894D : EFEFEF;
    894E : FCFCFC;
    894F : E4E4E4;
    8950 : F2F2F2;
    8951 : F2F2F2;
    8952 : F2F2F2;
    8953 : F2F2F2;
    8954 : F2F2F2;
    8955 : F2F2F2;
    8956 : F2F2F2;
    8957 : F2F2F2;
    8958 : F2F2F2;
    8959 : F2F2F2;
    895A : F2F2F2;
    895B : F2F2F2;
    895C : F2F2F2;
    895D : F2F2F2;
    895E : F2F2F2;
    895F : F2F2F2;
    8960 : F2F2F2;
    8961 : F2F2F2;
    8962 : F2F2F2;
    8963 : F2F2F2;
    8964 : F2F2F2;
    8965 : F2F2F2;
    8966 : F2F2F2;
    8967 : F2F2F2;
    8968 : F2F2F2;
    8969 : F2F2F2;
    896A : F2F2F2;
    896B : F2F2F2;
    896C : F2F2F2;
    896D : F2F2F2;
    896E : F2F2F2;
    896F : F2F2F2;
    8970 : F2F2F2;
    8971 : F2F2F2;
    8972 : F2F2F2;
    8973 : F2F2F2;
    8974 : F2F2F2;
    8975 : F2F2F2;
    8976 : F2F2F2;
    8977 : F2F2F2;
    8978 : F2F2F2;
    8979 : F2F2F2;
    897A : F2F2F2;
    897B : F2F2F2;
    897C : F2F2F2;
    897D : F2F2F2;
    897E : F2F2F2;
    897F : F2F2F2;
    8980 : F2F2F2;
    8981 : F2F2F2;
    8982 : F2F2F2;
    8983 : F2F2F2;
    8984 : F2F2F2;
    8985 : F2F2F2;
    8986 : F2F2F2;
    8987 : F2F2F2;
    8988 : F2F2F2;
    8989 : F2F2F2;
    898A : F2F2F2;
    898B : F2F2F2;
    898C : F2F2F2;
    898D : F2F2F2;
    898E : F2F2F2;
    898F : F2F2F2;
    8990 : F2F2F2;
    8991 : F2F2F2;
    8992 : F2F2F2;
    8993 : F2F2F2;
    8994 : F2F2F2;
    8995 : F2F2F2;
    8996 : F2F2F2;
    8997 : F2F2F2;
    8998 : F2F2F2;
    8999 : F2F2F2;
    899A : F2F2F2;
    899B : F2F2F2;
    899C : F2F2F2;
    899D : F2F2F2;
    899E : F2F2F2;
    899F : F2F2F2;
    89A0 : F2F2F2;
    89A1 : F2F2F2;
    89A2 : F2F2F2;
    89A3 : F2F2F2;
    89A4 : F2F2F2;
    89A5 : F2F2F2;
    89A6 : F2F2F2;
    89A7 : F2F2F2;
    89A8 : EAEAEA;
    89A9 : FBFBFB;
    89AA : F7F7F7;
    89AB : ECECEC;
    89AC : F0F0F0;
    89AD : FFFFFF;
    89AE : F3F3F3;
    89AF : 4F4F4F;
    89B0 : 161616;
    89B1 : 131313;
    89B2 : 131313;
    89B3 : 070707;
    89B4 : 060606;
    89B5 : 000000;
    89B6 : 1A1A1A;
    89B7 : 111111;
    89B8 : 0D0D0D;
    89B9 : 212121;
    89BA : 838383;
    89BB : A7A7A7;
    89BC : 3B3B3B;
    89BD : 090909;
    89BE : 838383;
    89BF : FFFFFF;
    89C0 : D6D6D6;
    89C1 : 949494;
    89C2 : 9E9E9E;
    89C3 : 464646;
    89C4 : 000000;
    89C5 : 111111;
    89C6 : 070707;
    89C7 : 080808;
    89C8 : 0E0E0E;
    89C9 : 080808;
    89CA : 0C0C0C;
    89CB : 202020;
    89CC : 1B1B1B;
    89CD : 1A1A1A;
    89CE : 2F2F2F;
    89CF : 262626;
    89D0 : 121214;
    89D1 : 000004;
    89D2 : 131416;
    89D3 : E1E2E4;
    89D4 : FEFFFF;
    89D5 : 4B4D4C;
    89D6 : 050400;
    89D7 : 15100A;
    89D8 : 170D04;
    89D9 : 180600;
    89DA : 250900;
    89DB : 795442;
    89DC : CA9B89;
    89DD : D8A18C;
    89DE : E1A48F;
    89DF : F2B096;
    89E0 : F6B492;
    89E1 : F8B48F;
    89E2 : F6B28D;
    89E3 : F4B08B;
    89E4 : F3AF8A;
    89E5 : F0AE8B;
    89E6 : F0B08D;
    89E7 : EDB091;
    89E8 : FDC6A8;
    89E9 : B28067;
    89EA : 936953;
    89EB : 95725F;
    89EC : 523628;
    89ED : 1F0900;
    89EE : 301E14;
    89EF : 2A1D14;
    89F0 : 2C261A;
    89F1 : 1D1B0F;
    89F2 : 2E2A21;
    89F3 : 312C26;
    89F4 : 1F1A17;
    89F5 : 463D3E;
    89F6 : 82797E;
    89F7 : 92898E;
    89F8 : 8D868D;
    89F9 : 171218;
    89FA : 312F34;
    89FB : 5E5E60;
    89FC : 626365;
    89FD : 737776;
    89FE : 888E8C;
    89FF : C9CFCD;
    8A00 : E2E4E3;
    8A01 : 868686;
    8A02 : 1A1A1A;
    8A03 : 838383;
    8A04 : FBFBFB;
    8A05 : F9F9F9;
    8A06 : 646464;
    8A07 : 1B1B1B;
    8A08 : 999999;
    8A09 : F4F4F4;
    8A0A : 4A4A4A;
    8A0B : 373737;
    8A0C : 434343;
    8A0D : 343434;
    8A0E : 373737;
    8A0F : 161616;
    8A10 : D1D1D1;
    8A11 : FFFFFF;
    8A12 : F1F1F1;
    8A13 : F4F4F4;
    8A14 : E3E3E3;
    8A15 : EFEFEF;
    8A16 : F4F4F4;
    8A17 : F4F4F4;
    8A18 : F2F2F2;
    8A19 : F2F2F2;
    8A1A : F2F2F2;
    8A1B : F2F2F2;
    8A1C : F2F2F2;
    8A1D : F2F2F2;
    8A1E : F2F2F2;
    8A1F : F2F2F2;
    8A20 : F2F2F2;
    8A21 : F2F2F2;
    8A22 : F2F2F2;
    8A23 : F2F2F2;
    8A24 : F2F2F2;
    8A25 : F2F2F2;
    8A26 : F2F2F2;
    8A27 : F2F2F2;
    8A28 : F2F2F2;
    8A29 : F2F2F2;
    8A2A : F2F2F2;
    8A2B : F2F2F2;
    8A2C : F2F2F2;
    8A2D : F2F2F2;
    8A2E : F2F2F2;
    8A2F : F2F2F2;
    8A30 : F2F2F2;
    8A31 : F2F2F2;
    8A32 : F2F2F2;
    8A33 : F2F2F2;
    8A34 : F2F2F2;
    8A35 : F2F2F2;
    8A36 : F2F2F2;
    8A37 : F2F2F2;
    8A38 : F2F2F2;
    8A39 : F2F2F2;
    8A3A : F2F2F2;
    8A3B : F2F2F2;
    8A3C : F2F2F2;
    8A3D : F2F2F2;
    8A3E : F2F2F2;
    8A3F : F2F2F2;
    8A40 : F2F2F2;
    8A41 : F2F2F2;
    8A42 : F2F2F2;
    8A43 : F2F2F2;
    8A44 : F2F2F2;
    8A45 : F2F2F2;
    8A46 : F2F2F2;
    8A47 : F2F2F2;
    8A48 : F2F2F2;
    8A49 : F2F2F2;
    8A4A : F2F2F2;
    8A4B : F2F2F2;
    8A4C : F2F2F2;
    8A4D : F2F2F2;
    8A4E : F2F2F2;
    8A4F : F2F2F2;
    8A50 : F2F2F2;
    8A51 : F2F2F2;
    8A52 : F2F2F2;
    8A53 : F2F2F2;
    8A54 : F2F2F2;
    8A55 : F2F2F2;
    8A56 : F2F2F2;
    8A57 : F2F2F2;
    8A58 : F2F2F2;
    8A59 : F2F2F2;
    8A5A : F2F2F2;
    8A5B : F2F2F2;
    8A5C : F2F2F2;
    8A5D : F2F2F2;
    8A5E : F2F2F2;
    8A5F : F2F2F2;
    8A60 : F2F2F2;
    8A61 : F2F2F2;
    8A62 : F2F2F2;
    8A63 : F2F2F2;
    8A64 : F2F2F2;
    8A65 : F2F2F2;
    8A66 : F2F2F2;
    8A67 : F2F2F2;
    8A68 : F2F2F2;
    8A69 : F2F2F2;
    8A6A : F2F2F2;
    8A6B : F2F2F2;
    8A6C : F2F2F2;
    8A6D : F2F2F2;
    8A6E : F2F2F2;
    8A6F : F2F2F2;
    8A70 : EFEFEF;
    8A71 : F8F8F8;
    8A72 : F1F1F1;
    8A73 : F2F2F2;
    8A74 : EFEFEF;
    8A75 : F3F3F3;
    8A76 : EFEFEF;
    8A77 : 4C4C4C;
    8A78 : 3D3D3D;
    8A79 : 000000;
    8A7A : 030303;
    8A7B : 070707;
    8A7C : 191919;
    8A7D : 0D0D0D;
    8A7E : 060606;
    8A7F : 111111;
    8A80 : 0B0B0B;
    8A81 : 161616;
    8A82 : 000000;
    8A83 : 000000;
    8A84 : 121212;
    8A85 : 060606;
    8A86 : 313131;
    8A87 : ADADAD;
    8A88 : FFFFFF;
    8A89 : F0F0F0;
    8A8A : FFFFFF;
    8A8B : 989898;
    8A8C : 171717;
    8A8D : 000000;
    8A8E : 000000;
    8A8F : 171717;
    8A90 : 1D1D1D;
    8A91 : 171717;
    8A92 : 141414;
    8A93 : 2B2B2B;
    8A94 : 353535;
    8A95 : 303030;
    8A96 : 303030;
    8A97 : 1C1C1E;
    8A98 : 000004;
    8A99 : 0C0B10;
    8A9A : 151419;
    8A9B : 6D6E70;
    8A9C : 797B7A;
    8A9D : 1E1E1C;
    8A9E : 0F0C07;
    8A9F : 1A1309;
    8AA0 : 1F1106;
    8AA1 : 130000;
    8AA2 : 4A2918;
    8AA3 : B18673;
    8AA4 : D9A28D;
    8AA5 : E1A38C;
    8AA6 : FCB69D;
    8AA7 : F4AD91;
    8AA8 : E9A582;
    8AA9 : EBA782;
    8AAA : F0AC87;
    8AAB : F6B08C;
    8AAC : F8B28E;
    8AAD : F7B18D;
    8AAE : F2AD8C;
    8AAF : EBAA8A;
    8AB0 : FEC2A6;
    8AB1 : E0AC94;
    8AB2 : C29580;
    8AB3 : AF8C79;
    8AB4 : 795D51;
    8AB5 : 3C281D;
    8AB6 : 33221B;
    8AB7 : 281F18;
    8AB8 : 25251D;
    8AB9 : 1D1E16;
    8ABA : 1B1C16;
    8ABB : 2E2D28;
    8ABC : 2E2A27;
    8ABD : 2E282A;
    8ABE : 2D2429;
    8ABF : 372E33;
    8AC0 : 453B43;
    8AC1 : 342D34;
    8AC2 : 222025;
    8AC3 : 0F0E13;
    8AC4 : 535758;
    8AC5 : 9FA5A5;
    8AC6 : 6A7571;
    8AC7 : 303936;
    8AC8 : 5A5C5B;
    8AC9 : 636363;
    8ACA : BCBCBC;
    8ACB : F7F7F7;
    8ACC : FEFEFE;
    8ACD : CACACA;
    8ACE : 414141;
    8ACF : 333333;
    8AD0 : 898989;
    8AD1 : FFFFFF;
    8AD2 : 4C4C4C;
    8AD3 : 323232;
    8AD4 : 424242;
    8AD5 : 313131;
    8AD6 : 424242;
    8AD7 : 1D1D1D;
    8AD8 : C4C4C4;
    8AD9 : FFFFFF;
    8ADA : EEEEEE;
    8ADB : FFFFFF;
    8ADC : F9F9F9;
    8ADD : F9F9F9;
    8ADE : EDEDED;
    8ADF : ECECEC;
    8AE0 : F2F2F2;
    8AE1 : F2F2F2;
    8AE2 : F2F2F2;
    8AE3 : F2F2F2;
    8AE4 : F2F2F2;
    8AE5 : F2F2F2;
    8AE6 : F2F2F2;
    8AE7 : F2F2F2;
    8AE8 : F2F2F2;
    8AE9 : F2F2F2;
    8AEA : F2F2F2;
    8AEB : F2F2F2;
    8AEC : F2F2F2;
    8AED : F2F2F2;
    8AEE : F2F2F2;
    8AEF : F2F2F2;
    8AF0 : F2F2F2;
    8AF1 : F2F2F2;
    8AF2 : F2F2F2;
    8AF3 : F2F2F2;
    8AF4 : F2F2F2;
    8AF5 : F2F2F2;
    8AF6 : F2F2F2;
    8AF7 : F2F2F2;
    8AF8 : F2F2F2;
    8AF9 : F2F2F2;
    8AFA : F2F2F2;
    8AFB : F2F2F2;
    8AFC : F2F2F2;
    8AFD : F2F2F2;
    8AFE : F2F2F2;
    8AFF : F2F2F2;
    8B00 : F2F2F2;
    8B01 : F2F2F2;
    8B02 : F2F2F2;
    8B03 : F2F2F2;
    8B04 : F2F2F2;
    8B05 : F2F2F2;
    8B06 : F2F2F2;
    8B07 : F2F2F2;
    8B08 : F2F2F2;
    8B09 : F2F2F2;
    8B0A : F2F2F2;
    8B0B : F2F2F2;
    8B0C : F2F2F2;
    8B0D : F2F2F2;
    8B0E : F2F2F2;
    8B0F : F2F2F2;
    8B10 : F2F2F2;
    8B11 : F2F2F2;
    8B12 : F2F2F2;
    8B13 : F2F2F2;
    8B14 : F2F2F2;
    8B15 : F2F2F2;
    8B16 : F2F2F2;
    8B17 : F2F2F2;
    8B18 : F2F2F2;
    8B19 : F2F2F2;
    8B1A : F2F2F2;
    8B1B : F2F2F2;
    8B1C : F2F2F2;
    8B1D : F2F2F2;
    8B1E : F2F2F2;
    8B1F : F2F2F2;
    8B20 : F2F2F2;
    8B21 : F2F2F2;
    8B22 : F2F2F2;
    8B23 : F2F2F2;
    8B24 : F2F2F2;
    8B25 : F2F2F2;
    8B26 : F2F2F2;
    8B27 : F2F2F2;
    8B28 : F2F2F2;
    8B29 : F2F2F2;
    8B2A : F2F2F2;
    8B2B : F2F2F2;
    8B2C : F2F2F2;
    8B2D : F2F2F2;
    8B2E : F2F2F2;
    8B2F : F2F2F2;
    8B30 : F2F2F2;
    8B31 : F2F2F2;
    8B32 : F2F2F2;
    8B33 : F2F2F2;
    8B34 : F2F2F2;
    8B35 : F2F2F2;
    8B36 : F2F2F2;
    8B37 : F2F2F2;
    8B38 : F3F3F3;
    8B39 : F5F5F5;
    8B3A : E9E9E9;
    8B3B : F9F9F9;
    8B3C : F0F0F0;
    8B3D : EAEAEA;
    8B3E : F3F3F3;
    8B3F : 4C4C4C;
    8B40 : 3C3C3C;
    8B41 : 050505;
    8B42 : 171717;
    8B43 : 000000;
    8B44 : 0D0D0D;
    8B45 : 171717;
    8B46 : 040404;
    8B47 : 0D0D0D;
    8B48 : 111111;
    8B49 : 101010;
    8B4A : 060606;
    8B4B : 0E0E0E;
    8B4C : 212121;
    8B4D : 141414;
    8B4E : 020202;
    8B4F : 0B0B0B;
    8B50 : 3B3B3B;
    8B51 : 383838;
    8B52 : 434343;
    8B53 : 252525;
    8B54 : 070707;
    8B55 : 0F0F0F;
    8B56 : 101010;
    8B57 : 111111;
    8B58 : 404040;
    8B59 : 313131;
    8B5A : 111111;
    8B5B : 191919;
    8B5C : 303030;
    8B5D : 323232;
    8B5E : 313131;
    8B5F : 262628;
    8B60 : 18161B;
    8B61 : 343338;
    8B62 : 29282D;
    8B63 : 1C1C1E;
    8B64 : 111111;
    8B65 : 040500;
    8B66 : 110E07;
    8B67 : 160D04;
    8B68 : 0D0000;
    8B69 : 483121;
    8B6A : 967360;
    8B6B : C39681;
    8B6C : C18972;
    8B6D : D6967D;
    8B6E : FEB69D;
    8B6F : EDA688;
    8B70 : F1AD8A;
    8B71 : EBAA84;
    8B72 : E8A47D;
    8B73 : E9A47D;
    8B74 : EDA881;
    8B75 : F1AB87;
    8B76 : F3AD89;
    8B77 : F0AE8C;
    8B78 : DB9C7D;
    8B79 : FDC4A7;
    8B7A : F5C3AA;
    8B7B : DBB19B;
    8B7C : AB8875;
    8B7D : 5E4234;
    8B7E : 31190D;
    8B7F : 1E0C02;
    8B80 : 21170D;
    8B81 : 2B2519;
    8B82 : 1F180E;
    8B83 : 373028;
    8B84 : 352E28;
    8B85 : 29211F;
    8B86 : 211819;
    8B87 : 544E50;
    8B88 : C3BDC1;
    8B89 : A5A0A4;
    8B8A : 312F32;
    8B8B : 08080A;
    8B8C : 747879;
    8B8D : A5ABAB;
    8B8E : 535959;
    8B8F : 101616;
    8B90 : 989A99;
    8B91 : F7F7F7;
    8B92 : E6E6E6;
    8B93 : EAEAEA;
    8B94 : 8B8B8B;
    8B95 : 131313;
    8B96 : 474747;
    8B97 : 1F1F1F;
    8B98 : A7A7A7;
    8B99 : FFFFFF;
    8B9A : 424242;
    8B9B : 292929;
    8B9C : 464646;
    8B9D : 373737;
    8B9E : 444444;
    8B9F : 101010;
    8BA0 : AFAFAF;
    8BA1 : FFFFFF;
    8BA2 : DBDBDB;
    8BA3 : ECECEC;
    8BA4 : F2F2F2;
    8BA5 : F6F6F6;
    8BA6 : EEEEEE;
    8BA7 : FBFBFB;
    8BA8 : F2F2F2;
    8BA9 : F2F2F2;
    8BAA : F2F2F2;
    8BAB : F2F2F2;
    8BAC : F2F2F2;
    8BAD : F2F2F2;
    8BAE : F2F2F2;
    8BAF : F2F2F2;
    8BB0 : F2F2F2;
    8BB1 : F2F2F2;
    8BB2 : F2F2F2;
    8BB3 : F2F2F2;
    8BB4 : F2F2F2;
    8BB5 : F2F2F2;
    8BB6 : F2F2F2;
    8BB7 : F2F2F2;
    8BB8 : F2F2F2;
    8BB9 : F2F2F2;
    8BBA : F2F2F2;
    8BBB : F2F2F2;
    8BBC : F2F2F2;
    8BBD : F2F2F2;
    8BBE : F2F2F2;
    8BBF : F2F2F2;
    8BC0 : F2F2F2;
    8BC1 : F2F2F2;
    8BC2 : F2F2F2;
    8BC3 : F2F2F2;
    8BC4 : F2F2F2;
    8BC5 : F2F2F2;
    8BC6 : F2F2F2;
    8BC7 : F2F2F2;
    8BC8 : F2F2F2;
    8BC9 : F2F2F2;
    8BCA : F2F2F2;
    8BCB : F2F2F2;
    8BCC : F2F2F2;
    8BCD : F2F2F2;
    8BCE : F2F2F2;
    8BCF : F2F2F2;
    8BD0 : F2F2F2;
    8BD1 : F2F2F2;
    8BD2 : F2F2F2;
    8BD3 : F2F2F2;
    8BD4 : F2F2F2;
    8BD5 : F2F2F2;
    8BD6 : F2F2F2;
    8BD7 : F2F2F2;
    8BD8 : F2F2F2;
    8BD9 : F2F2F2;
    8BDA : F2F2F2;
    8BDB : F2F2F2;
    8BDC : F2F2F2;
    8BDD : F2F2F2;
    8BDE : F2F2F2;
    8BDF : F2F2F2;
    8BE0 : F2F2F2;
    8BE1 : F2F2F2;
    8BE2 : F2F2F2;
    8BE3 : F2F2F2;
    8BE4 : F2F2F2;
    8BE5 : F2F2F2;
    8BE6 : F2F2F2;
    8BE7 : F2F2F2;
    8BE8 : F2F2F2;
    8BE9 : F2F2F2;
    8BEA : F2F2F2;
    8BEB : F2F2F2;
    8BEC : F2F2F2;
    8BED : F2F2F2;
    8BEE : F2F2F2;
    8BEF : F2F2F2;
    8BF0 : F2F2F2;
    8BF1 : F2F2F2;
    8BF2 : F2F2F2;
    8BF3 : F2F2F2;
    8BF4 : F2F2F2;
    8BF5 : F2F2F2;
    8BF6 : F2F2F2;
    8BF7 : F2F2F2;
    8BF8 : F2F2F2;
    8BF9 : F2F2F2;
    8BFA : F2F2F2;
    8BFB : F2F2F2;
    8BFC : F2F2F2;
    8BFD : F2F2F2;
    8BFE : F2F2F2;
    8BFF : F2F2F2;
    8C00 : F1F1F1;
    8C01 : F5F5F5;
    8C02 : E6E6E6;
    8C03 : FBFBFB;
    8C04 : F3F3F3;
    8C05 : EEEEEE;
    8C06 : FDFDFD;
    8C07 : 505050;
    8C08 : 313131;
    8C09 : 0D0D0D;
    8C0A : 1B1B1B;
    8C0B : 000000;
    8C0C : 050505;
    8C0D : 101010;
    8C0E : 090909;
    8C0F : 0A0A0A;
    8C10 : 262626;
    8C11 : 070707;
    8C12 : 1A1A1A;
    8C13 : 1D1D1D;
    8C14 : 000000;
    8C15 : 060606;
    8C16 : 272727;
    8C17 : 0C0C0C;
    8C18 : 040404;
    8C19 : 101010;
    8C1A : 0C0C0C;
    8C1B : 0A0A0A;
    8C1C : 0D0D0D;
    8C1D : 0E0E0E;
    8C1E : 0F0F0F;
    8C1F : 0A0A0A;
    8C20 : 313131;
    8C21 : 2A2A2A;
    8C22 : 010101;
    8C23 : 000000;
    8C24 : 161616;
    8C25 : 1F1F1F;
    8C26 : 2F2F2F;
    8C27 : 3A3A3A;
    8C28 : 353336;
    8C29 : 312F32;
    8C2A : 262628;
    8C2B : 101010;
    8C2C : 060604;
    8C2D : 070601;
    8C2E : 070200;
    8C2F : 0F0500;
    8C30 : 2C1A0C;
    8C31 : 957B6A;
    8C32 : B89380;
    8C33 : AD7F68;
    8C34 : B77D65;
    8C35 : C58468;
    8C36 : DC9277;
    8C37 : E79E7E;
    8C38 : F5B390;
    8C39 : EDAD87;
    8C3A : E7A67E;
    8C3B : E6A27B;
    8C3C : E9A47D;
    8C3D : EDA57F;
    8C3E : EDA57F;
    8C3F : EAA480;
    8C40 : F0AE8B;
    8C41 : F3B493;
    8C42 : DCA386;
    8C43 : E6B499;
    8C44 : F7CAB3;
    8C45 : D1AB96;
    8C46 : 896855;
    8C47 : 422716;
    8C48 : 251203;
    8C49 : 2E1E11;
    8C4A : 201205;
    8C4B : 382C20;
    8C4C : 2E241B;
    8C4D : 2D241F;
    8C4E : 322A27;
    8C4F : 6C6867;
    8C50 : BEBABB;
    8C51 : 989699;
    8C52 : 343436;
    8C53 : 444547;
    8C54 : 949597;
    8C55 : 707475;
    8C56 : 424647;
    8C57 : 585C5D;
    8C58 : 6B6B6B;
    8C59 : 535353;
    8C5A : 515151;
    8C5B : 1F1F1F;
    8C5C : 252525;
    8C5D : 585858;
    8C5E : 363636;
    8C5F : 343434;
    8C60 : DEDEDE;
    8C61 : DBDBDB;
    8C62 : 3C3C3C;
    8C63 : 2E2E2E;
    8C64 : 414141;
    8C65 : 3A3A3A;
    8C66 : 3E3E3E;
    8C67 : 131313;
    8C68 : A7A7A7;
    8C69 : FFFFFF;
    8C6A : F1F1F1;
    8C6B : EEEEEE;
    8C6C : EDEDED;
    8C6D : F0F0F0;
    8C6E : EAEAEA;
    8C6F : F8F8F8;
    8C70 : F2F2F2;
    8C71 : F2F2F2;
    8C72 : F2F2F2;
    8C73 : F2F2F2;
    8C74 : F2F2F2;
    8C75 : F2F2F2;
    8C76 : F2F2F2;
    8C77 : F2F2F2;
    8C78 : F2F2F2;
    8C79 : F2F2F2;
    8C7A : F2F2F2;
    8C7B : F2F2F2;
    8C7C : F2F2F2;
    8C7D : F2F2F2;
    8C7E : F2F2F2;
    8C7F : F2F2F2;
    8C80 : F2F2F2;
    8C81 : F2F2F2;
    8C82 : F2F2F2;
    8C83 : F2F2F2;
    8C84 : F2F2F2;
    8C85 : F2F2F2;
    8C86 : F2F2F2;
    8C87 : F2F2F2;
    8C88 : F2F2F2;
    8C89 : F2F2F2;
    8C8A : F2F2F2;
    8C8B : F2F2F2;
    8C8C : F2F2F2;
    8C8D : F2F2F2;
    8C8E : F2F2F2;
    8C8F : F2F2F2;
    8C90 : F2F2F2;
    8C91 : F2F2F2;
    8C92 : F2F2F2;
    8C93 : F2F2F2;
    8C94 : F2F2F2;
    8C95 : F2F2F2;
    8C96 : F2F2F2;
    8C97 : F2F2F2;
    8C98 : F2F2F2;
    8C99 : F2F2F2;
    8C9A : F2F2F2;
    8C9B : F2F2F2;
    8C9C : F2F2F2;
    8C9D : F2F2F2;
    8C9E : F2F2F2;
    8C9F : F2F2F2;
    8CA0 : F2F2F2;
    8CA1 : F2F2F2;
    8CA2 : F2F2F2;
    8CA3 : F2F2F2;
    8CA4 : F2F2F2;
    8CA5 : F2F2F2;
    8CA6 : F2F2F2;
    8CA7 : F2F2F2;
    8CA8 : F2F2F2;
    8CA9 : F2F2F2;
    8CAA : F2F2F2;
    8CAB : F2F2F2;
    8CAC : F2F2F2;
    8CAD : F2F2F2;
    8CAE : F2F2F2;
    8CAF : F2F2F2;
    8CB0 : F2F2F2;
    8CB1 : F2F2F2;
    8CB2 : F2F2F2;
    8CB3 : F2F2F2;
    8CB4 : F2F2F2;
    8CB5 : F2F2F2;
    8CB6 : F2F2F2;
    8CB7 : F2F2F2;
    8CB8 : F2F2F2;
    8CB9 : F2F2F2;
    8CBA : F2F2F2;
    8CBB : F2F2F2;
    8CBC : F2F2F2;
    8CBD : F2F2F2;
    8CBE : F2F2F2;
    8CBF : F2F2F2;
    8CC0 : F2F2F2;
    8CC1 : F2F2F2;
    8CC2 : F2F2F2;
    8CC3 : F2F2F2;
    8CC4 : F2F2F2;
    8CC5 : F2F2F2;
    8CC6 : F2F2F2;
    8CC7 : F2F2F2;
    8CC8 : EEEEEE;
    8CC9 : F6F6F6;
    8CCA : EAEAEA;
    8CCB : F5F5F5;
    8CCC : F2F2F2;
    8CCD : F4F4F4;
    8CCE : FFFFFF;
    8CCF : 5C5C5C;
    8CD0 : 3B3B3B;
    8CD1 : 0A0A0A;
    8CD2 : 000000;
    8CD3 : 080808;
    8CD4 : 171717;
    8CD5 : 020202;
    8CD6 : 090909;
    8CD7 : 090909;
    8CD8 : 000000;
    8CD9 : 040404;
    8CDA : 0B0B0B;
    8CDB : 121212;
    8CDC : 161616;
    8CDD : 121212;
    8CDE : 0C0C0C;
    8CDF : 0B0B0B;
    8CE0 : 060606;
    8CE1 : 1A1A1A;
    8CE2 : 0F0F0F;
    8CE3 : 101010;
    8CE4 : 131313;
    8CE5 : 090909;
    8CE6 : 0F0F0F;
    8CE7 : 131313;
    8CE8 : 1C1C1C;
    8CE9 : 2C2C2C;
    8CEA : 151515;
    8CEB : 090909;
    8CEC : 090909;
    8CED : 000000;
    8CEE : 0C0C0C;
    8CEF : 1A1A1A;
    8CF0 : 2A282B;
    8CF1 : 080609;
    8CF2 : 070508;
    8CF3 : 0C0A0B;
    8CF4 : 0B0A06;
    8CF5 : 0A0700;
    8CF6 : 090200;
    8CF7 : 23170B;
    8CF8 : 826F60;
    8CF9 : A98C7A;
    8CFA : 9D7760;
    8CFB : A7785E;
    8CFC : C99073;
    8CFD : C07F61;
    8CFE : C47A5D;
    8CFF : DC9372;
    8D00 : D99975;
    8D01 : DBA078;
    8D02 : E5A67D;
    8D03 : EDAC84;
    8D04 : F3AE85;
    8D05 : EFA87E;
    8D06 : E59C73;
    8D07 : DC936A;
    8D08 : E49C74;
    8D09 : E39F7A;
    8D0A : E5A582;
    8D0B : F3B898;
    8D0C : F0BB9C;
    8D0D : E8B99D;
    8D0E : ECBEA6;
    8D0F : D1A892;
    8D10 : A78874;
    8D11 : 5E4433;
    8D12 : 170000;
    8D13 : 190600;
    8D14 : 231508;
    8D15 : 372D23;
    8D16 : 2B241C;
    8D17 : 25221D;
    8D18 : ACACAA;
    8D19 : C2C4C3;
    8D1A : 919294;
    8D1B : 797A7C;
    8D1C : 626367;
    8D1D : 212226;
    8D1E : 1C1B20;
    8D1F : 373739;
    8D20 : 222222;
    8D21 : 414141;
    8D22 : 363636;
    8D23 : 3B3B3B;
    8D24 : 3B3B3B;
    8D25 : 4C4C4C;
    8D26 : 2F2F2F;
    8D27 : 5B5B5B;
    8D28 : FFFFFF;
    8D29 : 969696;
    8D2A : 3B3B3B;
    8D2B : 3D3D3D;
    8D2C : 383838;
    8D2D : 393939;
    8D2E : 353535;
    8D2F : 2E2E2E;
    8D30 : 585858;
    8D31 : D5D5D5;
    8D32 : F9F9F9;
    8D33 : F5F5F5;
    8D34 : F3F3F3;
    8D35 : F4F4F4;
    8D36 : ECECEC;
    8D37 : EDEDED;
    8D38 : F2F2F2;
    8D39 : F2F2F2;
    8D3A : F2F2F2;
    8D3B : F2F2F2;
    8D3C : F2F2F2;
    8D3D : F2F2F2;
    8D3E : F2F2F2;
    8D3F : F2F2F2;
    8D40 : F2F2F2;
    8D41 : F2F2F2;
    8D42 : F2F2F2;
    8D43 : F2F2F2;
    8D44 : F2F2F2;
    8D45 : F2F2F2;
    8D46 : F2F2F2;
    8D47 : F2F2F2;
    8D48 : F2F2F2;
    8D49 : F2F2F2;
    8D4A : F2F2F2;
    8D4B : F2F2F2;
    8D4C : F2F2F2;
    8D4D : F2F2F2;
    8D4E : F2F2F2;
    8D4F : F2F2F2;
    8D50 : F2F2F2;
    8D51 : F2F2F2;
    8D52 : F2F2F2;
    8D53 : F2F2F2;
    8D54 : F2F2F2;
    8D55 : F2F2F2;
    8D56 : F2F2F2;
    8D57 : F2F2F2;
    8D58 : F2F2F2;
    8D59 : F2F2F2;
    8D5A : F2F2F2;
    8D5B : F2F2F2;
    8D5C : F2F2F2;
    8D5D : F2F2F2;
    8D5E : F2F2F2;
    8D5F : F2F2F2;
    8D60 : F2F2F2;
    8D61 : F2F2F2;
    8D62 : F2F2F2;
    8D63 : F2F2F2;
    8D64 : F2F2F2;
    8D65 : F2F2F2;
    8D66 : F2F2F2;
    8D67 : F2F2F2;
    8D68 : F2F2F2;
    8D69 : F2F2F2;
    8D6A : F2F2F2;
    8D6B : F2F2F2;
    8D6C : F2F2F2;
    8D6D : F2F2F2;
    8D6E : F2F2F2;
    8D6F : F2F2F2;
    8D70 : F2F2F2;
    8D71 : F2F2F2;
    8D72 : F2F2F2;
    8D73 : F2F2F2;
    8D74 : F2F2F2;
    8D75 : F2F2F2;
    8D76 : F2F2F2;
    8D77 : F2F2F2;
    8D78 : F2F2F2;
    8D79 : F2F2F2;
    8D7A : F2F2F2;
    8D7B : F2F2F2;
    8D7C : F2F2F2;
    8D7D : F2F2F2;
    8D7E : F2F2F2;
    8D7F : F2F2F2;
    8D80 : F2F2F2;
    8D81 : F2F2F2;
    8D82 : F2F2F2;
    8D83 : F2F2F2;
    8D84 : F2F2F2;
    8D85 : F2F2F2;
    8D86 : F2F2F2;
    8D87 : F2F2F2;
    8D88 : F2F2F2;
    8D89 : F2F2F2;
    8D8A : F2F2F2;
    8D8B : F2F2F2;
    8D8C : F2F2F2;
    8D8D : F2F2F2;
    8D8E : F2F2F2;
    8D8F : F2F2F2;
    8D90 : EEEEEE;
    8D91 : F5F5F5;
    8D92 : F1F1F1;
    8D93 : EEEEEE;
    8D94 : EFEFEF;
    8D95 : F4F4F4;
    8D96 : F9F9F9;
    8D97 : 7E7E7E;
    8D98 : 2E2E2E;
    8D99 : 1F1F1F;
    8D9A : 151515;
    8D9B : 0E0E0E;
    8D9C : 0F0F0F;
    8D9D : 000000;
    8D9E : 131313;
    8D9F : 060606;
    8DA0 : 121212;
    8DA1 : 1A1A1A;
    8DA2 : 070707;
    8DA3 : 030303;
    8DA4 : 1A1A1A;
    8DA5 : 0D0D0D;
    8DA6 : 000000;
    8DA7 : 121212;
    8DA8 : 1A1A1A;
    8DA9 : 171717;
    8DAA : 040404;
    8DAB : 080808;
    8DAC : 151515;
    8DAD : 0F0F0F;
    8DAE : 0A0A0A;
    8DAF : 050505;
    8DB0 : 161616;
    8DB1 : 2D2D2D;
    8DB2 : 262626;
    8DB3 : 1B1B1B;
    8DB4 : 0C0C0C;
    8DB5 : 000000;
    8DB6 : 0E0E0E;
    8DB7 : 181818;
    8DB8 : 232124;
    8DB9 : 030102;
    8DBA : 040203;
    8DBB : 0B0A08;
    8DBC : 070300;
    8DBD : 0F0A04;
    8DBE : 2A2118;
    8DBF : 4F4134;
    8DC0 : 988372;
    8DC1 : 9C806B;
    8DC2 : 9E755F;
    8DC3 : AF8064;
    8DC4 : B77E61;
    8DC5 : BC7B5B;
    8DC6 : CF8666;
    8DC7 : C6805E;
    8DC8 : C28661;
    8DC9 : C88E68;
    8DCA : D2976F;
    8DCB : DE9F76;
    8DCC : E7A278;
    8DCD : EAA377;
    8DCE : EBA076;
    8DCF : E99E74;
    8DD0 : F5AA80;
    8DD1 : E59C73;
    8DD2 : DA956E;
    8DD3 : E6A481;
    8DD4 : E3A785;
    8DD5 : E8B08F;
    8DD6 : FCC5A7;
    8DD7 : E9B79C;
    8DD8 : EAC1AB;
    8DD9 : C6A38F;
    8DDA : A58974;
    8DDB : 7D6654;
    8DDC : 4B3A2A;
    8DDD : 261A0C;
    8DDE : 272317;
    8DDF : 32322A;
    8DE0 : 232520;
    8DE1 : 515652;
    8DE2 : 474B4A;
    8DE3 : 2D3132;
    8DE4 : 242529;
    8DE5 : 353439;
    8DE6 : 59575C;
    8DE7 : 514F54;
    8DE8 : 4C4C4E;
    8DE9 : 404040;
    8DEA : 343434;
    8DEB : 434343;
    8DEC : 3E3E3E;
    8DED : 494949;
    8DEE : 232323;
    8DEF : 989898;
    8DF0 : FBFBFB;
    8DF1 : 5B5B5B;
    8DF2 : 2E2E2E;
    8DF3 : 3C3C3C;
    8DF4 : 3B3B3B;
    8DF5 : 444444;
    8DF6 : 2D2D2D;
    8DF7 : 363636;
    8DF8 : 292929;
    8DF9 : 888888;
    8DFA : F1F1F1;
    8DFB : EFEFEF;
    8DFC : F0F0F0;
    8DFD : F5F5F5;
    8DFE : F6F6F6;
    8DFF : F0F0F0;
    8E00 : F2F2F2;
    8E01 : F2F2F2;
    8E02 : F2F2F2;
    8E03 : F2F2F2;
    8E04 : F2F2F2;
    8E05 : F2F2F2;
    8E06 : F2F2F2;
    8E07 : F2F2F2;
    8E08 : F2F2F2;
    8E09 : F2F2F2;
    8E0A : F2F2F2;
    8E0B : F2F2F2;
    8E0C : F2F2F2;
    8E0D : F2F2F2;
    8E0E : F2F2F2;
    8E0F : F2F2F2;
    8E10 : F2F2F2;
    8E11 : F2F2F2;
    8E12 : F2F2F2;
    8E13 : F2F2F2;
    8E14 : F2F2F2;
    8E15 : F2F2F2;
    8E16 : F2F2F2;
    8E17 : F2F2F2;
    8E18 : F2F2F2;
    8E19 : F2F2F2;
    8E1A : F2F2F2;
    8E1B : F2F2F2;
    8E1C : F2F2F2;
    8E1D : F2F2F2;
    8E1E : F2F2F2;
    8E1F : F2F2F2;
    8E20 : F2F2F2;
    8E21 : F2F2F2;
    8E22 : F2F2F2;
    8E23 : F2F2F2;
    8E24 : F2F2F2;
    8E25 : F2F2F2;
    8E26 : F2F2F2;
    8E27 : F2F2F2;
    8E28 : F2F2F2;
    8E29 : F2F2F2;
    8E2A : F2F2F2;
    8E2B : F2F2F2;
    8E2C : F2F2F2;
    8E2D : F2F2F2;
    8E2E : F2F2F2;
    8E2F : F2F2F2;
    8E30 : F2F2F2;
    8E31 : F2F2F2;
    8E32 : F2F2F2;
    8E33 : F2F2F2;
    8E34 : F2F2F2;
    8E35 : F2F2F2;
    8E36 : F2F2F2;
    8E37 : F2F2F2;
    8E38 : F2F2F2;
    8E39 : F2F2F2;
    8E3A : F2F2F2;
    8E3B : F2F2F2;
    8E3C : F2F2F2;
    8E3D : F2F2F2;
    8E3E : F2F2F2;
    8E3F : F2F2F2;
    8E40 : F2F2F2;
    8E41 : F2F2F2;
    8E42 : F2F2F2;
    8E43 : F2F2F2;
    8E44 : F2F2F2;
    8E45 : F2F2F2;
    8E46 : F2F2F2;
    8E47 : F2F2F2;
    8E48 : F2F2F2;
    8E49 : F2F2F2;
    8E4A : F2F2F2;
    8E4B : F2F2F2;
    8E4C : F2F2F2;
    8E4D : F2F2F2;
    8E4E : F2F2F2;
    8E4F : F2F2F2;
    8E50 : F2F2F2;
    8E51 : F2F2F2;
    8E52 : F2F2F2;
    8E53 : F2F2F2;
    8E54 : F2F2F2;
    8E55 : F2F2F2;
    8E56 : F2F2F2;
    8E57 : F2F2F2;
    8E58 : F0F0F0;
    8E59 : EFEFEF;
    8E5A : F7F7F7;
    8E5B : EEEEEE;
    8E5C : F1F1F1;
    8E5D : F1F1F1;
    8E5E : F5F5F5;
    8E5F : BABABA;
    8E60 : 2B2B2B;
    8E61 : 373737;
    8E62 : 444444;
    8E63 : 121212;
    8E64 : 010101;
    8E65 : 080808;
    8E66 : 161616;
    8E67 : 050505;
    8E68 : 070707;
    8E69 : 020202;
    8E6A : 0B0B0B;
    8E6B : 131313;
    8E6C : 0D0D0D;
    8E6D : 0A0A0A;
    8E6E : 0F0F0F;
    8E6F : 0F0F0F;
    8E70 : 080808;
    8E71 : 070707;
    8E72 : 101010;
    8E73 : 111111;
    8E74 : 0A0A0A;
    8E75 : 070707;
    8E76 : 0B0B0B;
    8E77 : 1A1A1A;
    8E78 : 020202;
    8E79 : 0F0F0F;
    8E7A : 101010;
    8E7B : 141414;
    8E7C : 101010;
    8E7D : 181818;
    8E7E : 343434;
    8E7F : 343434;
    8E80 : 201E1F;
    8E81 : 121011;
    8E82 : 131112;
    8E83 : 1B1A18;
    8E84 : 120E0B;
    8E85 : 1F1812;
    8E86 : 4C4238;
    8E87 : 69594C;
    8E88 : 745F4E;
    8E89 : 9D816C;
    8E8A : AD846E;
    8E8B : AA7B5F;
    8E8C : A76E51;
    8E8D : B37252;
    8E8E : C88461;
    8E8F : BD7B58;
    8E90 : C08962;
    8E91 : C18C64;
    8E92 : C58B63;
    8E93 : CA8C63;
    8E94 : D28F64;
    8E95 : E0996D;
    8E96 : F1A77A;
    8E97 : FEB185;
    8E98 : F1A277;
    8E99 : FFB78B;
    8E9A : F4A981;
    8E9B : E8A078;
    8E9C : E19D78;
    8E9D : D99975;
    8E9E : E6A784;
    8E9F : E9B092;
    8EA0 : F1C2A8;
    8EA1 : E0B7A1;
    8EA2 : E4C1AB;
    8EA3 : DABFAA;
    8EA4 : D6C3B2;
    8EA5 : 746858;
    8EA6 : 322F20;
    8EA7 : 1D1F14;
    8EA8 : 21261F;
    8EA9 : 2C322E;
    8EAA : 2A302E;
    8EAB : 2D3132;
    8EAC : 37383C;
    8EAD : 424146;
    8EAE : 464148;
    8EAF : 302B31;
    8EB0 : 434144;
    8EB1 : 313131;
    8EB2 : 494949;
    8EB3 : 454545;
    8EB4 : 333333;
    8EB5 : 414141;
    8EB6 : 373737;
    8EB7 : AEAEAE;
    8EB8 : A4A4A4;
    8EB9 : 3B3B3B;
    8EBA : 2E2E2E;
    8EBB : 373737;
    8EBC : 3D3D3D;
    8EBD : 414141;
    8EBE : 313131;
    8EBF : 515151;
    8EC0 : 666666;
    8EC1 : 767676;
    8EC2 : FFFFFF;
    8EC3 : F5F5F5;
    8EC4 : F2F2F2;
    8EC5 : EEEEEE;
    8EC6 : F7F7F7;
    8EC7 : EFEFEF;
    8EC8 : F2F2F2;
    8EC9 : F2F2F2;
    8ECA : F2F2F2;
    8ECB : F2F2F2;
    8ECC : F2F2F2;
    8ECD : F2F2F2;
    8ECE : F2F2F2;
    8ECF : F2F2F2;
    8ED0 : F2F2F2;
    8ED1 : F2F2F2;
    8ED2 : F2F2F2;
    8ED3 : F2F2F2;
    8ED4 : F2F2F2;
    8ED5 : F2F2F2;
    8ED6 : F2F2F2;
    8ED7 : F2F2F2;
    8ED8 : F2F2F2;
    8ED9 : F2F2F2;
    8EDA : F2F2F2;
    8EDB : F2F2F2;
    8EDC : F2F2F2;
    8EDD : F2F2F2;
    8EDE : F2F2F2;
    8EDF : F2F2F2;
    8EE0 : F2F2F2;
    8EE1 : F2F2F2;
    8EE2 : F2F2F2;
    8EE3 : F2F2F2;
    8EE4 : F2F2F2;
    8EE5 : F2F2F2;
    8EE6 : F2F2F2;
    8EE7 : F2F2F2;
    8EE8 : F2F2F2;
    8EE9 : F2F2F2;
    8EEA : F2F2F2;
    8EEB : F2F2F2;
    8EEC : F2F2F2;
    8EED : F2F2F2;
    8EEE : F2F2F2;
    8EEF : F2F2F2;
    8EF0 : F2F2F2;
    8EF1 : F2F2F2;
    8EF2 : F2F2F2;
    8EF3 : F2F2F2;
    8EF4 : F2F2F2;
    8EF5 : F2F2F2;
    8EF6 : F2F2F2;
    8EF7 : F2F2F2;
    8EF8 : F2F2F2;
    8EF9 : F2F2F2;
    8EFA : F2F2F2;
    8EFB : F2F2F2;
    8EFC : F2F2F2;
    8EFD : F2F2F2;
    8EFE : F2F2F2;
    8EFF : F2F2F2;
    8F00 : F2F2F2;
    8F01 : F2F2F2;
    8F02 : F2F2F2;
    8F03 : F2F2F2;
    8F04 : F2F2F2;
    8F05 : F2F2F2;
    8F06 : F2F2F2;
    8F07 : F2F2F2;
    8F08 : F2F2F2;
    8F09 : F2F2F2;
    8F0A : F2F2F2;
    8F0B : F2F2F2;
    8F0C : F2F2F2;
    8F0D : F2F2F2;
    8F0E : F2F2F2;
    8F0F : F2F2F2;
    8F10 : F2F2F2;
    8F11 : F2F2F2;
    8F12 : F2F2F2;
    8F13 : F2F2F2;
    8F14 : F2F2F2;
    8F15 : F2F2F2;
    8F16 : F2F2F2;
    8F17 : F2F2F2;
    8F18 : F2F2F2;
    8F19 : F2F2F2;
    8F1A : F2F2F2;
    8F1B : F2F2F2;
    8F1C : F2F2F2;
    8F1D : F2F2F2;
    8F1E : F2F2F2;
    8F1F : F2F2F2;
    8F20 : F1F1F1;
    8F21 : E8E8E8;
    8F22 : FBFBFB;
    8F23 : F2F2F2;
    8F24 : F6F6F6;
    8F25 : F0F0F0;
    8F26 : F7F7F7;
    8F27 : EEEEEE;
    8F28 : 505050;
    8F29 : 303030;
    8F2A : 464646;
    8F2B : 1A1A1A;
    8F2C : 141414;
    8F2D : 191919;
    8F2E : 060606;
    8F2F : 050505;
    8F30 : 0F0F0F;
    8F31 : 0B0B0B;
    8F32 : 0D0D0D;
    8F33 : 0E0E0E;
    8F34 : 0B0B0B;
    8F35 : 0E0E0E;
    8F36 : 101010;
    8F37 : 0B0B0B;
    8F38 : 121212;
    8F39 : 010101;
    8F3A : 101010;
    8F3B : 111111;
    8F3C : 0C0C0C;
    8F3D : 0E0E0E;
    8F3E : 070707;
    8F3F : 0F0F0F;
    8F40 : 0F0F0F;
    8F41 : 0C0C0C;
    8F42 : 090909;
    8F43 : 111111;
    8F44 : 0B0B0B;
    8F45 : 101010;
    8F46 : 1F1F1F;
    8F47 : 080808;
    8F48 : 0B090A;
    8F49 : 070506;
    8F4A : 0E0D0B;
    8F4B : 272622;
    8F4C : 241F1C;
    8F4D : 29221C;
    8F4E : 544A41;
    8F4F : 5F5144;
    8F50 : 705B4A;
    8F51 : A48873;
    8F52 : 9A745D;
    8F53 : A07258;
    8F54 : C18C6D;
    8F55 : AB6E4F;
    8F56 : A46441;
    8F57 : C98B66;
    8F58 : BC8861;
    8F59 : BF8E66;
    8F5A : C69169;
    8F5B : CB9068;
    8F5C : D08F65;
    8F5D : DB976A;
    8F5E : EBA275;
    8F5F : FAAD7F;
    8F60 : F0A274;
    8F61 : FBAC81;
    8F62 : C2754B;
    8F63 : B36A41;
    8F64 : EBA37D;
    8F65 : F9B590;
    8F66 : E7A783;
    8F67 : DBA080;
    8F68 : C59277;
    8F69 : D4A790;
    8F6A : E5C1AB;
    8F6B : D2B6A1;
    8F6C : D7C5B1;
    8F6D : 554A38;
    8F6E : 221F10;
    8F6F : 404235;
    8F70 : 30372F;
    8F71 : 2C3530;
    8F72 : 333937;
    8F73 : 404445;
    8F74 : 46474B;
    8F75 : 3B393E;
    8F76 : 3D363E;
    8F77 : 514C52;
    8F78 : 464447;
    8F79 : 3A3A3A;
    8F7A : 3A3A3A;
    8F7B : 3B3B3B;
    8F7C : 3E3E3E;
    8F7D : 3D3D3D;
    8F7E : 3B3B3B;
    8F7F : 333333;
    8F80 : 292929;
    8F81 : 2C2C2C;
    8F82 : 464646;
    8F83 : 3D3D3D;
    8F84 : 313131;
    8F85 : 272727;
    8F86 : 3F3F3F;
    8F87 : 8C8C8C;
    8F88 : 737373;
    8F89 : 4B4B4B;
    8F8A : EFEFEF;
    8F8B : EFEFEF;
    8F8C : F4F4F4;
    8F8D : EBEBEB;
    8F8E : F8F8F8;
    8F8F : F0F0F0;
    8F90 : F2F2F2;
    8F91 : F2F2F2;
    8F92 : F2F2F2;
    8F93 : F2F2F2;
    8F94 : F2F2F2;
    8F95 : F2F2F2;
    8F96 : F2F2F2;
    8F97 : F2F2F2;
    8F98 : F2F2F2;
    8F99 : F2F2F2;
    8F9A : F2F2F2;
    8F9B : F2F2F2;
    8F9C : F2F2F2;
    8F9D : F2F2F2;
    8F9E : F2F2F2;
    8F9F : F2F2F2;
    8FA0 : F2F2F2;
    8FA1 : F2F2F2;
    8FA2 : F2F2F2;
    8FA3 : F2F2F2;
    8FA4 : F2F2F2;
    8FA5 : F2F2F2;
    8FA6 : F2F2F2;
    8FA7 : F2F2F2;
    8FA8 : F2F2F2;
    8FA9 : F2F2F2;
    8FAA : F2F2F2;
    8FAB : F2F2F2;
    8FAC : F2F2F2;
    8FAD : F2F2F2;
    8FAE : F2F2F2;
    8FAF : F2F2F2;
    8FB0 : F2F2F2;
    8FB1 : F2F2F2;
    8FB2 : F2F2F2;
    8FB3 : F2F2F2;
    8FB4 : F2F2F2;
    8FB5 : F2F2F2;
    8FB6 : F2F2F2;
    8FB7 : F2F2F2;
    8FB8 : F2F2F2;
    8FB9 : F2F2F2;
    8FBA : F2F2F2;
    8FBB : F2F2F2;
    8FBC : F2F2F2;
    8FBD : F2F2F2;
    8FBE : F2F2F2;
    8FBF : F2F2F2;
    8FC0 : F2F2F2;
    8FC1 : F2F2F2;
    8FC2 : F2F2F2;
    8FC3 : F2F2F2;
    8FC4 : F2F2F2;
    8FC5 : F2F2F2;
    8FC6 : F2F2F2;
    8FC7 : F2F2F2;
    8FC8 : F2F2F2;
    8FC9 : F2F2F2;
    8FCA : F2F2F2;
    8FCB : F2F2F2;
    8FCC : F2F2F2;
    8FCD : F2F2F2;
    8FCE : F2F2F2;
    8FCF : F2F2F2;
    8FD0 : F2F2F2;
    8FD1 : F2F2F2;
    8FD2 : F2F2F2;
    8FD3 : F2F2F2;
    8FD4 : F2F2F2;
    8FD5 : F2F2F2;
    8FD6 : F2F2F2;
    8FD7 : F2F2F2;
    8FD8 : F2F2F2;
    8FD9 : F2F2F2;
    8FDA : F2F2F2;
    8FDB : F2F2F2;
    8FDC : F2F2F2;
    8FDD : F2F2F2;
    8FDE : F2F2F2;
    8FDF : F2F2F2;
    8FE0 : F2F2F2;
    8FE1 : F2F2F2;
    8FE2 : F2F2F2;
    8FE3 : F2F2F2;
    8FE4 : F2F2F2;
    8FE5 : F2F2F2;
    8FE6 : F2F2F2;
    8FE7 : F2F2F2;
    8FE8 : F1F1F1;
    8FE9 : F2F2F2;
    8FEA : F1F1F1;
    8FEB : F0F0F0;
    8FEC : EEEEEE;
    8FED : F1F1F1;
    8FEE : F8F8F8;
    8FEF : FDFDFD;
    8FF0 : ABABAB;
    8FF1 : 323232;
    8FF2 : 6C6C6C;
    8FF3 : 333333;
    8FF4 : 3E3E3E;
    8FF5 : 494949;
    8FF6 : 313131;
    8FF7 : 121212;
    8FF8 : 0F0F0F;
    8FF9 : 090909;
    8FFA : 0A0A0A;
    8FFB : 0B0B0B;
    8FFC : 131313;
    8FFD : 070707;
    8FFE : 090909;
    8FFF : 090909;
    9000 : 101010;
    9001 : 070707;
    9002 : 0F0F0F;
    9003 : 030303;
    9004 : 101010;
    9005 : 080808;
    9006 : 131313;
    9007 : 070707;
    9008 : 101010;
    9009 : 121212;
    900A : 0A0A0A;
    900B : 141414;
    900C : 010101;
    900D : 0E0E0E;
    900E : 0D0D0D;
    900F : 0C0C0C;
    9010 : 0E0C0D;
    9011 : 010000;
    9012 : 292826;
    9013 : 34332F;
    9014 : 16110E;
    9015 : 241D17;
    9016 : 150C03;
    9017 : 54463B;
    9018 : 695346;
    9019 : 836857;
    901A : 9C7965;
    901B : A37961;
    901C : AB795E;
    901D : B37C5D;
    901E : B47959;
    901F : AA724F;
    9020 : B3835F;
    9021 : B58763;
    9022 : BA8863;
    9023 : BB845D;
    9024 : C3855C;
    9025 : D39066;
    9026 : E39C70;
    9027 : ECA275;
    9028 : FDB084;
    9029 : EA9D71;
    902A : EDA278;
    902B : C67F55;
    902C : 914C25;
    902D : A4633D;
    902E : C3835F;
    902F : B37858;
    9030 : A6745B;
    9031 : C49A84;
    9032 : D1AC99;
    9033 : 846755;
    9034 : 43301F;
    9035 : 281F0E;
    9036 : 3A382B;
    9037 : 303328;
    9038 : 383F37;
    9039 : 313A35;
    903A : 3C4240;
    903B : 3A3E3F;
    903C : 38373C;
    903D : 403E43;
    903E : 413A41;
    903F : 3D363D;
    9040 : 444245;
    9041 : 3C3C3C;
    9042 : 3C3C3C;
    9043 : 343434;
    9044 : 484848;
    9045 : 333333;
    9046 : 393939;
    9047 : 404040;
    9048 : 373737;
    9049 : 474747;
    904A : 404040;
    904B : 343434;
    904C : 3D3D3D;
    904D : 616161;
    904E : A3A3A3;
    904F : C1C1C1;
    9050 : 303030;
    9051 : 5D5D5D;
    9052 : E8E8E8;
    9053 : F6F6F6;
    9054 : EAEAEA;
    9055 : F2F2F2;
    9056 : F8F8F8;
    9057 : F3F3F3;
    9058 : F2F2F2;
    9059 : F2F2F2;
    905A : F2F2F2;
    905B : F2F2F2;
    905C : F2F2F2;
    905D : F2F2F2;
    905E : F2F2F2;
    905F : F2F2F2;
    9060 : F2F2F2;
    9061 : F2F2F2;
    9062 : F2F2F2;
    9063 : F2F2F2;
    9064 : F2F2F2;
    9065 : F2F2F2;
    9066 : F2F2F2;
    9067 : F2F2F2;
    9068 : F2F2F2;
    9069 : F2F2F2;
    906A : F2F2F2;
    906B : F2F2F2;
    906C : F2F2F2;
    906D : F2F2F2;
    906E : F2F2F2;
    906F : F2F2F2;
    9070 : F2F2F2;
    9071 : F2F2F2;
    9072 : F2F2F2;
    9073 : F2F2F2;
    9074 : F2F2F2;
    9075 : F2F2F2;
    9076 : F2F2F2;
    9077 : F2F2F2;
    9078 : F2F2F2;
    9079 : F2F2F2;
    907A : F2F2F2;
    907B : F2F2F2;
    907C : F2F2F2;
    907D : F2F2F2;
    907E : F2F2F2;
    907F : F2F2F2;
    9080 : F2F2F2;
    9081 : F2F2F2;
    9082 : F2F2F2;
    9083 : F2F2F2;
    9084 : F2F2F2;
    9085 : F2F2F2;
    9086 : F2F2F2;
    9087 : F2F2F2;
    9088 : F2F2F2;
    9089 : F2F2F2;
    908A : F2F2F2;
    908B : F2F2F2;
    908C : F2F2F2;
    908D : F2F2F2;
    908E : F2F2F2;
    908F : F2F2F2;
    9090 : F2F2F2;
    9091 : F2F2F2;
    9092 : F2F2F2;
    9093 : F2F2F2;
    9094 : F2F2F2;
    9095 : F2F2F2;
    9096 : F2F2F2;
    9097 : F2F2F2;
    9098 : F2F2F2;
    9099 : F2F2F2;
    909A : F2F2F2;
    909B : F2F2F2;
    909C : F2F2F2;
    909D : F2F2F2;
    909E : F2F2F2;
    909F : F2F2F2;
    90A0 : F2F2F2;
    90A1 : F2F2F2;
    90A2 : F2F2F2;
    90A3 : F2F2F2;
    90A4 : F2F2F2;
    90A5 : F2F2F2;
    90A6 : F2F2F2;
    90A7 : F2F2F2;
    90A8 : F2F2F2;
    90A9 : F2F2F2;
    90AA : F2F2F2;
    90AB : F2F2F2;
    90AC : F2F2F2;
    90AD : F2F2F2;
    90AE : F2F2F2;
    90AF : F2F2F2;
    90B0 : F1F1F1;
    90B1 : F2F2F2;
    90B2 : F2F2F2;
    90B3 : F1F1F1;
    90B4 : EFEFEF;
    90B5 : F1F1F1;
    90B6 : F6F6F6;
    90B7 : FAFAFA;
    90B8 : A1A1A1;
    90B9 : 1D1D1D;
    90BA : A9A9A9;
    90BB : B4B4B4;
    90BC : 818181;
    90BD : 4B4B4B;
    90BE : 4B4B4B;
    90BF : 636363;
    90C0 : 0C0C0C;
    90C1 : 363636;
    90C2 : 080808;
    90C3 : 0B0B0B;
    90C4 : 020202;
    90C5 : 151515;
    90C6 : 050505;
    90C7 : 1F1F1F;
    90C8 : 020202;
    90C9 : 0F0F0F;
    90CA : 020202;
    90CB : 181818;
    90CC : 191919;
    90CD : 111111;
    90CE : 000000;
    90CF : 191919;
    90D0 : 0F0F0F;
    90D1 : 121212;
    90D2 : 000000;
    90D3 : 1C1C1C;
    90D4 : 171717;
    90D5 : 010101;
    90D6 : 0F0F0F;
    90D7 : 0D0D0D;
    90D8 : 070506;
    90D9 : 110F10;
    90DA : 32312F;
    90DB : 1A1917;
    90DC : 130F0C;
    90DD : 1D1814;
    90DE : 170E07;
    90DF : 2D2018;
    90E0 : 513F33;
    90E1 : 6D5648;
    90E2 : 8D6E5C;
    90E3 : 9D7963;
    90E4 : A37960;
    90E5 : A7785C;
    90E6 : A77457;
    90E7 : A47152;
    90E8 : 9B6E4D;
    90E9 : A27754;
    90EA : AD7F5D;
    90EB : B8845F;
    90EC : C38963;
    90ED : D1916B;
    90EE : DA976D;
    90EF : DE976D;
    90F0 : D48B62;
    90F1 : F1AA80;
    90F2 : ECA77E;
    90F3 : E8A47F;
    90F4 : F2B28E;
    90F5 : C18561;
    90F6 : 814626;
    90F7 : 7F4A2B;
    90F8 : 8F624B;
    90F9 : 603B28;
    90FA : 442513;
    90FB : 2E1403;
    90FC : 3A2A1B;
    90FD : 3D3528;
    90FE : 464438;
    90FF : 31342B;
    9100 : 303730;
    9101 : 3B443F;
    9102 : 363C3A;
    9103 : 2E3233;
    9104 : 414045;
    9105 : 47454A;
    9106 : 403940;
    9107 : 4B4549;
    9108 : 383637;
    9109 : 373737;
    910A : 414141;
    910B : 3C3C3C;
    910C : 454545;
    910D : 383838;
    910E : 484848;
    910F : 2D2D2D;
    9110 : 2E2E2E;
    9111 : 1E1E1E;
    9112 : 262626;
    9113 : 282828;
    9114 : 9F9F9F;
    9115 : FFFFFF;
    9116 : D7D7D7;
    9117 : 9B9B9B;
    9118 : 333333;
    9119 : F6F6F6;
    911A : FFFFFF;
    911B : EDEDED;
    911C : F5F5F5;
    911D : FDFDFD;
    911E : EBEBEB;
    911F : EFEFEF;
    9120 : F2F2F2;
    9121 : F2F2F2;
    9122 : F2F2F2;
    9123 : F2F2F2;
    9124 : F2F2F2;
    9125 : F2F2F2;
    9126 : F2F2F2;
    9127 : F2F2F2;
    9128 : F2F2F2;
    9129 : F2F2F2;
    912A : F2F2F2;
    912B : F2F2F2;
    912C : F2F2F2;
    912D : F2F2F2;
    912E : F2F2F2;
    912F : F2F2F2;
    9130 : F2F2F2;
    9131 : F2F2F2;
    9132 : F2F2F2;
    9133 : F2F2F2;
    9134 : F2F2F2;
    9135 : F2F2F2;
    9136 : F2F2F2;
    9137 : F2F2F2;
    9138 : F2F2F2;
    9139 : F2F2F2;
    913A : F2F2F2;
    913B : F2F2F2;
    913C : F2F2F2;
    913D : F2F2F2;
    913E : F2F2F2;
    913F : F2F2F2;
    9140 : F2F2F2;
    9141 : F2F2F2;
    9142 : F2F2F2;
    9143 : F2F2F2;
    9144 : F2F2F2;
    9145 : F2F2F2;
    9146 : F2F2F2;
    9147 : F2F2F2;
    9148 : F2F2F2;
    9149 : F2F2F2;
    914A : F2F2F2;
    914B : F2F2F2;
    914C : F2F2F2;
    914D : F2F2F2;
    914E : F2F2F2;
    914F : F2F2F2;
    9150 : F2F2F2;
    9151 : F2F2F2;
    9152 : F2F2F2;
    9153 : F2F2F2;
    9154 : F2F2F2;
    9155 : F2F2F2;
    9156 : F2F2F2;
    9157 : F2F2F2;
    9158 : F2F2F2;
    9159 : F2F2F2;
    915A : F2F2F2;
    915B : F2F2F2;
    915C : F2F2F2;
    915D : F2F2F2;
    915E : F2F2F2;
    915F : F2F2F2;
    9160 : F2F2F2;
    9161 : F2F2F2;
    9162 : F2F2F2;
    9163 : F2F2F2;
    9164 : F2F2F2;
    9165 : F2F2F2;
    9166 : F2F2F2;
    9167 : F2F2F2;
    9168 : F2F2F2;
    9169 : F2F2F2;
    916A : F2F2F2;
    916B : F2F2F2;
    916C : F2F2F2;
    916D : F2F2F2;
    916E : F2F2F2;
    916F : F2F2F2;
    9170 : F2F2F2;
    9171 : F2F2F2;
    9172 : F2F2F2;
    9173 : F2F2F2;
    9174 : F2F2F2;
    9175 : F2F2F2;
    9176 : F2F2F2;
    9177 : F2F2F2;
    9178 : F1F1F1;
    9179 : F2F2F2;
    917A : F3F3F3;
    917B : F2F2F2;
    917C : F1F1F1;
    917D : F2F2F2;
    917E : F4F4F4;
    917F : F6F6F6;
    9180 : E4E4E4;
    9181 : 323232;
    9182 : 4C4C4C;
    9183 : 434343;
    9184 : 929292;
    9185 : 1F1F1F;
    9186 : 3C3C3C;
    9187 : 575757;
    9188 : 0E0E0E;
    9189 : 3E3E3E;
    918A : 646464;
    918B : 464646;
    918C : 515151;
    918D : 242424;
    918E : 101010;
    918F : 000000;
    9190 : 0E0E0E;
    9191 : 0C0C0C;
    9192 : 101010;
    9193 : 141414;
    9194 : 000000;
    9195 : 0B0B0B;
    9196 : 161616;
    9197 : 020202;
    9198 : 000000;
    9199 : 171717;
    919A : 000000;
    919B : 111111;
    919C : 121212;
    919D : 313131;
    919E : 161616;
    919F : 000000;
    91A0 : 030303;
    91A1 : 222222;
    91A2 : 313131;
    91A3 : 0E0D0B;
    91A4 : 1D1C1A;
    91A5 : 16120F;
    91A6 : 19110E;
    91A7 : 120701;
    91A8 : 1C0E05;
    91A9 : 3F2B20;
    91AA : 6E5749;
    91AB : 927563;
    91AC : 9E7B67;
    91AD : 9B755E;
    91AE : A0765E;
    91AF : A87F63;
    91B0 : AF886B;
    91B1 : A98060;
    91B2 : A37657;
    91B3 : A57453;
    91B4 : B6805E;
    91B5 : CA906B;
    91B6 : D59772;
    91B7 : D6956F;
    91B8 : D2916B;
    91B9 : C2825E;
    91BA : C98A67;
    91BB : E0A585;
    91BC : E9B293;
    91BD : E9B697;
    91BE : EBBCA0;
    91BF : E7BDA4;
    91C0 : A07F6C;
    91C1 : 45291B;
    91C2 : 2A1305;
    91C3 : 412F21;
    91C4 : 52453C;
    91C5 : 282117;
    91C6 : 2B2B23;
    91C7 : 41433E;
    91C8 : 2E332F;
    91C9 : 2B312F;
    91CA : 303435;
    91CB : 383C3D;
    91CC : 39393B;
    91CD : 343235;
    91CE : 3B363A;
    91CF : 423D41;
    91D0 : 2E2C2D;
    91D1 : 414141;
    91D2 : 404040;
    91D3 : 2B2B2B;
    91D4 : 2A2A2A;
    91D5 : 252525;
    91D6 : 2D2D2D;
    91D7 : 343434;
    91D8 : 484848;
    91D9 : BABABA;
    91DA : 9F9F9F;
    91DB : 535353;
    91DC : FFFFFF;
    91DD : C7C7C7;
    91DE : CACACA;
    91DF : 646464;
    91E0 : 3D3D3D;
    91E1 : EBEBEB;
    91E2 : F5F5F5;
    91E3 : F2F2F2;
    91E4 : EDEDED;
    91E5 : EEEEEE;
    91E6 : FAFAFA;
    91E7 : F6F6F6;
    91E8 : F2F2F2;
    91E9 : F2F2F2;
    91EA : F2F2F2;
    91EB : F2F2F2;
    91EC : F2F2F2;
    91ED : F2F2F2;
    91EE : F2F2F2;
    91EF : F2F2F2;
    91F0 : F2F2F2;
    91F1 : F2F2F2;
    91F2 : F2F2F2;
    91F3 : F2F2F2;
    91F4 : F2F2F2;
    91F5 : F2F2F2;
    91F6 : F2F2F2;
    91F7 : F2F2F2;
    91F8 : F2F2F2;
    91F9 : F2F2F2;
    91FA : F2F2F2;
    91FB : F2F2F2;
    91FC : F2F2F2;
    91FD : F2F2F2;
    91FE : F2F2F2;
    91FF : F2F2F2;
    9200 : F2F2F2;
    9201 : F2F2F2;
    9202 : F2F2F2;
    9203 : F2F2F2;
    9204 : F2F2F2;
    9205 : F2F2F2;
    9206 : F2F2F2;
    9207 : F2F2F2;
    9208 : F2F2F2;
    9209 : F2F2F2;
    920A : F2F2F2;
    920B : F2F2F2;
    920C : F2F2F2;
    920D : F2F2F2;
    920E : F2F2F2;
    920F : F2F2F2;
    9210 : F2F2F2;
    9211 : F2F2F2;
    9212 : F2F2F2;
    9213 : F2F2F2;
    9214 : F2F2F2;
    9215 : F2F2F2;
    9216 : F2F2F2;
    9217 : F2F2F2;
    9218 : F2F2F2;
    9219 : F2F2F2;
    921A : F2F2F2;
    921B : F2F2F2;
    921C : F2F2F2;
    921D : F2F2F2;
    921E : F2F2F2;
    921F : F2F2F2;
    9220 : F2F2F2;
    9221 : F2F2F2;
    9222 : F2F2F2;
    9223 : F2F2F2;
    9224 : F2F2F2;
    9225 : F2F2F2;
    9226 : F2F2F2;
    9227 : F2F2F2;
    9228 : F2F2F2;
    9229 : F2F2F2;
    922A : F2F2F2;
    922B : F2F2F2;
    922C : F2F2F2;
    922D : F2F2F2;
    922E : F2F2F2;
    922F : F2F2F2;
    9230 : F2F2F2;
    9231 : F2F2F2;
    9232 : F2F2F2;
    9233 : F2F2F2;
    9234 : F2F2F2;
    9235 : F2F2F2;
    9236 : F2F2F2;
    9237 : F2F2F2;
    9238 : F2F2F2;
    9239 : F2F2F2;
    923A : F2F2F2;
    923B : F2F2F2;
    923C : F2F2F2;
    923D : F2F2F2;
    923E : F2F2F2;
    923F : F2F2F2;
    9240 : F1F1F1;
    9241 : F2F2F2;
    9242 : F3F3F3;
    9243 : F3F3F3;
    9244 : F2F2F2;
    9245 : F2F2F2;
    9246 : F2F2F2;
    9247 : F2F2F2;
    9248 : FFFFFF;
    9249 : A5A5A5;
    924A : 0F0F0F;
    924B : 646464;
    924C : 919191;
    924D : 080808;
    924E : 1B1B1B;
    924F : F0F0F0;
    9250 : 3A3A3A;
    9251 : 333333;
    9252 : 454545;
    9253 : 3D3D3D;
    9254 : 4D4D4D;
    9255 : 4A4A4A;
    9256 : 0E0E0E;
    9257 : 1E1E1E;
    9258 : 0B0B0B;
    9259 : 1A1A1A;
    925A : 050505;
    925B : 000000;
    925C : 272727;
    925D : 131313;
    925E : 000000;
    925F : 111111;
    9260 : 121212;
    9261 : 151515;
    9262 : 0E0E0E;
    9263 : 000000;
    9264 : 828282;
    9265 : F0F0F0;
    9266 : AEAEAE;
    9267 : 292929;
    9268 : 020202;
    9269 : 2A2A2A;
    926A : 232323;
    926B : 181818;
    926C : 2B2B2B;
    926D : 151412;
    926E : 1B1613;
    926F : 19110E;
    9270 : 1B100A;
    9271 : 110200;
    9272 : 1F0D03;
    9273 : 513B2E;
    9274 : 876B5D;
    9275 : 9E816F;
    9276 : A1806D;
    9277 : 9F7C66;
    9278 : A07C62;
    9279 : A0795C;
    927A : A0775B;
    927B : AA7D5E;
    927C : C28F70;
    927D : DAA384;
    927E : E5AD8C;
    927F : E6AB8B;
    9280 : CE9373;
    9281 : BF8668;
    9282 : 8A5438;
    9283 : 835136;
    9284 : AA7E65;
    9285 : AA856B;
    9286 : A17D65;
    9287 : A38772;
    9288 : 3E281A;
    9289 : 37261C;
    928A : 3C2E25;
    928B : 2A2017;
    928C : 38312B;
    928D : 3F3C37;
    928E : 434240;
    928F : 212322;
    9290 : 303433;
    9291 : 414546;
    9292 : 373B3C;
    9293 : 303133;
    9294 : 333436;
    9295 : 363638;
    9296 : 3C3A3D;
    9297 : 373536;
    9298 : 464646;
    9299 : 363636;
    929A : 292929;
    929B : 4C4C4C;
    929C : 8D8D8D;
    929D : A0A0A0;
    929E : 3B3B3B;
    929F : 4E4E4E;
    92A0 : F0F0F0;
    92A1 : EDEDED;
    92A2 : 656565;
    92A3 : CBCBCB;
    92A4 : 6E6E6E;
    92A5 : 686868;
    92A6 : 404040;
    92A7 : A0A0A0;
    92A8 : 6F6F6F;
    92A9 : B9B9B9;
    92AA : FFFFFF;
    92AB : FBFBFB;
    92AC : F2F2F2;
    92AD : E6E6E6;
    92AE : FFFFFF;
    92AF : EBEBEB;
    92B0 : F2F2F2;
    92B1 : F2F2F2;
    92B2 : F2F2F2;
    92B3 : F2F2F2;
    92B4 : F2F2F2;
    92B5 : F2F2F2;
    92B6 : F2F2F2;
    92B7 : F2F2F2;
    92B8 : F2F2F2;
    92B9 : F2F2F2;
    92BA : F2F2F2;
    92BB : F2F2F2;
    92BC : F2F2F2;
    92BD : F2F2F2;
    92BE : F2F2F2;
    92BF : F2F2F2;
    92C0 : F2F2F2;
    92C1 : F2F2F2;
    92C2 : F2F2F2;
    92C3 : F2F2F2;
    92C4 : F2F2F2;
    92C5 : F2F2F2;
    92C6 : F2F2F2;
    92C7 : F2F2F2;
    92C8 : F2F2F2;
    92C9 : F2F2F2;
    92CA : F2F2F2;
    92CB : F2F2F2;
    92CC : F2F2F2;
    92CD : F2F2F2;
    92CE : F2F2F2;
    92CF : F2F2F2;
    92D0 : F2F2F2;
    92D1 : F2F2F2;
    92D2 : F2F2F2;
    92D3 : F2F2F2;
    92D4 : F2F2F2;
    92D5 : F2F2F2;
    92D6 : F2F2F2;
    92D7 : F2F2F2;
    92D8 : F2F2F2;
    92D9 : F2F2F2;
    92DA : F2F2F2;
    92DB : F2F2F2;
    92DC : F2F2F2;
    92DD : F2F2F2;
    92DE : F2F2F2;
    92DF : F2F2F2;
    92E0 : F2F2F2;
    92E1 : F2F2F2;
    92E2 : F2F2F2;
    92E3 : F2F2F2;
    92E4 : F2F2F2;
    92E5 : F2F2F2;
    92E6 : F2F2F2;
    92E7 : F2F2F2;
    92E8 : F2F2F2;
    92E9 : F2F2F2;
    92EA : F2F2F2;
    92EB : F2F2F2;
    92EC : F2F2F2;
    92ED : F2F2F2;
    92EE : F2F2F2;
    92EF : F2F2F2;
    92F0 : F2F2F2;
    92F1 : F2F2F2;
    92F2 : F2F2F2;
    92F3 : F2F2F2;
    92F4 : F2F2F2;
    92F5 : F2F2F2;
    92F6 : F2F2F2;
    92F7 : F2F2F2;
    92F8 : F2F2F2;
    92F9 : F2F2F2;
    92FA : F2F2F2;
    92FB : F2F2F2;
    92FC : F2F2F2;
    92FD : F2F2F2;
    92FE : F2F2F2;
    92FF : F2F2F2;
    9300 : F2F2F2;
    9301 : F2F2F2;
    9302 : F2F2F2;
    9303 : F2F2F2;
    9304 : F2F2F2;
    9305 : F2F2F2;
    9306 : F2F2F2;
    9307 : F2F2F2;
    9308 : F2F2F2;
    9309 : F2F2F2;
    930A : F2F2F2;
    930B : F3F3F3;
    930C : F3F3F3;
    930D : F2F2F2;
    930E : F1F1F1;
    930F : EFEFEF;
    9310 : F4F4F4;
    9311 : F9F9F9;
    9312 : 3F3F3F;
    9313 : 202020;
    9314 : 494949;
    9315 : 858585;
    9316 : 595959;
    9317 : 646464;
    9318 : 3E3E3E;
    9319 : 777777;
    931A : BFBFBF;
    931B : 171717;
    931C : 222222;
    931D : 5A5A5A;
    931E : 222222;
    931F : 010101;
    9320 : 424242;
    9321 : 8E8E8E;
    9322 : 979797;
    9323 : 2A2A2A;
    9324 : 000000;
    9325 : 020202;
    9326 : 131313;
    9327 : 000000;
    9328 : 010101;
    9329 : 000000;
    932A : 151515;
    932B : 070707;
    932C : D8D8D8;
    932D : FFFFFF;
    932E : FFFFFF;
    932F : 525252;
    9330 : 000002;
    9331 : 2F3032;
    9332 : 17181A;
    9333 : 212224;
    9334 : 242527;
    9335 : 1B1B1B;
    9336 : 1B191A;
    9337 : 1E1A19;
    9338 : 1E1614;
    9339 : 0B0100;
    933A : 0A0000;
    933B : 190800;
    933C : 332115;
    933D : 513B2E;
    933E : 765F51;
    933F : 997E6D;
    9340 : 9A7763;
    9341 : A17C62;
    9342 : A0785F;
    9343 : 976B50;
    9344 : 936649;
    9345 : A57358;
    9346 : C28F72;
    9347 : D7A489;
    9348 : E7B59A;
    9349 : EBBDA5;
    934A : D2A892;
    934B : B18D77;
    934C : 6E4F3B;
    934D : 2E1403;
    934E : 2E1707;
    934F : 302013;
    9350 : 352C25;
    9351 : 25221D;
    9352 : 35322D;
    9353 : 332F2C;
    9354 : 2D2B2C;
    9355 : 19171A;
    9356 : 272729;
    9357 : 2B2A2F;
    9358 : 292A2E;
    9359 : 424347;
    935A : 28292B;
    935B : 313234;
    935C : 656766;
    935D : 7A7C7B;
    935E : 6F6F6F;
    935F : 4F4F4F;
    9360 : 313131;
    9361 : 222222;
    9362 : 838383;
    9363 : E9E9E9;
    9364 : F6F6F6;
    9365 : F8F8F8;
    9366 : 636363;
    9367 : 9A9A9A;
    9368 : DCDCDC;
    9369 : 000000;
    936A : 6F6F6F;
    936B : D3D3D3;
    936C : 161616;
    936D : 515151;
    936E : 131313;
    936F : 666666;
    9370 : 606060;
    9371 : DBDBDB;
    9372 : FFFFFF;
    9373 : E0E0E0;
    9374 : FCFCFC;
    9375 : F5F5F5;
    9376 : F2F2F2;
    9377 : E9E9E9;
    9378 : F2F2F2;
    9379 : F2F2F2;
    937A : F2F2F2;
    937B : F2F2F2;
    937C : F2F2F2;
    937D : F2F2F2;
    937E : F2F2F2;
    937F : F2F2F2;
    9380 : F2F2F2;
    9381 : F2F2F2;
    9382 : F2F2F2;
    9383 : F2F2F2;
    9384 : F2F2F2;
    9385 : F2F2F2;
    9386 : F2F2F2;
    9387 : F2F2F2;
    9388 : F2F2F2;
    9389 : F2F2F2;
    938A : F2F2F2;
    938B : F2F2F2;
    938C : F2F2F2;
    938D : F2F2F2;
    938E : F2F2F2;
    938F : F2F2F2;
    9390 : F2F2F2;
    9391 : F2F2F2;
    9392 : F2F2F2;
    9393 : F2F2F2;
    9394 : F2F2F2;
    9395 : F2F2F2;
    9396 : F2F2F2;
    9397 : F2F2F2;
    9398 : F2F2F2;
    9399 : F2F2F2;
    939A : F2F2F2;
    939B : F2F2F2;
    939C : F2F2F2;
    939D : F2F2F2;
    939E : F2F2F2;
    939F : F2F2F2;
    93A0 : F2F2F2;
    93A1 : F2F2F2;
    93A2 : F2F2F2;
    93A3 : F2F2F2;
    93A4 : F2F2F2;
    93A5 : F2F2F2;
    93A6 : F2F2F2;
    93A7 : F2F2F2;
    93A8 : F2F2F2;
    93A9 : F2F2F2;
    93AA : F2F2F2;
    93AB : F2F2F2;
    93AC : F2F2F2;
    93AD : F2F2F2;
    93AE : F2F2F2;
    93AF : F2F2F2;
    93B0 : F2F2F2;
    93B1 : F2F2F2;
    93B2 : F2F2F2;
    93B3 : F2F2F2;
    93B4 : F2F2F2;
    93B5 : F2F2F2;
    93B6 : F2F2F2;
    93B7 : F2F2F2;
    93B8 : F2F2F2;
    93B9 : F2F2F2;
    93BA : F2F2F2;
    93BB : F2F2F2;
    93BC : F2F2F2;
    93BD : F2F2F2;
    93BE : F2F2F2;
    93BF : F2F2F2;
    93C0 : F2F2F2;
    93C1 : F2F2F2;
    93C2 : F2F2F2;
    93C3 : F2F2F2;
    93C4 : F2F2F2;
    93C5 : F2F2F2;
    93C6 : F2F2F2;
    93C7 : F2F2F2;
    93C8 : F2F2F2;
    93C9 : F2F2F2;
    93CA : F2F2F2;
    93CB : F2F2F2;
    93CC : F2F2F2;
    93CD : F2F2F2;
    93CE : F2F2F2;
    93CF : F2F2F2;
    93D0 : F2F2F2;
    93D1 : F1F1F1;
    93D2 : F1F1F1;
    93D3 : F2F2F2;
    93D4 : F3F3F3;
    93D5 : F3F3F3;
    93D6 : F1F1F1;
    93D7 : EFEFEF;
    93D8 : E1E1E1;
    93D9 : FFFFFF;
    93DA : F3F3F3;
    93DB : 252525;
    93DC : 000000;
    93DD : B5B5B5;
    93DE : FFFFFF;
    93DF : A3A3A3;
    93E0 : 666666;
    93E1 : 343434;
    93E2 : 969696;
    93E3 : AAAAAA;
    93E4 : 2A2A2A;
    93E5 : 848484;
    93E6 : 383838;
    93E7 : 3A3A3A;
    93E8 : 575757;
    93E9 : 2E2E2E;
    93EA : 818181;
    93EB : B9B9B9;
    93EC : 262626;
    93ED : 000000;
    93EE : 191919;
    93EF : 101010;
    93F0 : 080808;
    93F1 : 151515;
    93F2 : 050505;
    93F3 : 838383;
    93F4 : F4F4F4;
    93F5 : DFDFDF;
    93F6 : FCFCFC;
    93F7 : 898989;
    93F8 : 040507;
    93F9 : 343537;
    93FA : 1A1B1D;
    93FB : 1C1D1F;
    93FC : 131416;
    93FD : 202123;
    93FE : 1C1B20;
    93FF : 141215;
    9400 : 110D0E;
    9401 : 120C0C;
    9402 : 140C0A;
    9403 : 0D0400;
    9404 : 0A0000;
    9405 : 0B0000;
    9406 : 2C1B13;
    9407 : 5C4639;
    9408 : 8C6D5B;
    9409 : A5816B;
    940A : B08A73;
    940B : 9C745B;
    940C : 7F533A;
    940D : 784A32;
    940E : 8B5D45;
    940F : A2745D;
    9410 : B98F79;
    9411 : BA9481;
    9412 : DDBCAB;
    9413 : D7BBAD;
    9414 : 544133;
    9415 : 0E0000;
    9416 : 392F25;
    9417 : 2A251F;
    9418 : 252724;
    9419 : 1F2525;
    941A : 2B3131;
    941B : 2B2F32;
    941C : 56575C;
    941D : 78797E;
    941E : 8D8C94;
    941F : 717078;
    9420 : 3E3D43;
    9421 : 19181E;
    9422 : 504F54;
    9423 : CACACC;
    9424 : EAECEB;
    9425 : FEFFFD;
    9426 : FEFFFD;
    9427 : EAECE9;
    9428 : 585858;
    9429 : 464646;
    942A : D8D8D8;
    942B : E2E2E2;
    942C : 4B4B4B;
    942D : 414141;
    942E : 4C4C4C;
    942F : FFFFFF;
    9430 : FEFEFE;
    9431 : 747474;
    9432 : 4A4A4A;
    9433 : 494949;
    9434 : 616161;
    9435 : 959595;
    9436 : 4A4A4A;
    9437 : 575757;
    9438 : 5B5B5B;
    9439 : F5F5F5;
    943A : E6E6E6;
    943B : E8E8E8;
    943C : F6F6F6;
    943D : F2F2F2;
    943E : F4F4F4;
    943F : F8F8F8;
    9440 : F2F2F2;
    9441 : F2F2F2;
    9442 : F2F2F2;
    9443 : F2F2F2;
    9444 : F2F2F2;
    9445 : F2F2F2;
    9446 : F2F2F2;
    9447 : F2F2F2;
    9448 : F2F2F2;
    9449 : F2F2F2;
    944A : F2F2F2;
    944B : F2F2F2;
    944C : F2F2F2;
    944D : F2F2F2;
    944E : F2F2F2;
    944F : F2F2F2;
    9450 : F2F2F2;
    9451 : F2F2F2;
    9452 : F2F2F2;
    9453 : F2F2F2;
    9454 : F2F2F2;
    9455 : F2F2F2;
    9456 : F2F2F2;
    9457 : F2F2F2;
    9458 : F2F2F2;
    9459 : F2F2F2;
    945A : F2F2F2;
    945B : F2F2F2;
    945C : F2F2F2;
    945D : F2F2F2;
    945E : F2F2F2;
    945F : F2F2F2;
    9460 : F2F2F2;
    9461 : F2F2F2;
    9462 : F2F2F2;
    9463 : F2F2F2;
    9464 : F2F2F2;
    9465 : F2F2F2;
    9466 : F2F2F2;
    9467 : F2F2F2;
    9468 : F2F2F2;
    9469 : F2F2F2;
    946A : F2F2F2;
    946B : F2F2F2;
    946C : F2F2F2;
    946D : F2F2F2;
    946E : F2F2F2;
    946F : F2F2F2;
    9470 : F2F2F2;
    9471 : F2F2F2;
    9472 : F2F2F2;
    9473 : F2F2F2;
    9474 : F2F2F2;
    9475 : F2F2F2;
    9476 : F2F2F2;
    9477 : F2F2F2;
    9478 : F2F2F2;
    9479 : F2F2F2;
    947A : F2F2F2;
    947B : F2F2F2;
    947C : F2F2F2;
    947D : F2F2F2;
    947E : F2F2F2;
    947F : F2F2F2;
    9480 : F2F2F2;
    9481 : F2F2F2;
    9482 : F2F2F2;
    9483 : F2F2F2;
    9484 : F2F2F2;
    9485 : F2F2F2;
    9486 : F2F2F2;
    9487 : F2F2F2;
    9488 : F2F2F2;
    9489 : F2F2F2;
    948A : F2F2F2;
    948B : F2F2F2;
    948C : F2F2F2;
    948D : F2F2F2;
    948E : F2F2F2;
    948F : F2F2F2;
    9490 : F2F2F2;
    9491 : F2F2F2;
    9492 : F2F2F2;
    9493 : F2F2F2;
    9494 : F2F2F2;
    9495 : F2F2F2;
    9496 : F2F2F2;
    9497 : F2F2F2;
    9498 : F3F3F3;
    9499 : F0F0F0;
    949A : EFEFEF;
    949B : F0F0F0;
    949C : F2F2F2;
    949D : F3F3F3;
    949E : F2F2F2;
    949F : F0F0F0;
    94A0 : FFFFFF;
    94A1 : DFDFDF;
    94A2 : F5F5F5;
    94A3 : CCCCCC;
    94A4 : 171717;
    94A5 : 0F0F0F;
    94A6 : 6D6D6D;
    94A7 : D4D4D4;
    94A8 : A2A2A2;
    94A9 : 3F3F3F;
    94AA : 919191;
    94AB : 696969;
    94AC : 121212;
    94AD : 787878;
    94AE : 797979;
    94AF : 191919;
    94B0 : 6C6C6C;
    94B1 : 333333;
    94B2 : 0F0F0F;
    94B3 : 232323;
    94B4 : 080808;
    94B5 : 070707;
    94B6 : 020202;
    94B7 : 0B0B0B;
    94B8 : 0E0E0E;
    94B9 : 0C0C0C;
    94BA : 000000;
    94BB : D7D7D7;
    94BC : F8F8F8;
    94BD : FAFAFA;
    94BE : EFEFEF;
    94BF : BBBBBB;
    94C0 : 252628;
    94C1 : 2B2F30;
    94C2 : 1D2124;
    94C3 : 1A1E21;
    94C4 : 171B1E;
    94C5 : 1A1E21;
    94C6 : 1B1C21;
    94C7 : 111216;
    94C8 : 19181D;
    94C9 : 09070A;
    94CA : 030000;
    94CB : 070200;
    94CC : 130B08;
    94CD : 130A05;
    94CE : 080000;
    94CF : 0D0000;
    94D0 : 3B1E0E;
    94D1 : 66412E;
    94D2 : 946E5B;
    94D3 : AE8571;
    94D4 : AD836D;
    94D5 : 986E58;
    94D6 : 7D533D;
    94D7 : 683F2B;
    94D8 : 5C3725;
    94D9 : 977667;
    94DA : 8A7063;
    94DB : 968478;
    94DC : A89E95;
    94DD : 7B7670;
    94DE : 43423E;
    94DF : 060A09;
    94E0 : 1F2B2B;
    94E1 : 000D10;
    94E2 : 344245;
    94E3 : 9DA6AD;
    94E4 : F8FFFF;
    94E5 : FCFFFF;
    94E6 : FEFEFF;
    94E7 : FBF9FF;
    94E8 : 0D0A13;
    94E9 : 636067;
    94EA : EDEBF0;
    94EB : FFFFFF;
    94EC : 646665;
    94ED : 353A36;
    94EE : C2C7C1;
    94EF : F3F8F2;
    94F0 : 757774;
    94F1 : 848484;
    94F2 : FFFFFF;
    94F3 : ECECEC;
    94F4 : 6D6D6D;
    94F5 : 212121;
    94F6 : 343434;
    94F7 : BFBFBF;
    94F8 : 919191;
    94F9 : 757575;
    94FA : 838383;
    94FB : C2C2C2;
    94FC : 8E8E8E;
    94FD : 323232;
    94FE : 393939;
    94FF : 1F1F1F;
    9500 : C4C4C4;
    9501 : F8F8F8;
    9502 : EDEDED;
    9503 : FFFFFF;
    9504 : F4F4F4;
    9505 : EBEBEB;
    9506 : F3F3F3;
    9507 : F5F5F5;
    9508 : F2F2F2;
    9509 : F2F2F2;
    950A : F2F2F2;
    950B : F2F2F2;
    950C : F2F2F2;
    950D : F2F2F2;
    950E : F2F2F2;
    950F : F2F2F2;
    9510 : F2F2F2;
    9511 : F2F2F2;
    9512 : F2F2F2;
    9513 : F2F2F2;
    9514 : F2F2F2;
    9515 : F2F2F2;
    9516 : F2F2F2;
    9517 : F2F2F2;
    9518 : F2F2F2;
    9519 : F2F2F2;
    951A : F2F2F2;
    951B : F2F2F2;
    951C : F2F2F2;
    951D : F2F2F2;
    951E : F2F2F2;
    951F : F2F2F2;
    9520 : F2F2F2;
    9521 : F2F2F2;
    9522 : F2F2F2;
    9523 : F2F2F2;
    9524 : F2F2F2;
    9525 : F2F2F2;
    9526 : F2F2F2;
    9527 : F2F2F2;
    9528 : F2F2F2;
    9529 : F2F2F2;
    952A : F2F2F2;
    952B : F2F2F2;
    952C : F2F2F2;
    952D : F2F2F2;
    952E : F2F2F2;
    952F : F2F2F2;
    9530 : F2F2F2;
    9531 : F2F2F2;
    9532 : F2F2F2;
    9533 : F2F2F2;
    9534 : F2F2F2;
    9535 : F2F2F2;
    9536 : F2F2F2;
    9537 : F2F2F2;
    9538 : F2F2F2;
    9539 : F2F2F2;
    953A : F2F2F2;
    953B : F2F2F2;
    953C : F2F2F2;
    953D : F2F2F2;
    953E : F2F2F2;
    953F : F2F2F2;
    9540 : F2F2F2;
    9541 : F2F2F2;
    9542 : F2F2F2;
    9543 : F2F2F2;
    9544 : F2F2F2;
    9545 : F2F2F2;
    9546 : F2F2F2;
    9547 : F2F2F2;
    9548 : F2F2F2;
    9549 : F2F2F2;
    954A : F2F2F2;
    954B : F2F2F2;
    954C : F2F2F2;
    954D : F2F2F2;
    954E : F2F2F2;
    954F : F2F2F2;
    9550 : F2F2F2;
    9551 : F2F2F2;
    9552 : F2F2F2;
    9553 : F2F2F2;
    9554 : F2F2F2;
    9555 : F2F2F2;
    9556 : F2F2F2;
    9557 : F2F2F2;
    9558 : F2F2F2;
    9559 : F2F2F2;
    955A : F2F2F2;
    955B : F2F2F2;
    955C : F2F2F2;
    955D : F2F2F2;
    955E : F2F2F2;
    955F : F2F2F2;
    9560 : F3F3F3;
    9561 : F0F0F0;
    9562 : EDEDED;
    9563 : EEEEEE;
    9564 : F2F2F2;
    9565 : F4F4F4;
    9566 : F3F3F3;
    9567 : F1F1F1;
    9568 : E7E7E7;
    9569 : FFFFFF;
    956A : E5E5E5;
    956B : FFFFFF;
    956C : CECECE;
    956D : 212121;
    956E : 000000;
    956F : 0D0D0D;
    9570 : 090909;
    9571 : 9F9F9F;
    9572 : FDFDFD;
    9573 : 484848;
    9574 : 0C0C0C;
    9575 : 656565;
    9576 : 757575;
    9577 : 0C0C0C;
    9578 : 1A1A1A;
    9579 : 373737;
    957A : 3D3D3D;
    957B : 070707;
    957C : 040404;
    957D : 060606;
    957E : 151515;
    957F : 060606;
    9580 : 050505;
    9581 : 0B0B0B;
    9582 : 747474;
    9583 : F6F6F6;
    9584 : F1F1F1;
    9585 : E9E9E9;
    9586 : E9E9E9;
    9587 : EFEFEF;
    9588 : 4A4B4D;
    9589 : 1E2223;
    958A : 212224;
    958B : 222629;
    958C : 2E2F33;
    958D : 121619;
    958E : 1A1B1F;
    958F : 1D1E22;
    9590 : 07060B;
    9591 : 0A0A0C;
    9592 : 0E0C0D;
    9593 : 0E0C0D;
    9594 : 0D0908;
    9595 : 090502;
    9596 : 0A0501;
    9597 : 100500;
    9598 : 0F0000;
    9599 : 190000;
    959A : 2F1305;
    959B : 583B2D;
    959C : 7E5E4F;
    959D : 816152;
    959E : 5B3B2C;
    959F : 301305;
    95A0 : 93786D;
    95A1 : E8D2C7;
    95A2 : ECDBD3;
    95A3 : EFE4DE;
    95A4 : FFFEFA;
    95A5 : FFFFFB;
    95A6 : CCCECD;
    95A7 : 3F4847;
    95A8 : 000C0D;
    95A9 : 49585B;
    95AA : CAD8DB;
    95AB : F8FFFF;
    95AC : D8DFE7;
    95AD : 83868D;
    95AE : 74747E;
    95AF : 7E7D85;
    95B0 : 555259;
    95B1 : FFFDFF;
    95B2 : FCFAFF;
    95B3 : 8C8C8E;
    95B4 : 5D5F5E;
    95B5 : 828783;
    95B6 : D4D9D3;
    95B7 : E6EBE5;
    95B8 : 343633;
    95B9 : 797979;
    95BA : E8E8E8;
    95BB : C7C7C7;
    95BC : D3D3D3;
    95BD : 535353;
    95BE : 1F1F1F;
    95BF : 5B5B5B;
    95C0 : 3C3C3C;
    95C1 : 2D2D2D;
    95C2 : B2B2B2;
    95C3 : 929292;
    95C4 : 323232;
    95C5 : 202020;
    95C6 : 060606;
    95C7 : AFAFAF;
    95C8 : FFFFFF;
    95C9 : E5E5E5;
    95CA : FCFCFC;
    95CB : E0E0E0;
    95CC : F7F7F7;
    95CD : FEFEFE;
    95CE : E9E9E9;
    95CF : EFEFEF;
    95D0 : F2F2F2;
    95D1 : F2F2F2;
    95D2 : F2F2F2;
    95D3 : F2F2F2;
    95D4 : F2F2F2;
    95D5 : F2F2F2;
    95D6 : F2F2F2;
    95D7 : F2F2F2;
    95D8 : F2F2F2;
    95D9 : F2F2F2;
    95DA : F2F2F2;
    95DB : F2F2F2;
    95DC : F2F2F2;
    95DD : F2F2F2;
    95DE : F2F2F2;
    95DF : F2F2F2;
    95E0 : F2F2F2;
    95E1 : F2F2F2;
    95E2 : F2F2F2;
    95E3 : F2F2F2;
    95E4 : F2F2F2;
    95E5 : F2F2F2;
    95E6 : F2F2F2;
    95E7 : F2F2F2;
    95E8 : F2F2F2;
    95E9 : F2F2F2;
    95EA : F2F2F2;
    95EB : F2F2F2;
    95EC : F2F2F2;
    95ED : F2F2F2;
    95EE : F2F2F2;
    95EF : F2F2F2;
    95F0 : F2F2F2;
    95F1 : F2F2F2;
    95F2 : F2F2F2;
    95F3 : F2F2F2;
    95F4 : F2F2F2;
    95F5 : F2F2F2;
    95F6 : F2F2F2;
    95F7 : F2F2F2;
    95F8 : F2F2F2;
    95F9 : F2F2F2;
    95FA : F2F2F2;
    95FB : F2F2F2;
    95FC : F2F2F2;
    95FD : F2F2F2;
    95FE : F2F2F2;
    95FF : F2F2F2;
    9600 : F2F2F2;
    9601 : F2F2F2;
    9602 : F2F2F2;
    9603 : F2F2F2;
    9604 : F2F2F2;
    9605 : F2F2F2;
    9606 : F2F2F2;
    9607 : F2F2F2;
    9608 : F2F2F2;
    9609 : F2F2F2;
    960A : F2F2F2;
    960B : F2F2F2;
    960C : F2F2F2;
    960D : F2F2F2;
    960E : F2F2F2;
    960F : F2F2F2;
    9610 : F2F2F2;
    9611 : F2F2F2;
    9612 : F2F2F2;
    9613 : F2F2F2;
    9614 : F2F2F2;
    9615 : F2F2F2;
    9616 : F2F2F2;
    9617 : F2F2F2;
    9618 : F2F2F2;
    9619 : F2F2F2;
    961A : F2F2F2;
    961B : F2F2F2;
    961C : F2F2F2;
    961D : F2F2F2;
    961E : F2F2F2;
    961F : F2F2F2;
    9620 : F2F2F2;
    9621 : F2F2F2;
    9622 : F2F2F2;
    9623 : F2F2F2;
    9624 : F2F2F2;
    9625 : F2F2F2;
    9626 : F2F2F2;
    9627 : F2F2F2;
    9628 : F2F2F2;
    9629 : F2F2F2;
    962A : F2F2F2;
    962B : F2F2F2;
    962C : F2F2F2;
    962D : F2F2F2;
    962E : F2F2F2;
    962F : F2F2F2;
    9630 : F1F1F1;
    9631 : F5F5F5;
    9632 : F2F2F2;
    9633 : EEEEEE;
    9634 : EEEEEE;
    9635 : F1F1F1;
    9636 : 505050;
    9637 : 000000;
    9638 : 070707;
    9639 : 060606;
    963A : 161616;
    963B : 050505;
    963C : 5F5F5F;
    963D : FFFFFF;
    963E : 727272;
    963F : 666666;
    9640 : ACACAC;
    9641 : 5A5A5A;
    9642 : 393939;
    9643 : 3F3F3F;
    9644 : 1E1E1E;
    9645 : 000000;
    9646 : 010101;
    9647 : 0B0B0B;
    9648 : 040404;
    9649 : 050505;
    964A : C5C5C5;
    964B : EEEEEE;
    964C : E2E2E2;
    964D : 8E8E8E;
    964E : D9D9D9;
    964F : FCFCFC;
    9650 : 525252;
    9651 : 1D1F1E;
    9652 : 282828;
    9653 : 232426;
    9654 : 262628;
    9655 : 242527;
    9656 : 272729;
    9657 : 131315;
    9658 : 060608;
    9659 : 060606;
    965A : 060606;
    965B : 060606;
    965C : 070506;
    965D : 070604;
    965E : 070604;
    965F : 090502;
    9660 : 080000;
    9661 : 1C130E;
    9662 : 070000;
    9663 : 1B120D;
    9664 : 302521;
    9665 : 635854;
    9666 : 080000;
    9667 : 988F8A;
    9668 : FFF5F3;
    9669 : FFFDFA;
    966A : 7D7875;
    966B : 201C19;
    966C : 5D5C5A;
    966D : E8E8E6;
    966E : F3F3F3;
    966F : 8C8E8D;
    9670 : 25292A;
    9671 : ECF2F2;
    9672 : FCFFFF;
    9673 : A2A6A7;
    9674 : 26272B;
    9675 : 090A0C;
    9676 : 000004;
    9677 : 3A3A3C;
    9678 : B1B1B3;
    9679 : B5B5B7;
    967A : 838385;
    967B : 7F7F7F;
    967C : 8B8B8B;
    967D : 818382;
    967E : 444643;
    967F : 3B3D3A;
    9680 : 303030;
    9681 : 4B4B4B;
    9682 : 848484;
    9683 : 6C6C6C;
    9684 : 343434;
    9685 : 818181;
    9686 : E2E2E2;
    9687 : D1D1D1;
    9688 : 464646;
    9689 : 323232;
    968A : 252525;
    968B : 060606;
    968C : 121212;
    968D : 3F3F3F;
    968E : BFBFBF;
    968F : FFFFFF;
    9690 : F2F2F2;
    9691 : F2F2F2;
    9692 : F2F2F2;
    9693 : F2F2F2;
    9694 : F2F2F2;
    9695 : F2F2F2;
    9696 : F2F2F2;
    9697 : F2F2F2;
    9698 : F2F2F2;
    9699 : F2F2F2;
    969A : F2F2F2;
    969B : F2F2F2;
    969C : F2F2F2;
    969D : F2F2F2;
    969E : F2F2F2;
    969F : F2F2F2;
    96A0 : F2F2F2;
    96A1 : F2F2F2;
    96A2 : F2F2F2;
    96A3 : F2F2F2;
    96A4 : F2F2F2;
    96A5 : F2F2F2;
    96A6 : F2F2F2;
    96A7 : F2F2F2;
    96A8 : F2F2F2;
    96A9 : F2F2F2;
    96AA : F2F2F2;
    96AB : F2F2F2;
    96AC : F2F2F2;
    96AD : F2F2F2;
    96AE : F2F2F2;
    96AF : F2F2F2;
    96B0 : F2F2F2;
    96B1 : F2F2F2;
    96B2 : F2F2F2;
    96B3 : F2F2F2;
    96B4 : F2F2F2;
    96B5 : F2F2F2;
    96B6 : F2F2F2;
    96B7 : F2F2F2;
    96B8 : F2F2F2;
    96B9 : F2F2F2;
    96BA : F2F2F2;
    96BB : F2F2F2;
    96BC : F2F2F2;
    96BD : F2F2F2;
    96BE : F2F2F2;
    96BF : F2F2F2;
    96C0 : F2F2F2;
    96C1 : F2F2F2;
    96C2 : F2F2F2;
    96C3 : F2F2F2;
    96C4 : F2F2F2;
    96C5 : F2F2F2;
    96C6 : F2F2F2;
    96C7 : F2F2F2;
    96C8 : F2F2F2;
    96C9 : F2F2F2;
    96CA : F2F2F2;
    96CB : F2F2F2;
    96CC : F2F2F2;
    96CD : F2F2F2;
    96CE : F2F2F2;
    96CF : F2F2F2;
    96D0 : F2F2F2;
    96D1 : F2F2F2;
    96D2 : F2F2F2;
    96D3 : F2F2F2;
    96D4 : F2F2F2;
    96D5 : F2F2F2;
    96D6 : F2F2F2;
    96D7 : F2F2F2;
    96D8 : F2F2F2;
    96D9 : F2F2F2;
    96DA : F2F2F2;
    96DB : F2F2F2;
    96DC : F2F2F2;
    96DD : F2F2F2;
    96DE : F2F2F2;
    96DF : F2F2F2;
    96E0 : F2F2F2;
    96E1 : F2F2F2;
    96E2 : F2F2F2;
    96E3 : F2F2F2;
    96E4 : F2F2F2;
    96E5 : F2F2F2;
    96E6 : F2F2F2;
    96E7 : F2F2F2;
    96E8 : F2F2F2;
    96E9 : F2F2F2;
    96EA : F2F2F2;
    96EB : F2F2F2;
    96EC : F2F2F2;
    96ED : F2F2F2;
    96EE : F2F2F2;
    96EF : F2F2F2;
    96F0 : F2F2F2;
    96F1 : F2F2F2;
    96F2 : F2F2F2;
    96F3 : F2F2F2;
    96F4 : F2F2F2;
    96F5 : F2F2F2;
    96F6 : F2F2F2;
    96F7 : F2F2F2;
    96F8 : F3F3F3;
    96F9 : F4F4F4;
    96FA : F6F6F6;
    96FB : F4F4F4;
    96FC : F3F3F3;
    96FD : FFFFFF;
    96FE : 666666;
    96FF : 090909;
    9700 : 171717;
    9701 : 000000;
    9702 : 050505;
    9703 : 121212;
    9704 : 0F0F0F;
    9705 : 363636;
    9706 : 080808;
    9707 : 787878;
    9708 : FFFFFF;
    9709 : F4F4F4;
    970A : CBCBCB;
    970B : 7D7D7D;
    970C : 262626;
    970D : 040404;
    970E : 090909;
    970F : 0A0A0A;
    9710 : 080808;
    9711 : 2A2A2A;
    9712 : EBEBEB;
    9713 : FFFFFF;
    9714 : EDEDED;
    9715 : 131313;
    9716 : A9A9A9;
    9717 : F4F4F4;
    9718 : 474747;
    9719 : 1B1B1B;
    971A : 2B2B2B;
    971B : 272727;
    971C : 282828;
    971D : 242424;
    971E : 232323;
    971F : 111111;
    9720 : 060606;
    9721 : 060606;
    9722 : 060606;
    9723 : 060606;
    9724 : 060606;
    9725 : 060606;
    9726 : 060606;
    9727 : 060606;
    9728 : 060606;
    9729 : 050505;
    972A : 000000;
    972B : 000000;
    972C : 2F2F2F;
    972D : 616161;
    972E : 3E3E3E;
    972F : FCFCFC;
    9730 : FFFFFF;
    9731 : 939393;
    9732 : 323232;
    9733 : 4A4A4A;
    9734 : 585858;
    9735 : D2D2D2;
    9736 : FFFFFF;
    9737 : 838383;
    9738 : B7B7B7;
    9739 : D2D2D2;
    973A : 737373;
    973B : 242424;
    973C : 161616;
    973D : 303030;
    973E : 303030;
    973F : 686868;
    9740 : A2A2A2;
    9741 : 9C9C9C;
    9742 : 777777;
    9743 : ABABAB;
    9744 : CBCBCB;
    9745 : 7B7B7B;
    9746 : 393939;
    9747 : 909090;
    9748 : E7E7E7;
    9749 : F1F1F1;
    974A : E1E1E1;
    974B : 8D8D8D;
    974C : 3B3B3B;
    974D : 3F3F3F;
    974E : 555555;
    974F : 3E3E3E;
    9750 : 1A1A1A;
    9751 : 2D2D2D;
    9752 : 1A1A1A;
    9753 : 252525;
    9754 : 9F9F9F;
    9755 : FFFFFF;
    9756 : FFFFFF;
    9757 : DFDFDF;
    9758 : F2F2F2;
    9759 : F2F2F2;
    975A : F2F2F2;
    975B : F2F2F2;
    975C : F2F2F2;
    975D : F2F2F2;
    975E : F2F2F2;
    975F : F2F2F2;
    9760 : F2F2F2;
    9761 : F2F2F2;
    9762 : F2F2F2;
    9763 : F2F2F2;
    9764 : F2F2F2;
    9765 : F2F2F2;
    9766 : F2F2F2;
    9767 : F2F2F2;
    9768 : F2F2F2;
    9769 : F2F2F2;
    976A : F2F2F2;
    976B : F2F2F2;
    976C : F2F2F2;
    976D : F2F2F2;
    976E : F2F2F2;
    976F : F2F2F2;
    9770 : F2F2F2;
    9771 : F2F2F2;
    9772 : F2F2F2;
    9773 : F2F2F2;
    9774 : F2F2F2;
    9775 : F2F2F2;
    9776 : F2F2F2;
    9777 : F2F2F2;
    9778 : F2F2F2;
    9779 : F2F2F2;
    977A : F2F2F2;
    977B : F2F2F2;
    977C : F2F2F2;
    977D : F2F2F2;
    977E : F2F2F2;
    977F : F2F2F2;
    9780 : F2F2F2;
    9781 : F2F2F2;
    9782 : F2F2F2;
    9783 : F2F2F2;
    9784 : F2F2F2;
    9785 : F2F2F2;
    9786 : F2F2F2;
    9787 : F2F2F2;
    9788 : F2F2F2;
    9789 : F2F2F2;
    978A : F2F2F2;
    978B : F2F2F2;
    978C : F2F2F2;
    978D : F2F2F2;
    978E : F2F2F2;
    978F : F2F2F2;
    9790 : F2F2F2;
    9791 : F2F2F2;
    9792 : F2F2F2;
    9793 : F2F2F2;
    9794 : F2F2F2;
    9795 : F2F2F2;
    9796 : F2F2F2;
    9797 : F2F2F2;
    9798 : F2F2F2;
    9799 : F2F2F2;
    979A : F2F2F2;
    979B : F2F2F2;
    979C : F2F2F2;
    979D : F2F2F2;
    979E : F2F2F2;
    979F : F2F2F2;
    97A0 : F2F2F2;
    97A1 : F2F2F2;
    97A2 : F2F2F2;
    97A3 : F2F2F2;
    97A4 : F2F2F2;
    97A5 : F2F2F2;
    97A6 : F2F2F2;
    97A7 : F2F2F2;
    97A8 : F2F2F2;
    97A9 : F2F2F2;
    97AA : F2F2F2;
    97AB : F2F2F2;
    97AC : F2F2F2;
    97AD : F2F2F2;
    97AE : F2F2F2;
    97AF : F2F2F2;
    97B0 : F2F2F2;
    97B1 : F2F2F2;
    97B2 : F2F2F2;
    97B3 : F2F2F2;
    97B4 : F2F2F2;
    97B5 : F2F2F2;
    97B6 : F2F2F2;
    97B7 : F2F2F2;
    97B8 : F2F2F2;
    97B9 : F2F2F2;
    97BA : F2F2F2;
    97BB : F2F2F2;
    97BC : F2F2F2;
    97BD : F2F2F2;
    97BE : F2F2F2;
    97BF : F2F2F2;
    97C0 : F1F1F1;
    97C1 : EDEDED;
    97C2 : F4F4F4;
    97C3 : F3F3F3;
    97C4 : EDEDED;
    97C5 : FFFFFF;
    97C6 : 737373;
    97C7 : 080808;
    97C8 : 000000;
    97C9 : 0B0B0B;
    97CA : 060606;
    97CB : 030303;
    97CC : 000000;
    97CD : 141414;
    97CE : 000000;
    97CF : 040404;
    97D0 : 757575;
    97D1 : 727272;
    97D2 : 424242;
    97D3 : 030303;
    97D4 : 000000;
    97D5 : 0F0F0F;
    97D6 : 101010;
    97D7 : 000000;
    97D8 : 010101;
    97D9 : 141414;
    97DA : 8F8F8F;
    97DB : D6D6D6;
    97DC : 929292;
    97DD : 000000;
    97DE : 6E6E6E;
    97DF : F0F0F0;
    97E0 : 3C3C3C;
    97E1 : 1B1B1B;
    97E2 : 2F2F2F;
    97E3 : 2B2B2B;
    97E4 : 2C2C2C;
    97E5 : 232323;
    97E6 : 1E1E1E;
    97E7 : 0D0D0D;
    97E8 : 060606;
    97E9 : 060606;
    97EA : 060606;
    97EB : 060606;
    97EC : 060606;
    97ED : 060606;
    97EE : 060606;
    97EF : 060606;
    97F0 : 090909;
    97F1 : 090909;
    97F2 : 0E0E0E;
    97F3 : 0A0A0A;
    97F4 : 2B2B2B;
    97F5 : 3A3A3A;
    97F6 : 6D6D6D;
    97F7 : FDFDFD;
    97F8 : E6E6E6;
    97F9 : FFFFFF;
    97FA : F7F7F7;
    97FB : DADADA;
    97FC : 858585;
    97FD : 626262;
    97FE : 696969;
    97FF : 5D5D5D;
    9800 : 8A8A8A;
    9801 : A6A6A6;
    9802 : ACACAC;
    9803 : D4D4D4;
    9804 : F6F6F6;
    9805 : A9A9A9;
    9806 : 373737;
    9807 : 1C1C1C;
    9808 : 7E7E7E;
    9809 : C4C4C4;
    980A : EAEAEA;
    980B : DEDEDE;
    980C : 999999;
    980D : 525252;
    980E : 1C1C1C;
    980F : 1B1B1B;
    9810 : 3B3B3B;
    9811 : 5C5C5C;
    9812 : 515151;
    9813 : 292929;
    9814 : 1C1C1C;
    9815 : 1E1E1E;
    9816 : 181818;
    9817 : 151515;
    9818 : 2B2B2B;
    9819 : 000000;
    981A : 484848;
    981B : E6E6E6;
    981C : FFFFFF;
    981D : E6E6E6;
    981E : E3E3E3;
    981F : FBFBFB;
    9820 : F2F2F2;
    9821 : F2F2F2;
    9822 : F2F2F2;
    9823 : F2F2F2;
    9824 : F2F2F2;
    9825 : F2F2F2;
    9826 : F2F2F2;
    9827 : F2F2F2;
    9828 : F2F2F2;
    9829 : F2F2F2;
    982A : F2F2F2;
    982B : F2F2F2;
    982C : F2F2F2;
    982D : F2F2F2;
    982E : F2F2F2;
    982F : F2F2F2;
    9830 : F2F2F2;
    9831 : F2F2F2;
    9832 : F2F2F2;
    9833 : F2F2F2;
    9834 : F2F2F2;
    9835 : F2F2F2;
    9836 : F2F2F2;
    9837 : F2F2F2;
    9838 : F2F2F2;
    9839 : F2F2F2;
    983A : F2F2F2;
    983B : F2F2F2;
    983C : F2F2F2;
    983D : F2F2F2;
    983E : F2F2F2;
    983F : F2F2F2;
    9840 : F2F2F2;
    9841 : F2F2F2;
    9842 : F2F2F2;
    9843 : F2F2F2;
    9844 : F2F2F2;
    9845 : F2F2F2;
    9846 : F2F2F2;
    9847 : F2F2F2;
    9848 : F2F2F2;
    9849 : F2F2F2;
    984A : F2F2F2;
    984B : F2F2F2;
    984C : F2F2F2;
    984D : F2F2F2;
    984E : F2F2F2;
    984F : F2F2F2;
    9850 : F2F2F2;
    9851 : F2F2F2;
    9852 : F2F2F2;
    9853 : F2F2F2;
    9854 : F2F2F2;
    9855 : F2F2F2;
    9856 : F2F2F2;
    9857 : F2F2F2;
    9858 : F2F2F2;
    9859 : F2F2F2;
    985A : F2F2F2;
    985B : F2F2F2;
    985C : F2F2F2;
    985D : F2F2F2;
    985E : F2F2F2;
    985F : F2F2F2;
    9860 : F2F2F2;
    9861 : F2F2F2;
    9862 : F2F2F2;
    9863 : F2F2F2;
    9864 : F2F2F2;
    9865 : F2F2F2;
    9866 : F2F2F2;
    9867 : F2F2F2;
    9868 : F2F2F2;
    9869 : F2F2F2;
    986A : F2F2F2;
    986B : F2F2F2;
    986C : F2F2F2;
    986D : F2F2F2;
    986E : F2F2F2;
    986F : F2F2F2;
    9870 : F2F2F2;
    9871 : F2F2F2;
    9872 : F2F2F2;
    9873 : F2F2F2;
    9874 : F2F2F2;
    9875 : F2F2F2;
    9876 : F2F2F2;
    9877 : F2F2F2;
    9878 : F2F2F2;
    9879 : F2F2F2;
    987A : F2F2F2;
    987B : F2F2F2;
    987C : F2F2F2;
    987D : F2F2F2;
    987E : F2F2F2;
    987F : F2F2F2;
    9880 : F2F2F2;
    9881 : F2F2F2;
    9882 : F2F2F2;
    9883 : F2F2F2;
    9884 : F2F2F2;
    9885 : F2F2F2;
    9886 : F2F2F2;
    9887 : F2F2F2;
    9888 : F2F2F2;
    9889 : EAEAEA;
    988A : F3F3F3;
    988B : F0F0F0;
    988C : E4E4E4;
    988D : FFFFFF;
    988E : 747474;
    988F : 000000;
    9890 : 080808;
    9891 : 0A0A0A;
    9892 : 060606;
    9893 : 060606;
    9894 : 070707;
    9895 : 0E0E0E;
    9896 : 0E0E0E;
    9897 : 000000;
    9898 : 000000;
    9899 : 080808;
    989A : 060606;
    989B : 000000;
    989C : 0A0A0A;
    989D : 080808;
    989E : 000000;
    989F : 0D0D0D;
    98A0 : 000000;
    98A1 : 3F3F3F;
    98A2 : 232323;
    98A3 : 595959;
    98A4 : 363636;
    98A5 : 0A0A0A;
    98A6 : 0C0C0C;
    98A7 : BBBBBB;
    98A8 : 393939;
    98A9 : 1E1E1E;
    98AA : 303030;
    98AB : 2A2A2A;
    98AC : 2F2F2F;
    98AD : 242424;
    98AE : 181818;
    98AF : 070707;
    98B0 : 060606;
    98B1 : 060606;
    98B2 : 060606;
    98B3 : 060606;
    98B4 : 060606;
    98B5 : 060606;
    98B6 : 060606;
    98B7 : 060606;
    98B8 : 030303;
    98B9 : 050505;
    98BA : 000000;
    98BB : 030303;
    98BC : 000000;
    98BD : 0D0D0D;
    98BE : A3A3A3;
    98BF : FCFCFC;
    98C0 : CECECE;
    98C1 : 434343;
    98C2 : 333333;
    98C3 : 3E3E3E;
    98C4 : 666666;
    98C5 : 7A7A7A;
    98C6 : 020202;
    98C7 : 202020;
    98C8 : 626262;
    98C9 : 9D9D9D;
    98CA : D2D2D2;
    98CB : D2D2D2;
    98CC : ABABAB;
    98CD : 373737;
    98CE : 0D0D0D;
    98CF : 353535;
    98D0 : 121212;
    98D1 : 191919;
    98D2 : 282828;
    98D3 : 202020;
    98D4 : 080808;
    98D5 : 1F1F1F;
    98D6 : 363636;
    98D7 : 2A2A2A;
    98D8 : 0E0E0E;
    98D9 : 272727;
    98DA : 222222;
    98DB : 151515;
    98DC : 1D1D1D;
    98DD : 1A1A1A;
    98DE : 090909;
    98DF : 080808;
    98E0 : 050505;
    98E1 : 050505;
    98E2 : 848484;
    98E3 : FFFFFF;
    98E4 : E0E0E0;
    98E5 : F3F3F3;
    98E6 : F9F9F9;
    98E7 : E5E5E5;
    98E8 : F2F2F2;
    98E9 : F2F2F2;
    98EA : F2F2F2;
    98EB : F2F2F2;
    98EC : F2F2F2;
    98ED : F2F2F2;
    98EE : F2F2F2;
    98EF : F2F2F2;
    98F0 : F2F2F2;
    98F1 : F2F2F2;
    98F2 : F2F2F2;
    98F3 : F2F2F2;
    98F4 : F2F2F2;
    98F5 : F2F2F2;
    98F6 : F2F2F2;
    98F7 : F2F2F2;
    98F8 : F2F2F2;
    98F9 : F2F2F2;
    98FA : F2F2F2;
    98FB : F2F2F2;
    98FC : F2F2F2;
    98FD : F2F2F2;
    98FE : F2F2F2;
    98FF : F2F2F2;
    9900 : F2F2F2;
    9901 : F2F2F2;
    9902 : F2F2F2;
    9903 : F2F2F2;
    9904 : F2F2F2;
    9905 : F2F2F2;
    9906 : F2F2F2;
    9907 : F2F2F2;
    9908 : F2F2F2;
    9909 : F2F2F2;
    990A : F2F2F2;
    990B : F2F2F2;
    990C : F2F2F2;
    990D : F2F2F2;
    990E : F2F2F2;
    990F : F2F2F2;
    9910 : F2F2F2;
    9911 : F2F2F2;
    9912 : F2F2F2;
    9913 : F2F2F2;
    9914 : F2F2F2;
    9915 : F2F2F2;
    9916 : F2F2F2;
    9917 : F2F2F2;
    9918 : F2F2F2;
    9919 : F2F2F2;
    991A : F2F2F2;
    991B : F2F2F2;
    991C : F2F2F2;
    991D : F2F2F2;
    991E : F2F2F2;
    991F : F2F2F2;
    9920 : F2F2F2;
    9921 : F2F2F2;
    9922 : F2F2F2;
    9923 : F2F2F2;
    9924 : F2F2F2;
    9925 : F2F2F2;
    9926 : F2F2F2;
    9927 : F2F2F2;
    9928 : F2F2F2;
    9929 : F2F2F2;
    992A : F2F2F2;
    992B : F2F2F2;
    992C : F2F2F2;
    992D : F2F2F2;
    992E : F2F2F2;
    992F : F2F2F2;
    9930 : F2F2F2;
    9931 : F2F2F2;
    9932 : F2F2F2;
    9933 : F2F2F2;
    9934 : F2F2F2;
    9935 : F2F2F2;
    9936 : F2F2F2;
    9937 : F2F2F2;
    9938 : F2F2F2;
    9939 : F2F2F2;
    993A : F2F2F2;
    993B : F2F2F2;
    993C : F2F2F2;
    993D : F2F2F2;
    993E : F2F2F2;
    993F : F2F2F2;
    9940 : F2F2F2;
    9941 : F2F2F2;
    9942 : F2F2F2;
    9943 : F2F2F2;
    9944 : F2F2F2;
    9945 : F2F2F2;
    9946 : F2F2F2;
    9947 : F2F2F2;
    9948 : F2F2F2;
    9949 : F2F2F2;
    994A : F2F2F2;
    994B : F2F2F2;
    994C : F2F2F2;
    994D : F2F2F2;
    994E : F2F2F2;
    994F : F2F2F2;
    9950 : F6F6F6;
    9951 : EEEEEE;
    9952 : F7F7F7;
    9953 : F3F3F3;
    9954 : E6E6E6;
    9955 : FFFFFF;
    9956 : 737373;
    9957 : 000000;
    9958 : 191919;
    9959 : 000000;
    995A : 080808;
    995B : 070707;
    995C : 020202;
    995D : 000000;
    995E : 050505;
    995F : 111111;
    9960 : 0E0E0E;
    9961 : 0E0E0E;
    9962 : 000000;
    9963 : 030303;
    9964 : 191919;
    9965 : 070707;
    9966 : 000000;
    9967 : 222222;
    9968 : A7A7A7;
    9969 : ECECEC;
    996A : 999999;
    996B : 696969;
    996C : 1F1F1F;
    996D : 000000;
    996E : 0E0E0E;
    996F : 323232;
    9970 : 3A3A3A;
    9971 : 232323;
    9972 : 313131;
    9973 : 262626;
    9974 : 313131;
    9975 : 242424;
    9976 : 131313;
    9977 : 030303;
    9978 : 060606;
    9979 : 060606;
    997A : 060606;
    997B : 060606;
    997C : 060606;
    997D : 060606;
    997E : 060606;
    997F : 060606;
    9980 : 010101;
    9981 : 0C0C0C;
    9982 : 111111;
    9983 : 202020;
    9984 : 060606;
    9985 : 020202;
    9986 : 525252;
    9987 : B0B0B0;
    9988 : 7A7A7A;
    9989 : 505050;
    998A : 404040;
    998B : DFDFDF;
    998C : FEFEFE;
    998D : 727272;
    998E : 202020;
    998F : 262626;
    9990 : 101010;
    9991 : 111111;
    9992 : 171717;
    9993 : 0F0F0F;
    9994 : 2B2B2B;
    9995 : 0E0E0E;
    9996 : 101010;
    9997 : 202020;
    9998 : 292929;
    9999 : 242424;
    999A : 101010;
    999B : 0F0F0F;
    999C : 282828;
    999D : 191919;
    999E : 0A0A0A;
    999F : 191919;
    99A0 : 131313;
    99A1 : 0F0F0F;
    99A2 : 0A0A0A;
    99A3 : 050505;
    99A4 : 020202;
    99A5 : 060606;
    99A6 : 0A0A0A;
    99A7 : 070707;
    99A8 : 080808;
    99A9 : 070707;
    99AA : 6B6B6B;
    99AB : F9F9F9;
    99AC : F1F1F1;
    99AD : FFFFFF;
    99AE : EAEAEA;
    99AF : FAFAFA;
    99B0 : F2F2F2;
    99B1 : F2F2F2;
    99B2 : F2F2F2;
    99B3 : F2F2F2;
    99B4 : F2F2F2;
    99B5 : F2F2F2;
    99B6 : F2F2F2;
    99B7 : F2F2F2;
    99B8 : F2F2F2;
    99B9 : F2F2F2;
    99BA : F2F2F2;
    99BB : F2F2F2;
    99BC : F2F2F2;
    99BD : F2F2F2;
    99BE : F2F2F2;
    99BF : F2F2F2;
    99C0 : F2F2F2;
    99C1 : F2F2F2;
    99C2 : F2F2F2;
    99C3 : F2F2F2;
    99C4 : F2F2F2;
    99C5 : F2F2F2;
    99C6 : F2F2F2;
    99C7 : F2F2F2;
    99C8 : F2F2F2;
    99C9 : F2F2F2;
    99CA : F2F2F2;
    99CB : F2F2F2;
    99CC : F2F2F2;
    99CD : F2F2F2;
    99CE : F2F2F2;
    99CF : F2F2F2;
    99D0 : F2F2F2;
    99D1 : F2F2F2;
    99D2 : F2F2F2;
    99D3 : F2F2F2;
    99D4 : F2F2F2;
    99D5 : F2F2F2;
    99D6 : F2F2F2;
    99D7 : F2F2F2;
    99D8 : F2F2F2;
    99D9 : F2F2F2;
    99DA : F2F2F2;
    99DB : F2F2F2;
    99DC : F2F2F2;
    99DD : F2F2F2;
    99DE : F2F2F2;
    99DF : F2F2F2;
    99E0 : F2F2F2;
    99E1 : F2F2F2;
    99E2 : F2F2F2;
    99E3 : F2F2F2;
    99E4 : F2F2F2;
    99E5 : F2F2F2;
    99E6 : F2F2F2;
    99E7 : F2F2F2;
    99E8 : F2F2F2;
    99E9 : F2F2F2;
    99EA : F2F2F2;
    99EB : F2F2F2;
    99EC : F2F2F2;
    99ED : F2F2F2;
    99EE : F2F2F2;
    99EF : F2F2F2;
    99F0 : F2F2F2;
    99F1 : F2F2F2;
    99F2 : F2F2F2;
    99F3 : F2F2F2;
    99F4 : F2F2F2;
    99F5 : F2F2F2;
    99F6 : F2F2F2;
    99F7 : F2F2F2;
    99F8 : F2F2F2;
    99F9 : F2F2F2;
    99FA : F2F2F2;
    99FB : F2F2F2;
    99FC : F2F2F2;
    99FD : F2F2F2;
    99FE : F2F2F2;
    99FF : F2F2F2;
    9A00 : F2F2F2;
    9A01 : F2F2F2;
    9A02 : F2F2F2;
    9A03 : F2F2F2;
    9A04 : F2F2F2;
    9A05 : F2F2F2;
    9A06 : F2F2F2;
    9A07 : F2F2F2;
    9A08 : F2F2F2;
    9A09 : F2F2F2;
    9A0A : F2F2F2;
    9A0B : F2F2F2;
    9A0C : F2F2F2;
    9A0D : F2F2F2;
    9A0E : F2F2F2;
    9A0F : F2F2F2;
    9A10 : F2F2F2;
    9A11 : F2F2F2;
    9A12 : F2F2F2;
    9A13 : F2F2F2;
    9A14 : F2F2F2;
    9A15 : F2F2F2;
    9A16 : F2F2F2;
    9A17 : F2F2F2;
    9A18 : F2F2F2;
    9A19 : EEEEEE;
    9A1A : F5F5F5;
    9A1B : F3F3F3;
    9A1C : EBEBEB;
    9A1D : FFFFFF;
    9A1E : 6B6B6B;
    9A1F : 000000;
    9A20 : 060606;
    9A21 : 000000;
    9A22 : 101010;
    9A23 : 010101;
    9A24 : 020202;
    9A25 : 151515;
    9A26 : 040404;
    9A27 : 000000;
    9A28 : 000000;
    9A29 : 171717;
    9A2A : 121212;
    9A2B : 040404;
    9A2C : 000000;
    9A2D : 000000;
    9A2E : 171717;
    9A2F : 5D5D5D;
    9A30 : FEFEFE;
    9A31 : F6F6F6;
    9A32 : FAFAFA;
    9A33 : 575757;
    9A34 : 000000;
    9A35 : 282828;
    9A36 : 000000;
    9A37 : 111111;
    9A38 : 333333;
    9A39 : 252525;
    9A3A : 323232;
    9A3B : 242424;
    9A3C : 2F2F2F;
    9A3D : 212121;
    9A3E : 0E0E0E;
    9A3F : 020202;
    9A40 : 060606;
    9A41 : 060606;
    9A42 : 060606;
    9A43 : 060606;
    9A44 : 060606;
    9A45 : 060606;
    9A46 : 060606;
    9A47 : 060606;
    9A48 : 0B0B0B;
    9A49 : 000000;
    9A4A : 000000;
    9A4B : 000000;
    9A4C : 040404;
    9A4D : 111111;
    9A4E : 0B0B0B;
    9A4F : B2B2B2;
    9A50 : FFFFFF;
    9A51 : ECECEC;
    9A52 : FFFFFF;
    9A53 : D0D0D0;
    9A54 : 383838;
    9A55 : 1A1A1A;
    9A56 : 0F0F0F;
    9A57 : 292929;
    9A58 : 181818;
    9A59 : 1C1C1C;
    9A5A : 212121;
    9A5B : 0B0B0B;
    9A5C : 191919;
    9A5D : 0F0F0F;
    9A5E : 171717;
    9A5F : 131313;
    9A60 : 000000;
    9A61 : 070707;
    9A62 : 0D0D0D;
    9A63 : 000000;
    9A64 : 040404;
    9A65 : 030303;
    9A66 : 0D0D0D;
    9A67 : 0F0F0F;
    9A68 : 0A0A0A;
    9A69 : 000000;
    9A6A : 030303;
    9A6B : 070707;
    9A6C : 000000;
    9A6D : 000000;
    9A6E : 0B0B0B;
    9A6F : 030303;
    9A70 : 0A0A0A;
    9A71 : 090909;
    9A72 : 878787;
    9A73 : FFFFFF;
    9A74 : DDDDDD;
    9A75 : F2F2F2;
    9A76 : EAEAEA;
    9A77 : F2F2F2;
    9A78 : F2F2F2;
    9A79 : F2F2F2;
    9A7A : F2F2F2;
    9A7B : F2F2F2;
    9A7C : F2F2F2;
    9A7D : F2F2F2;
    9A7E : F2F2F2;
    9A7F : F2F2F2;
    9A80 : F2F2F2;
    9A81 : F2F2F2;
    9A82 : F2F2F2;
    9A83 : F2F2F2;
    9A84 : F2F2F2;
    9A85 : F2F2F2;
    9A86 : F2F2F2;
    9A87 : F2F2F2;
    9A88 : F2F2F2;
    9A89 : F2F2F2;
    9A8A : F2F2F2;
    9A8B : F2F2F2;
    9A8C : F2F2F2;
    9A8D : F2F2F2;
    9A8E : F2F2F2;
    9A8F : F2F2F2;
    9A90 : F2F2F2;
    9A91 : F2F2F2;
    9A92 : F2F2F2;
    9A93 : F2F2F2;
    9A94 : F2F2F2;
    9A95 : F2F2F2;
    9A96 : F2F2F2;
    9A97 : F2F2F2;
    9A98 : F2F2F2;
    9A99 : F2F2F2;
    9A9A : F2F2F2;
    9A9B : F2F2F2;
    9A9C : F2F2F2;
    9A9D : F2F2F2;
    9A9E : F2F2F2;
    9A9F : F2F2F2;
    9AA0 : F2F2F2;
    9AA1 : F2F2F2;
    9AA2 : F2F2F2;
    9AA3 : F2F2F2;
    9AA4 : F2F2F2;
    9AA5 : F2F2F2;
    9AA6 : F2F2F2;
    9AA7 : F2F2F2;
    9AA8 : F2F2F2;
    9AA9 : F2F2F2;
    9AAA : F2F2F2;
    9AAB : F2F2F2;
    9AAC : F2F2F2;
    9AAD : F2F2F2;
    9AAE : F2F2F2;
    9AAF : F2F2F2;
    9AB0 : F2F2F2;
    9AB1 : F2F2F2;
    9AB2 : F2F2F2;
    9AB3 : F2F2F2;
    9AB4 : F2F2F2;
    9AB5 : F2F2F2;
    9AB6 : F2F2F2;
    9AB7 : F2F2F2;
    9AB8 : F2F2F2;
    9AB9 : F2F2F2;
    9ABA : F2F2F2;
    9ABB : F2F2F2;
    9ABC : F2F2F2;
    9ABD : F2F2F2;
    9ABE : F2F2F2;
    9ABF : F2F2F2;
    9AC0 : F2F2F2;
    9AC1 : F2F2F2;
    9AC2 : F2F2F2;
    9AC3 : F2F2F2;
    9AC4 : F2F2F2;
    9AC5 : F2F2F2;
    9AC6 : F2F2F2;
    9AC7 : F2F2F2;
    9AC8 : F2F2F2;
    9AC9 : F2F2F2;
    9ACA : F2F2F2;
    9ACB : F2F2F2;
    9ACC : F2F2F2;
    9ACD : F2F2F2;
    9ACE : F2F2F2;
    9ACF : F2F2F2;
    9AD0 : F2F2F2;
    9AD1 : F2F2F2;
    9AD2 : F2F2F2;
    9AD3 : F2F2F2;
    9AD4 : F2F2F2;
    9AD5 : F2F2F2;
    9AD6 : F2F2F2;
    9AD7 : F2F2F2;
    9AD8 : F2F2F2;
    9AD9 : F2F2F2;
    9ADA : F2F2F2;
    9ADB : F2F2F2;
    9ADC : F2F2F2;
    9ADD : F2F2F2;
    9ADE : F2F2F2;
    9ADF : F2F2F2;
    9AE0 : EDEDED;
    9AE1 : EFEFEF;
    9AE2 : F2F2F2;
    9AE3 : F1F1F1;
    9AE4 : EEEEEE;
    9AE5 : FAFAFA;
    9AE6 : 5B5B5B;
    9AE7 : 000000;
    9AE8 : 0A0A0A;
    9AE9 : 040404;
    9AEA : 070707;
    9AEB : 0E0E0E;
    9AEC : 000000;
    9AED : 000000;
    9AEE : 000000;
    9AEF : 1A1A1A;
    9AF0 : 000000;
    9AF1 : 060606;
    9AF2 : 000000;
    9AF3 : 020202;
    9AF4 : 111111;
    9AF5 : 0B0B0B;
    9AF6 : 000000;
    9AF7 : 000000;
    9AF8 : 323232;
    9AF9 : A1A1A1;
    9AFA : 1F1F1F;
    9AFB : 000000;
    9AFC : 0D0D0D;
    9AFD : 030303;
    9AFE : 050505;
    9AFF : 1B1B1B;
    9B00 : 222222;
    9B01 : 222222;
    9B02 : 363636;
    9B03 : 242424;
    9B04 : 2C2C2C;
    9B05 : 1A1A1A;
    9B06 : 090909;
    9B07 : 050505;
    9B08 : 060606;
    9B09 : 060606;
    9B0A : 060606;
    9B0B : 060606;
    9B0C : 060606;
    9B0D : 060606;
    9B0E : 060606;
    9B0F : 060606;
    9B10 : 0D0D0D;
    9B11 : 040404;
    9B12 : 101010;
    9B13 : 060606;
    9B14 : 0F0F0F;
    9B15 : 0A0A0A;
    9B16 : 000000;
    9B17 : 3A3A3A;
    9B18 : A1A1A1;
    9B19 : CECECE;
    9B1A : 9D9D9D;
    9B1B : 1E1E1E;
    9B1C : 000000;
    9B1D : 272727;
    9B1E : 0D0D0D;
    9B1F : 0E0E0E;
    9B20 : 0B0B0B;
    9B21 : 010101;
    9B22 : 000000;
    9B23 : 000000;
    9B24 : 050505;
    9B25 : 070707;
    9B26 : 0A0A0A;
    9B27 : 000000;
    9B28 : 212121;
    9B29 : 000000;
    9B2A : 040404;
    9B2B : 0F0F0F;
    9B2C : 151515;
    9B2D : 040404;
    9B2E : 0A0A0A;
    9B2F : 000000;
    9B30 : 060606;
    9B31 : 050505;
    9B32 : 0D0D0D;
    9B33 : 131313;
    9B34 : 0E0E0E;
    9B35 : 0B0B0B;
    9B36 : 090909;
    9B37 : 020202;
    9B38 : 151515;
    9B39 : 000000;
    9B3A : 7D7D7D;
    9B3B : FFFFFF;
    9B3C : E1E1E1;
    9B3D : F3F3F3;
    9B3E : F7F7F7;
    9B3F : EDEDED;
    9B40 : F2F2F2;
    9B41 : F2F2F2;
    9B42 : F2F2F2;
    9B43 : F2F2F2;
    9B44 : F2F2F2;
    9B45 : F2F2F2;
    9B46 : F2F2F2;
    9B47 : F2F2F2;
    9B48 : F2F2F2;
    9B49 : F2F2F2;
    9B4A : F2F2F2;
    9B4B : F2F2F2;
    9B4C : F2F2F2;
    9B4D : F2F2F2;
    9B4E : F2F2F2;
    9B4F : F2F2F2;
    9B50 : F2F2F2;
    9B51 : F2F2F2;
    9B52 : F2F2F2;
    9B53 : F2F2F2;
    9B54 : F2F2F2;
    9B55 : F2F2F2;
    9B56 : F2F2F2;
    9B57 : F2F2F2;
    9B58 : F2F2F2;
    9B59 : F2F2F2;
    9B5A : F2F2F2;
    9B5B : F2F2F2;
    9B5C : F2F2F2;
    9B5D : F2F2F2;
    9B5E : F2F2F2;
    9B5F : F2F2F2;
    9B60 : F2F2F2;
    9B61 : F2F2F2;
    9B62 : F2F2F2;
    9B63 : F2F2F2;
    9B64 : F2F2F2;
    9B65 : F2F2F2;
    9B66 : F2F2F2;
    9B67 : F2F2F2;
    9B68 : F2F2F2;
    9B69 : F2F2F2;
    9B6A : F2F2F2;
    9B6B : F2F2F2;
    9B6C : F2F2F2;
    9B6D : F2F2F2;
    9B6E : F2F2F2;
    9B6F : F2F2F2;
    9B70 : F2F2F2;
    9B71 : F2F2F2;
    9B72 : F2F2F2;
    9B73 : F2F2F2;
    9B74 : F2F2F2;
    9B75 : F2F2F2;
    9B76 : F2F2F2;
    9B77 : F2F2F2;
    9B78 : F2F2F2;
    9B79 : F2F2F2;
    9B7A : F2F2F2;
    9B7B : F2F2F2;
    9B7C : F2F2F2;
    9B7D : F2F2F2;
    9B7E : F2F2F2;
    9B7F : F2F2F2;
    9B80 : F2F2F2;
    9B81 : F2F2F2;
    9B82 : F2F2F2;
    9B83 : F2F2F2;
    9B84 : F2F2F2;
    9B85 : F2F2F2;
    9B86 : F2F2F2;
    9B87 : F2F2F2;
    9B88 : F2F2F2;
    9B89 : F2F2F2;
    9B8A : F2F2F2;
    9B8B : F2F2F2;
    9B8C : F2F2F2;
    9B8D : F2F2F2;
    9B8E : F2F2F2;
    9B8F : F2F2F2;
    9B90 : F2F2F2;
    9B91 : F2F2F2;
    9B92 : F2F2F2;
    9B93 : F2F2F2;
    9B94 : F2F2F2;
    9B95 : F2F2F2;
    9B96 : F2F2F2;
    9B97 : F2F2F2;
    9B98 : F2F2F2;
    9B99 : F2F2F2;
    9B9A : F2F2F2;
    9B9B : F2F2F2;
    9B9C : F2F2F2;
    9B9D : F2F2F2;
    9B9E : F2F2F2;
    9B9F : F2F2F2;
    9BA0 : F2F2F2;
    9BA1 : F2F2F2;
    9BA2 : F2F2F2;
    9BA3 : F2F2F2;
    9BA4 : F2F2F2;
    9BA5 : F2F2F2;
    9BA6 : F2F2F2;
    9BA7 : F2F2F2;
    9BA8 : F0F0F0;
    9BA9 : F6F6F6;
    9BAA : F5F5F5;
    9BAB : F3F3F3;
    9BAC : F4F4F4;
    9BAD : F6F6F6;
    9BAE : 525252;
    9BAF : 000000;
    9BB0 : 080808;
    9BB1 : 121212;
    9BB2 : 000000;
    9BB3 : 0A0A0A;
    9BB4 : 0B0B0B;
    9BB5 : 0B0B0B;
    9BB6 : 040404;
    9BB7 : 000000;
    9BB8 : 050505;
    9BB9 : 0B0B0B;
    9BBA : 080808;
    9BBB : 070707;
    9BBC : 0B0B0B;
    9BBD : 050505;
    9BBE : 020202;
    9BBF : 0E0E0E;
    9BC0 : 040404;
    9BC1 : 000000;
    9BC2 : 010101;
    9BC3 : 161616;
    9BC4 : 020202;
    9BC5 : 040404;
    9BC6 : 121212;
    9BC7 : 020202;
    9BC8 : 131313;
    9BC9 : 1F1F1F;
    9BCA : 393939;
    9BCB : 262626;
    9BCC : 2A2A2A;
    9BCD : 141414;
    9BCE : 050505;
    9BCF : 080808;
    9BD0 : 060606;
    9BD1 : 060606;
    9BD2 : 060606;
    9BD3 : 060606;
    9BD4 : 060606;
    9BD5 : 060606;
    9BD6 : 060606;
    9BD7 : 060606;
    9BD8 : 010101;
    9BD9 : 010101;
    9BDA : 050505;
    9BDB : 101010;
    9BDC : 000000;
    9BDD : 020202;
    9BDE : 1E1E1E;
    9BDF : 000000;
    9BE0 : 040404;
    9BE1 : 101010;
    9BE2 : 000000;
    9BE3 : 0E0E0E;
    9BE4 : 0C0C0C;
    9BE5 : 070707;
    9BE6 : 030303;
    9BE7 : 070707;
    9BE8 : 080808;
    9BE9 : 000000;
    9BEA : 060606;
    9BEB : 0E0E0E;
    9BEC : 070707;
    9BED : 020202;
    9BEE : 090909;
    9BEF : 0D0D0D;
    9BF0 : 000000;
    9BF1 : 101010;
    9BF2 : 0D0D0D;
    9BF3 : 000000;
    9BF4 : 131313;
    9BF5 : 020202;
    9BF6 : 010101;
    9BF7 : 131313;
    9BF8 : 050505;
    9BF9 : 0D0D0D;
    9BFA : 050505;
    9BFB : 010101;
    9BFC : 0D0D0D;
    9BFD : 0A0A0A;
    9BFE : 030303;
    9BFF : 0C0C0C;
    9C00 : 0B0B0B;
    9C01 : 030303;
    9C02 : 818181;
    9C03 : F3F3F3;
    9C04 : EFEFEF;
    9C05 : F9F9F9;
    9C06 : E5E5E5;
    9C07 : F4F4F4;
    9C08 : F2F2F2;
    9C09 : F2F2F2;
    9C0A : F2F2F2;
    9C0B : F2F2F2;
    9C0C : F2F2F2;
    9C0D : F2F2F2;
    9C0E : F2F2F2;
    9C0F : F2F2F2;
    9C10 : F2F2F2;
    9C11 : F2F2F2;
    9C12 : F2F2F2;
    9C13 : F2F2F2;
    9C14 : F2F2F2;
    9C15 : F2F2F2;
    9C16 : F2F2F2;
    9C17 : F2F2F2;
    9C18 : F2F2F2;
    9C19 : F2F2F2;
    9C1A : F2F2F2;
    9C1B : F2F2F2;
    9C1C : F2F2F2;
    9C1D : F2F2F2;
    9C1E : F2F2F2;
    9C1F : F2F2F2;
    9C20 : F2F2F2;
    9C21 : F2F2F2;
    9C22 : F2F2F2;
    9C23 : F2F2F2;
    9C24 : F2F2F2;
    9C25 : F2F2F2;
    9C26 : F2F2F2;
    9C27 : F2F2F2;
    9C28 : F2F2F2;
    9C29 : F2F2F2;
    9C2A : F2F2F2;
    9C2B : F2F2F2;
    9C2C : F2F2F2;
    9C2D : F2F2F2;
    9C2E : F2F2F2;
    9C2F : F2F2F2;
    9C30 : F2F2F2;
    9C31 : F2F2F2;
    9C32 : F2F2F2;
    9C33 : F2F2F2;
    9C34 : F2F2F2;
    9C35 : F2F2F2;
    9C36 : F2F2F2;
    9C37 : F2F2F2;
    9C38 : F2F2F2;
    9C39 : F2F2F2;
    9C3A : F2F2F2;
    9C3B : F2F2F2;
    9C3C : F2F2F2;
    9C3D : F2F2F2;
    9C3E : F2F2F2;
    9C3F : F2F2F2;
END;
